Timestamp,User Count,Type,Name,Requests/s,Failures/s,50%,66%,75%,80%,90%,95%,98%,99%,99.9%,99.99%,100%,Total Request Count,Total Failure Count,Total Median Response Time,Total Average Response Time,Total Min Response Time,Total Max Response Time,Total Average Content Size
1781270482,0,,Aggregated,0.000000,0.000000,N/A,N/A,N/A,N/A,N/A,N/A,N/A,N/A,N/A,N/A,N/A,0,0,0,0.0,0,0,0
1781270483,100,,Aggregated,0.000000,0.000000,500,600,690,690,720,770,780,790,790,790,790,53,0,500,529.4730886792267,310.34180000278866,788.766099998611,3623.490566037736
1781270484,200,,Aggregated,0.000000,0.000000,600,710,780,990,1000,1100,1100,1100,1100,1100,1100,205,0,600,648.9344034147684,82.09509999869624,1134.0038999987883,4313.717073170732
1781270485,300,,Aggregated,21.000000,0.000000,540,670,740,790,1000,1100,1100,1100,1100,1100,1100,337,0,540,566.9317014838565,54.200399994442705,1134.0038999987883,4164.293768545994
1781270486,400,,Aggregated,71.000000,0.000000,480,620,710,750,990,1100,1100,1100,1100,1100,1100,458,0,480,527.9294709608704,53.9234999960172,1134.0038999987883,4162.923580786026
1781270487,600,,Aggregated,83.333333,0.000000,530,700,810,900,1100,1400,1700,1900,2100,2100,2100,596,0,530,620.9987221478123,53.9234999960172,2116.6920000032405,4179.196308724832
1781270488,700,,Aggregated,103.750000,0.000000,620,830,1100,1100,1700,2100,2400,2600,3200,3200,3200,730,0,620,784.8312008220141,53.9234999960172,3152.801799995359,4181.2013698630135
1781270489,800,,Aggregated,104.800000,0.000000,760,1100,1400,1600,2200,2500,3100,3200,3500,3500,3500,897,0,760,1003.0961846154886,53.9234999960172,3536.7809000017587,4200.360089186176
1781270490,900,,Aggregated,107.166667,0.000000,990,1400,1800,2100,2500,3000,3300,3500,4200,4300,4300,1046,0,990,1200.6675585087073,53.9234999960172,4309.847399999853,4208.2476099426385
1781270491,1000,,Aggregated,109.857143,0.000000,1100,1700,2100,2300,2900,3300,3900,4200,4800,4900,4900,1205,0,1100,1402.017854771913,53.9234999960172,4864.578900000197,4189.3327800829875
1781270493,1000,,Aggregated,120.000000,0.000000,1300,2100,2400,2600,3200,3700,4300,4600,5400,5500,5500,1329,0,1300,1572.970100602076,53.9234999960172,5461.067399999592,4146.305492851769
1781270494,1000,,Aggregated,120.700000,0.000000,1500,2300,2700,3000,3700,4300,4700,5400,6800,6900,6900,1467,0,1500,1801.6699944786342,53.9234999960172,6913.001100001566,4173.263122017724
1781270495,1000,,Aggregated,128.400000,0.000000,1900,2800,3300,3500,4300,4700,5600,6300,6900,7000,7000,1690,0,1900,2130.8919237870673,53.9234999960172,7022.76709999569,4171.6443786982245
1781270497,1000,,Aggregated,131.100000,0.000000,2200,3200,3700,4100,4700,5400,6000,6400,7000,7000,7000,1890,0,2200,2415.5935318518964,53.9234999960172,7022.76709999569,4142.219576719577
1781270498,1000,,Aggregated,132.000000,0.000000,2400,3400,4100,4400,5200,6100,6700,7100,8000,8200,8200,2016,0,2400,2630.3327196924893,53.9234999960172,8159.8832000017865,4144.630456349207
1781270500,1000,,Aggregated,128.200000,0.000000,2900,3900,4500,4800,5800,6600,7300,7700,8600,9200,9200,2270,0,2900,2968.5797141850435,53.9234999960172,9151.767799994559,4154.215859030837
1781270501,1000,,Aggregated,124.700000,0.000000,3100,4200,4700,5000,5900,6600,7400,7700,9100,9200,9200,2443,0,3100,3110.2446760131297,53.9234999960172,9170.92550000234,4140.45886205485
1781270502,1000,,Aggregated,134.500000,0.000000,3300,4200,4700,5100,6100,6700,7600,7900,9100,9200,9200,2684,0,3300,3238.3124715350637,53.9234999960172,9170.92550000234,4129.2078986587185
1781270504,1000,,Aggregated,134.300000,0.000000,3300,4200,4700,5000,6000,6700,7400,7900,9100,9200,9200,2894,0,3300,3285.7969085003606,53.9234999960172,9170.92550000234,4088.865583966828
1781270506,1000,,Aggregated,148.700000,0.000000,3400,4300,4700,5100,6100,6700,7400,7800,8800,9200,9200,3031,0,3400,3349.754897789528,53.9234999960172,9170.92550000234,4071.0247443088087
1781270507,1000,,Aggregated,134.400000,0.000000,3600,4400,4800,5100,6100,6800,7500,7800,8800,9200,9200,3350,0,3600,3467.4731865671693,53.9234999960172,9170.92550000234,4053.7567164179104
1781270508,1000,,Aggregated,129.600000,0.000000,3600,4400,4900,5200,6100,6700,7400,7800,8800,9200,9200,3508,0,3600,3488.9225037628494,53.9234999960172,9170.92550000234,4048.177023945268
1781270509,1000,,Aggregated,146.900000,0.000000,3600,4400,4900,5200,6100,6700,7400,7800,8800,9200,9200,3653,0,3600,3517.077888283619,53.9234999960172,9170.92550000234,4059.309608540925
1781270511,1000,,Aggregated,157.800000,0.000000,3700,4500,4900,5300,6200,6800,7500,7800,9000,9200,9200,3780,0,3700,3581.115873439171,53.9234999960172,9170.92550000234,4081.3373015873017
1781270512,1000,,Aggregated,139.900000,0.000000,3900,4500,5100,5400,6300,6900,7600,8000,9200,9700,9700,4096,0,3900,3701.1227550781464,53.9234999960172,9668.175400001928,4091.344970703125
1781270513,1000,,Aggregated,130.900000,0.000000,3900,4500,5000,5300,6300,6900,7600,7900,9200,9700,9700,4312,0,3900,3707.372772170712,53.9234999960172,9668.175400001928,4103.9206864564
1781270514,1000,,Aggregated,123.000000,0.000000,3900,4600,5000,5300,6300,6900,7600,7900,9200,9700,9700,4481,0,3900,3719.7030047534236,53.9234999960172,9668.175400001928,4114.187681321134
1781270516,1000,,Aggregated,148.200000,0.000000,3900,4600,5000,5300,6200,6800,7500,7900,9200,9700,9700,4643,0,3900,3717.4452435063713,53.9234999960172,9668.175400001928,4090.600904587551
1781270517,1000,,Aggregated,158.700000,0.000000,3800,4600,5000,5300,6200,6800,7500,7900,9200,9700,9700,4795,0,3800,3713.3839315537234,53.9234999960172,9668.175400001928,4082.030448383733
1781270518,1000,,Aggregated,158.400000,0.000000,3800,4600,5000,5300,6200,6800,7500,7900,9200,9700,9700,4906,0,3800,3725.8471372809136,53.9234999960172,9668.175400001928,4072.9783938035057
1781270519,1000,,Aggregated,145.500000,0.000000,3800,4600,5000,5200,6200,6900,7500,7800,9100,9700,9700,5147,0,3800,3754.616182824967,53.9234999960172,9668.175400001928,4067.33553526326
1781270520,1000,,Aggregated,138.000000,0.000000,3800,4600,5000,5200,6200,6800,7500,7800,9100,9700,9700,5297,0,3800,3768.0252722107184,53.9234999960172,9668.175400001928,4053.524447800642
1781270521,1000,,Aggregated,143.700000,0.000000,3800,4600,5000,5300,6200,6800,7500,7800,9100,9700,9700,5463,0,3800,3789.3873777228955,53.9234999960172,9668.175400001928,4048.573494416987
1781270522,1000,,Aggregated,156.600000,0.000000,3800,4700,5100,5300,6200,6800,7500,7800,9100,9700,9700,5608,0,3800,3811.4928355207194,53.9234999960172,9668.175400001928,4051.0957560627676
1781270523,1000,,Aggregated,166.400000,0.000000,3800,4700,5100,5400,6200,6900,7500,7800,9100,9700,9700,5770,0,3800,3836.159732720997,53.9234999960172,9668.175400001928,4044.8159445407277
1781270524,1000,,Aggregated,172.800000,0.000000,3800,4700,5100,5400,6200,6900,7600,7900,9100,9700,9700,5926,0,3800,3860.4014929970012,53.9234999960172,9668.175400001928,4044.5690178872765
1781270526,1000,,Aggregated,146.900000,0.000000,3800,4700,5200,5400,6200,6900,7600,8000,9100,9700,9700,6083,0,3800,3880.5823456025405,53.9234999960172,9668.175400001928,4048.808811441723
1781270527,1000,,Aggregated,147.100000,0.000000,3800,4700,5200,5400,6100,6900,7700,8000,9100,9700,9700,6251,0,3800,3897.1823858583166,53.9234999960172,9668.175400001928,4045.894096944489
1781270528,1000,,Aggregated,146.800000,0.000000,3800,4700,5200,5400,6100,6900,7700,8000,9100,9700,9700,6418,0,3800,3908.519862651955,53.9234999960172,9668.175400001928,4047.8727017762544
1781270529,1000,,Aggregated,146.600000,0.000000,3800,4700,5200,5500,6200,6900,7700,8000,9100,9700,9700,6564,0,3800,3925.5196876752307,53.9234999960172,9668.175400001928,4043.9815661182206
1781270530,1000,,Aggregated,153.200000,0.000000,3800,4700,5200,5500,6200,6900,7700,8000,9100,9700,9700,6730,0,3800,3945.4580084398476,53.9234999960172,9668.175400001928,4052.5968796433876
1781270531,1000,,Aggregated,153.100000,0.000000,3800,4700,5300,5500,6200,6900,7700,8000,9100,9700,9700,6885,0,3800,3956.6904653740253,53.9234999960172,9668.175400001928,4050.065068990559
1781270532,1000,,Aggregated,148.000000,0.000000,3800,4800,5300,5500,6200,6900,7800,8100,9000,9700,9700,7061,0,3800,3973.3099217249933,53.9234999960172,9668.175400001928,4041.4330831327006
1781270535,1000,,Aggregated,139.400000,0.000000,3800,4900,5400,5600,6200,7000,7900,8200,9300,11000,11000,7231,0,3800,4036.114747559149,53.9234999960172,10601.944699999876,4040.140506154059
1781270537,1000,,Aggregated,115.300000,0.000000,3900,4900,5400,5700,6300,7400,8100,8600,11000,12000,12000,7317,0,3900,4093.146455172922,53.9234999960172,12104.184000003443,4040.083094164275
1781270540,1000,,Aggregated,90.500000,0.000000,4000,5000,5500,5800,6900,8200,9100,11000,13000,14000,14000,7573,0,4000,4279.093128826124,53.9234999960172,13655.303799998364,4057.043443813548
1781270542,1000,,Aggregated,81.600000,0.000000,4000,5100,5600,5900,7200,8700,9800,11000,13000,14000,14000,7829,0,4000,4335.937964682616,53.9234999960172,13655.303799998364,4059.8184953378463
1781270544,1000,,Aggregated,82.800000,0.000000,4100,5200,5700,6100,7900,8900,10000,11000,13000,14000,14000,8085,0,4100,4467.284735992608,53.9234999960172,13655.303799998364,4065.634508348794
1781270546,1000,,Aggregated,85.400000,0.000000,4200,5200,5800,6100,8100,9000,11000,12000,14000,14000,14000,8341,0,4200,4556.883686932044,53.9234999960172,14110.57730000175,4065.3416856492026
1781270550,1000,,Aggregated,109.500000,0.000000,4300,5300,5800,6200,8100,9100,11000,12000,14000,14000,14000,8597,0,4300,4637.373430650242,53.9234999960172,14110.57730000175,4077.650692101896
1781270552,1000,,Aggregated,96.600000,0.000000,4400,5400,6000,6300,8100,9000,11000,12000,14000,14000,14000,8853,0,4400,4695.705705421905,53.9234999960172,14110.57730000175,4078.955269400203
1781270554,1000,,Aggregated,103.900000,0.000000,4400,5400,6000,6400,8100,9000,11000,12000,14000,14000,14000,9109,0,4400,4723.052878965871,53.9234999960172,14110.57730000175,4073.2550225052146
1781270555,1000,,Aggregated,107.000000,0.000000,4400,5300,5900,6300,8000,9000,11000,12000,14000,14000,14000,9616,0,4400,4682.285213331957,53.9234999960172,14110.57730000175,4068.713186356073
1781270556,1000,,Aggregated,115.200000,0.000000,4300,5300,5900,6300,7900,8900,11000,12000,14000,14000,14000,9900,0,4300,4608.1323789091,53.9234999960172,14110.57730000175,4068.6020202020204
1781270559,1000,,Aggregated,155.900000,0.000000,4300,5300,5900,6300,7900,8900,11000,12000,14000,14000,14000,9921,0,4300,4602.468660376988,53.9234999960172,14110.57730000175,4072.928132244733
1781270560,1000,,Aggregated,150.100000,0.000000,4300,5300,5900,6300,7900,8900,11000,12000,14000,14000,14000,9965,0,4300,4605.001579769206,53.9234999960172,14110.57730000175,4074.1042649272454
1781270562,1000,,Aggregated,139.300000,0.000000,4400,5200,5800,6200,7800,8900,11000,12000,14000,14000,14000,10544,0,4400,4585.734878072853,53.9234999960172,14110.57730000175,4075.3710166919577
1781270563,1000,,Aggregated,138.100000,0.000000,4300,5200,5700,6200,7800,8900,11000,12000,14000,14000,14000,10701,0,4300,4567.958571488665,53.9234999960172,14110.57730000175,4075.7365666760115
1781270565,1000,,Aggregated,167.700000,0.000000,4300,5100,5700,6100,7700,8900,11000,12000,14000,14000,14000,10824,0,4300,4562.575479767204,53.9234999960172,14110.57730000175,4085.032982261641
1781270566,1000,,Aggregated,159.200000,0.000000,4300,5100,5700,6100,7700,8800,11000,12000,14000,14000,14000,11069,0,4300,4561.192125630155,53.9234999960172,14110.57730000175,4082.524437618574
1781270567,1000,,Aggregated,145.100000,0.000000,4300,5100,5700,6100,7600,8800,11000,12000,14000,14000,14000,11459,0,4300,4518.506221354408,53.9234999960172,14110.57730000175,4072.8390784536173
1781270569,1000,,Aggregated,128.700000,0.000000,4200,5100,5700,6100,7600,8800,11000,12000,14000,14000,14000,11591,0,4200,4506.098730575453,53.9234999960172,14110.57730000175,4071.9471141402814
1781270571,1000,,Aggregated,162.400000,0.000000,4200,5100,5700,6100,7600,8700,11000,12000,14000,14000,14000,11716,0,4200,4507.223349692736,53.9234999960172,14110.57730000175,4072.788579720041
1781270572,1000,,Aggregated,167.000000,0.000000,4200,5100,5700,6100,7400,8700,11000,12000,14000,14000,14000,12070,0,4200,4507.088529544327,53.9234999960172,14110.57730000175,4076.5493786246893
1781270574,1000,,Aggregated,120.200000,0.000000,4200,5100,5600,6000,7400,8700,10000,12000,14000,14000,14000,12302,0,4200,4488.074288912374,53.9234999960172,14110.57730000175,4083.2224841489187
1781270576,1000,,Aggregated,157.500000,0.000000,4200,5000,5600,6000,7400,8700,10000,12000,14000,14000,14000,12469,0,4200,4487.841027588422,53.9234999960172,14110.57730000175,4089.927339802711
1781270577,1000,,Aggregated,152.300000,0.000000,4200,5100,5700,6000,7300,8600,10000,12000,14000,14000,14000,12701,0,4200,4494.449315927874,53.9234999960172,14110.57730000175,4092.8247382095897
1781270578,1000,,Aggregated,149.300000,0.000000,4200,5000,5600,6000,7300,8600,10000,12000,14000,14000,14000,12925,0,4200,4483.911814158594,53.9234999960172,14110.57730000175,4091.684410058027
1781270580,1000,,Aggregated,126.800000,0.000000,4200,5000,5600,6000,7200,8600,10000,12000,14000,14000,14000,13122,0,4200,4472.768502728231,53.9234999960172,14110.57730000175,4095.810623380582
1781270582,1000,,Aggregated,147.900000,0.000000,4200,5000,5600,6000,7200,8600,10000,12000,14000,14000,14000,13217,0,4200,4478.714950397204,53.9234999960172,14110.57730000175,4092.742528561701
1781270584,1000,,Aggregated,144.300000,0.000000,4200,5100,5600,6000,7300,8600,10000,12000,14000,14000,14000,13397,0,4200,4499.772917906986,53.9234999960172,14110.57730000175,4087.267447936105
1781270585,1000,,Aggregated,116.900000,0.000000,4300,5100,5700,6100,7400,8600,10000,12000,14000,14000,14000,13715,0,4300,4533.867951950411,53.9234999960172,14110.57730000175,4083.5120670798397
1781270587,1000,,Aggregated,116.000000,0.000000,4300,5100,5700,6100,7400,8600,10000,12000,14000,14000,14000,13829,0,4300,4547.227252925003,53.9234999960172,14110.57730000175,4085.0377467640465
1781270589,1000,,Aggregated,129.900000,0.000000,4400,5200,5800,6100,7600,8600,10000,12000,14000,14000,14000,14151,0,4400,4582.316008571818,53.9234999960172,14110.57730000175,4093.794643488093
1781270590,1000,,Aggregated,107.900000,0.000000,4300,5100,5700,6100,7600,8600,10000,12000,14000,14000,14000,14598,0,4300,4544.809238176445,53.9234999960172,14110.57730000175,4099.51952322236
1781270592,1000,,Aggregated,109.300000,0.000000,4300,5100,5700,6100,7500,8600,10000,11000,14000,14000,14000,14719,0,4300,4526.544631469511,53.9234999960172,14110.57730000175,4101.294653169373
1781270593,1000,,Aggregated,148.800000,0.000000,4300,5100,5700,6100,7500,8600,10000,11000,14000,14000,14000,14868,0,4300,4516.168873789327,53.9234999960172,14110.57730000175,4101.045870325532
1781270594,1000,,Aggregated,156.000000,0.000000,4200,5100,5700,6100,7400,8600,9900,11000,13000,14000,14000,15147,0,4200,4481.814037915076,53.9234999960172,14110.57730000175,4097.269162210338
1781270595,1000,,Aggregated,149.100000,0.000000,4200,5100,5600,6000,7400,8600,9900,11000,13000,14000,14000,15268,0,4200,4467.569233062585,53.9234999960172,14110.57730000175,4095.915968037726
1781270596,1000,,Aggregated,177.500000,0.000000,4200,5000,5600,6000,7400,8500,9900,11000,13000,14000,14000,15416,0,4200,4459.265333205725,53.9234999960172,14110.57730000175,4096.160417747795
1781270597,1000,,Aggregated,170.600000,0.000000,4200,5000,5600,6000,7400,8500,9900,11000,13000,14000,14000,15548,0,4200,4455.850598810096,53.9234999960172,14110.57730000175,4094.393040905583
1781270598,1000,,Aggregated,162.900000,0.000000,4200,5000,5600,6000,7400,8500,9900,11000,13000,14000,14000,15706,0,4200,4454.176259295775,53.9234999960172,14110.57730000175,4093.424742136763
1781270599,1000,,Aggregated,171.000000,0.000000,4200,5000,5600,6000,7300,8500,9800,11000,13000,14000,14000,15854,0,4200,4456.732576088027,53.9234999960172,14110.57730000175,4094.8357512299735
1781270600,1000,,Aggregated,179.500000,0.000000,4200,5000,5600,6000,7300,8500,9800,11000,13000,14000,14000,16014,0,4200,4459.7412587111,53.9234999960172,14110.57730000175,4098.967903084801
1781270601,1000,,Aggregated,169.500000,0.000000,4200,5000,5600,6000,7300,8500,9800,11000,13000,14000,14000,16160,0,4200,4462.783533186861,53.9234999960172,14110.57730000175,4098.938118811881
1781270602,1000,,Aggregated,136.100000,0.000000,4200,5100,5600,6000,7300,8500,9800,11000,13000,14000,14000,16321,0,4200,4467.927633417047,53.9234999960172,14110.57730000175,4101.928251945346
1781270603,1000,,Aggregated,140.600000,0.000000,4200,5100,5700,6000,7300,8500,9800,11000,13000,14000,14000,16466,0,4200,4471.649900024266,53.9234999960172,14110.57730000175,4104.391230414187
1781270604,1000,,Aggregated,147.200000,0.000000,4200,5100,5700,6000,7300,8400,9700,11000,13000,14000,14000,16599,0,4200,4474.172295469585,53.9234999960172,14110.57730000175,4104.896560033737
1781270605,1000,,Aggregated,156.400000,0.000000,4200,5100,5700,6000,7300,8400,9700,11000,13000,14000,14000,16744,0,4200,4477.899612058028,53.9234999960172,14110.57730000175,4105.580148112756
1781270606,1000,,Aggregated,142.900000,0.000000,4200,5100,5700,6000,7300,8400,9700,11000,13000,14000,14000,16879,0,4200,4481.32097973219,53.9234999960172,14110.57730000175,4104.83488358315
1781270607,1000,,Aggregated,140.500000,0.000000,4200,5100,5700,6000,7300,8400,9600,11000,13000,14000,14000,17029,0,4200,4484.399747882998,53.9234999960172,14110.57730000175,4106.3401843913325
1781270608,1000,,Aggregated,140.800000,0.000000,4200,5100,5700,6000,7300,8400,9600,11000,13000,14000,14000,17144,0,4200,4489.670500431609,53.9234999960172,14110.57730000175,4108.36905039664
1781270609,1000,,Aggregated,143.000000,0.000000,4200,5100,5700,6000,7200,8400,9600,11000,13000,14000,14000,17309,0,4200,4497.299965763444,53.9234999960172,14110.57730000175,4108.699462707262
1781270610,1000,,Aggregated,142.100000,0.000000,4200,5100,5700,6100,7200,8400,9600,11000,13000,14000,14000,17469,0,4200,4502.32196989521,53.9234999960172,14110.57730000175,4110.054897246551
1781270611,1000,,Aggregated,140.700000,0.000000,4200,5100,5700,6100,7200,8400,9500,11000,13000,14000,14000,17624,0,4200,4507.871535326794,53.9234999960172,14110.57730000175,4113.852303676805
1781270612,1000,,Aggregated,143.300000,0.000000,4200,5100,5800,6100,7200,8400,9500,11000,13000,14000,14000,17785,0,4200,4510.840112667951,53.9234999960172,14110.57730000175,4110.228507168963
1781270613,1000,,Aggregated,143.600000,0.000000,4200,5100,5800,6100,7200,8400,9500,11000,13000,14000,14000,17914,0,4200,4515.095878843332,53.9234999960172,14110.57730000175,4113.36496594842
1781270615,1000,,Aggregated,143.900000,0.000000,4200,5100,5800,6100,7200,8400,9500,11000,13000,14000,14000,18038,0,4200,4517.091536400902,53.9234999960172,14110.57730000175,4115.533540303803
1781270616,1000,,Aggregated,141.400000,0.000000,4200,5100,5800,6100,7200,8400,9500,11000,13000,14000,14000,18181,0,4200,4519.955130097326,53.9234999960172,14110.57730000175,4114.74335845113
1781270617,1000,,Aggregated,142.000000,0.000000,4200,5100,5800,6100,7200,8400,9500,11000,13000,14000,14000,18323,0,4200,4525.816894536898,53.9234999960172,14110.57730000175,4114.926977023413
1781270618,1000,,Aggregated,142.000000,0.000000,4200,5200,5800,6100,7200,8400,9500,11000,13000,14000,14000,18455,0,4200,4530.104531671605,53.9234999960172,14110.57730000175,4115.847900298022
1781270619,1000,,Aggregated,140.800000,0.000000,4200,5200,5800,6100,7200,8400,9400,11000,13000,14000,14000,18620,0,4200,4534.980992137462,53.9234999960172,14110.57730000175,4114.183029001074
1781270620,1000,,Aggregated,139.900000,0.000000,4200,5200,5800,6100,7200,8400,9400,11000,13000,14000,14000,18771,0,4200,4540.091128432127,53.9234999960172,14110.57730000175,4112.272707900484
1781270621,1000,,Aggregated,142.900000,0.000000,4200,5200,5800,6100,7200,8400,9400,11000,13000,14000,14000,18896,0,4200,4543.088611166361,53.9234999960172,14110.57730000175,4112.489362828112
1781270622,1000,,Aggregated,143.300000,0.000000,4200,5200,5800,6100,7200,8400,9400,11000,13000,14000,14000,19035,0,4200,4547.267349030711,53.9234999960172,14110.57730000175,4114.136065143158
1781270623,1000,,Aggregated,139.300000,0.000000,4200,5200,5900,6100,7200,8400,9400,11000,13000,14000,14000,19170,0,4200,4557.189498059443,53.9234999960172,14110.57730000175,4113.297600417319
1781270624,1000,,Aggregated,136.000000,0.000000,4200,5200,5900,6100,7200,8400,9400,11000,13000,14000,14000,19353,0,4200,4568.927812514827,53.9234999960172,14110.57730000175,4115.943057923836
1781270625,1000,,Aggregated,128.100000,0.000000,4200,5200,5900,6100,7200,8400,9400,11000,13000,14000,14000,19498,0,4200,4577.035258723946,53.9234999960172,14110.57730000175,4114.063852702841
1781270626,1000,,Aggregated,127.800000,0.000000,4200,5200,5900,6100,7200,8400,9400,11000,13000,14000,14000,19644,0,4200,4582.501192486229,53.9234999960172,14110.57730000175,4114.838882101405
1781270627,1000,,Aggregated,133.800000,0.000000,4200,5200,5900,6100,7200,8400,9400,11000,13000,14000,14000,19777,0,4200,4586.988832477094,53.9234999960172,14110.57730000175,4115.583000455074
1781270628,1000,,Aggregated,133.900000,0.000000,4200,5200,5900,6100,7200,8400,9400,11000,13000,14000,14000,19932,0,4200,4591.19550383301,53.9234999960172,14110.57730000175,4116.492875777644
1781270629,1000,,Aggregated,133.900000,0.000000,4200,5200,5900,6100,7200,8400,9400,11000,13000,14000,14000,20085,0,4200,4590.051345894921,53.9234999960172,14110.57730000175,4118.704904157331
1781270630,1000,,Aggregated,135.100000,0.000000,4200,5200,5900,6100,7200,8400,9400,11000,13000,14000,14000,20223,0,4200,4585.809755540691,53.9234999960172,14110.57730000175,4123.464619492657
1781270631,1000,,Aggregated,135.900000,0.000000,4200,5200,5900,6100,7200,8400,9400,11000,13000,14000,14000,20407,0,4200,4573.297201372046,53.9234999960172,14110.57730000175,4124.248248150145
1781270633,1000,,Aggregated,135.700000,0.000000,4200,5200,5900,6100,7200,8400,9400,11000,13000,14000,14000,20614,0,4200,4551.425178427253,45.84720000275411,14110.57730000175,4124.547152420685
1781270635,1000,,Aggregated,153.400000,0.000000,4200,5200,5900,6100,7100,8400,9400,11000,13000,14000,14000,20744,0,4200,4528.305550414547,45.84720000275411,14110.57730000175,4125.8843521018125
1781270636,1000,,Aggregated,144.600000,0.000000,4200,5200,5900,6100,7100,8400,9400,11000,13000,14000,14000,20870,0,4200,4504.178916712955,45.84720000275411,14110.57730000175,4127.441782462865
1781270637,1000,,Aggregated,135.100000,0.000000,4200,5200,5900,6100,7100,8400,9300,11000,13000,14000,14000,20903,0,4200,4497.177728517408,41.018399999302346,14110.57730000175,4128.019423049323
1781270638,1000,,Aggregated,127.800000,0.000000,4200,5200,5900,6100,7100,8400,9300,11000,13000,14000,14000,20950,0,4200,4487.2115425298,41.018399999302346,14110.57730000175,4127.978949880669
1781270639,1000,,Aggregated,123.000000,0.000000,4200,5200,5900,6100,7100,8400,9300,11000,13000,14000,14000,20980,0,4200,4480.871508870318,41.018399999302346,14110.57730000175,4126.991992373689
1781270640,1000,,Aggregated,113.200000,0.000000,4100,5200,5900,6100,7100,8400,9300,11000,13000,14000,14000,21005,0,4100,4475.610636576973,41.018399999302346,14110.57730000175,4126.286217567246
1781270641,1000,,Aggregated,101.500000,0.000000,4100,5200,5900,6100,7100,8400,9300,11000,13000,14000,14000,21023,0,4100,4471.825905589084,41.018399999302346,14110.57730000175,4125.500689720782
1781270642,1000,,Aggregated,89.200000,0.000000,4100,5200,5900,6100,7100,8400,9300,11000,13000,14000,14000,21034,0,4100,4469.518085466356,41.018399999302346,14110.57730000175,4125.967195968432
1781270643,1000,,Aggregated,77.500000,0.000000,4100,5200,5900,6100,7100,8400,9400,11000,14000,19000,19000,21052,0,4100,4474.252108616724,41.018399999302346,18916.67599999346,4126.257030210906
1781270644,1000,,Aggregated,60.700000,0.000000,4100,5200,5900,6100,7100,8400,9400,11000,14000,19000,19000,21070,0,4100,4480.188815196929,41.018399999302346,19425.848799997766,4126.310631229236
1781270645,1000,,Aggregated,43.900000,0.000000,4100,5200,5900,6100,7100,8400,9400,11000,19000,19000,20000,21090,0,4100,4487.75207342339,41.018399999302346,20421.772699999565,4125.8258890469415
1781270646,1000,,Aggregated,42.200000,0.000000,4100,5200,5900,6100,7200,8400,9500,11000,19000,20000,20000,21112,0,4100,4491.189345661202,41.018399999302346,20421.772699999565,4125.673503220917
1781270647,1000,,Aggregated,35.000000,0.000000,4100,5200,5900,6100,7200,8500,9500,11000,20000,21000,21000,21137,0,4100,4501.258727889451,41.018399999302346,21278.179300003103,4125.186876094053
1781270648,1000,,Aggregated,31.400000,0.000000,4100,5200,5900,6100,7200,8500,9600,12000,21000,22000,22000,21163,0,4100,4510.589784487042,41.018399999302346,22237.845300005574,4123.794027311817
1781270649,1000,,Aggregated,23.500000,0.000000,4100,5200,5900,6100,7200,8500,9700,12000,21000,22000,23000,21187,0,4100,4518.395449317944,41.018399999302346,22540.79020000063,4123.397979893331
1781270650,1000,,Aggregated,22.200000,0.000000,4100,5200,5900,6100,7200,8500,9800,12000,22000,23000,23000,21217,0,4100,4527.7222553848005,41.018399999302346,23478.000499999325,4123.643210632983
1781270651,1000,,Aggregated,20.300000,0.000000,4100,5200,5900,6100,7200,8500,9900,12000,22000,24000,25000,21237,0,4100,4532.378431647563,41.018399999302346,24671.075099999143,4123.771295380703
1781270652,1000,,Aggregated,21.600000,0.000000,4100,5200,5900,6100,7200,8500,9900,12000,23000,26000,27000,21256,0,4100,4536.652910204146,40.47800000262214,27312.26869999955,4125.2566334211515
1781270653,1000,,Aggregated,20.600000,0.000000,4100,5200,5900,6100,7300,8500,10000,12000,24000,27000,28000,21284,0,4100,4551.368480985686,40.47800000262214,27763.557599995693,4126.419845893629
1781270654,1000,,Aggregated,21.300000,0.000000,4100,5200,5900,6100,7300,8600,10000,13000,26000,29000,29000,21314,0,4100,4568.914009679053,40.47800000262214,29362.509300000966,4124.207563104063
1781270655,1000,,Aggregated,22.500000,0.000000,4100,5200,5900,6100,7300,8600,11000,13000,27000,30000,31000,21353,0,4100,4596.098074926209,40.47800000262214,30765.25469999615,4124.60614433569
1781270656,1000,,Aggregated,23.500000,0.000000,4200,5200,5900,6100,7300,8600,11000,14000,28000,30000,31000,21395,0,4200,4618.321777934068,40.47800000262214,30857.733400000143,4126.521009581678
1781270657,1000,,Aggregated,25.100000,0.000000,4200,5200,5900,6200,7400,8600,11000,18000,29000,32000,32000,21441,0,4200,4640.767446751521,39.073400002962444,32235.093999996025,4126.322886059419
1781270658,1000,,Aggregated,26.200000,0.000000,4200,5200,5900,6200,7400,8600,11000,20000,30000,32000,33000,21486,0,4200,4668.634293079185,39.073400002962444,32741.362200002186,4128.822907940054
1781270659,1000,,Aggregated,29.000000,0.000000,4200,5200,5900,6200,7400,8700,11000,21000,31000,34000,35000,21543,0,4200,4695.360660274773,39.073400002962444,35132.442699999956,4128.907116000557
1781270660,1000,,Aggregated,30.500000,0.000000,4200,5200,5900,6200,7400,8700,12000,22000,32000,35000,36000,21608,0,4100,4719.362121353174,39.073400002962444,35593.399400000635,4130.741577193632
1781270661,1000,,Aggregated,32.400000,0.000000,4100,5200,5900,6200,7500,8700,12000,25000,34000,36000,37000,21702,0,4100,4749.297456791974,39.073400002962444,37051.487600001565,4129.274767302552
1781270662,1000,,Aggregated,35.900000,0.000000,4100,5200,5900,6200,7500,8800,13000,26000,34000,36000,37000,21797,0,4100,4764.7456587557635,39.073400002962444,37051.487600001565,4130.414460705601
1781270663,1000,,Aggregated,41.300000,0.000000,4100,5200,5900,6200,7500,8800,13000,27000,34000,37000,37000,21908,0,4100,4775.0251007622455,37.14430000400171,37051.487600001565,4130.519992696732
1781270664,1000,,Aggregated,48.400000,0.000000,4100,5200,5900,6200,7600,8800,13000,28000,35000,37000,38000,22016,0,4100,4784.971111060111,37.14430000400171,38163.06089999853,4127.387945130814
1781270665,1000,,Aggregated,57.200000,0.000000,4100,5200,5900,6200,7600,8900,18000,29000,36000,38000,38000,22164,0,4100,4809.16416503336,37.14430000400171,38163.06089999853,4125.3288666305725
1781270666,1000,,Aggregated,65.000000,0.000000,4100,5200,5900,6200,7600,8900,19000,29000,36000,38000,38000,22305,0,4100,4804.85862116115,37.14430000400171,38163.06089999853,4123.49199731002
1781270667,1000,,Aggregated,73.700000,0.000000,4100,5200,5900,6200,7600,8900,20000,30000,37000,39000,40000,22439,0,4100,4830.522765426241,37.14430000400171,39609.4563000006,4124.203173046927
1781270668,1000,,Aggregated,84.100000,0.000000,4100,5200,5900,6200,7600,8900,22000,31000,38000,40000,40000,22604,0,4100,4850.49569430186,37.14430000400171,40283.98190000007,4125.778667492479
1781270669,1000,,Aggregated,92.200000,0.000000,4100,5100,5900,6200,7600,9000,24000,32000,39000,40000,41000,22811,0,4100,4862.84496954975,37.14430000400171,40738.01430000458,4123.907719959669
1781270670,1000,,Aggregated,102.700000,0.000000,4000,5100,5900,6200,7700,9000,26000,32000,39000,41000,42000,22989,0,4000,4877.6548453955975,37.14430000400171,42352.11379999964,4124.173474270303
1781270671,1000,,Aggregated,115.700000,0.000000,4000,5100,5900,6200,7700,9100,27000,33000,39000,43000,43000,23149,0,4000,4895.665069281586,37.14430000400171,43398.44540000195,4125.052874854206
1781270672,1000,,Aggregated,127.400000,0.000000,4000,5100,5900,6200,7700,9100,28000,34000,40000,43000,44000,23291,0,4000,4913.4206689665225,37.14430000400171,43514.365399998496,4122.7743334335155
1781270673,1000,,Aggregated,139.300000,0.000000,4000,5100,5900,6200,7700,9200,29000,34000,40000,44000,44000,23442,0,4000,4933.388829732929,37.14430000400171,43871.63059999875,4124.816781844553
1781270674,1000,,Aggregated,145.700000,0.000000,4000,5100,5900,6200,7700,9300,29000,35000,42000,46000,46000,23600,0,4000,4967.09647405082,37.14430000400171,46096.5004000027,4122.44656779661
1781270675,1000,,Aggregated,148.700000,0.000000,4000,5100,5900,6200,7700,9300,30000,35000,43000,46000,46000,23780,0,4000,5002.190045925119,37.14430000400171,46099.27329999482,4120.20559293524
1781270676,1000,,Aggregated,153.500000,0.000000,4000,5100,5900,6200,7800,9400,31000,36000,43000,46000,47000,23953,0,4000,5039.728167089687,37.14430000400171,47471.35469999921,4120.328518348432
1781270677,1000,,Aggregated,156.200000,0.000000,4000,5100,5900,6200,7800,9500,31000,36000,44000,46000,47000,24134,0,4000,5056.958529725664,37.14430000400171,47471.35469999921,4122.5621529792
1781270678,1000,,Aggregated,160.200000,0.000000,4000,5100,5900,6200,7800,9600,32000,37000,44000,46000,47000,24307,0,4000,5092.89910017687,37.14430000400171,47471.35469999921,4122.47422553174
1781270679,1000,,Aggregated,164.800000,0.000000,3900,5100,5900,6200,7800,9900,33000,38000,45000,46000,47000,24506,0,3900,5128.721841247002,37.14430000400171,47471.35469999921,4123.455398677875
1781270680,1000,,Aggregated,168.000000,0.000000,3900,5100,5900,6200,7900,10000,33000,38000,45000,46000,47000,24663,0,3900,5162.188465953006,37.14430000400171,47471.35469999921,4123.117747232697
1781270681,1000,,Aggregated,168.100000,0.000000,3900,5100,5900,6200,7900,11000,33000,39000,45000,47000,47000,24828,0,3900,5192.6682417069005,37.14430000400171,47471.35469999921,4122.648743354277
1781270682,1000,,Aggregated,166.800000,0.000000,3900,5000,5900,6200,7900,11000,34000,39000,46000,47000,48000,25022,0,3900,5238.578557045754,37.14430000400171,47528.59370000078,4122.986891535449
1781270683,1000,,Aggregated,166.000000,0.000000,3900,5100,5900,6200,7900,11000,35000,40000,47000,47000,48000,25220,0,3900,5321.3974461101825,37.14430000400171,47528.59370000078,4121.379262490087
1781270684,1000,,Aggregated,166.500000,0.000000,3900,5100,5900,6200,8000,12000,35000,40000,47000,47000,48000,25436,0,3900,5380.746499598936,37.14430000400171,47528.59370000078,4124.281254914295
1781270685,1000,,Aggregated,171.800000,0.000000,3900,5000,5900,6200,8000,12000,35000,40000,47000,47000,48000,25637,0,3900,5376.336266392273,37.14430000400171,47528.59370000078,4128.824667472793
1781270686,1000,,Aggregated,175.200000,0.000000,3900,5000,5900,6200,8000,12000,35000,40000,47000,47000,48000,25782,0,3900,5363.856016907096,37.14430000400171,47528.59370000078,4129.548948879063
1781270687,1000,,Aggregated,184.100000,0.000000,3900,5000,5900,6200,8000,12000,35000,40000,47000,47000,48000,25924,0,3900,5351.428010808462,37.14430000400171,47528.59370000078,4128.766432649282
1781270688,1000,,Aggregated,184.100000,0.000000,3900,5000,5900,6200,7900,12000,35000,40000,47000,47000,48000,25997,0,3900,5347.257433546125,37.14430000400171,47528.59370000078,4128.681193983921
1781270689,1000,,Aggregated,181.600000,0.000000,3900,5000,5800,6200,7900,12000,35000,40000,47000,47000,48000,26076,0,3900,5345.018145409516,37.14430000400171,47528.59370000078,4129.019865009971
1781270690,1000,,Aggregated,177.900000,0.000000,3900,5000,5900,6200,7900,12000,35000,40000,47000,47000,48000,26239,0,3900,5343.7716257516895,37.14430000400171,47528.59370000078,4127.585426273868
1781270691,1000,,Aggregated,166.000000,0.000000,3900,5000,5800,6200,7900,12000,35000,40000,47000,47000,48000,26358,0,3900,5343.466065008667,37.14430000400171,47528.59370000078,4127.282381060779
1781270692,1000,,Aggregated,158.200000,0.000000,3900,5000,5800,6200,7900,12000,35000,40000,47000,47000,48000,26505,0,3900,5344.035272095775,37.14430000400171,47528.59370000078,4128.120543293719
1781270693,1000,,Aggregated,156.200000,0.000000,3900,5000,5900,6200,7900,12000,35000,40000,47000,47000,48000,26629,0,3900,5345.468299260152,37.14430000400171,47528.59370000078,4128.6676931165275
1781270694,1000,,Aggregated,152.500000,0.000000,4000,5100,5900,6200,7900,11000,35000,40000,47000,47000,48000,26780,0,4000,5348.344874432357,37.14430000400171,47528.59370000078,4127.584092606423
1781270695,1000,,Aggregated,147.100000,0.000000,4000,5100,5900,6200,7900,11000,35000,40000,47000,47000,48000,26926,0,4000,5351.427750271055,37.14430000400171,47528.59370000078,4128.534873356607
1781270696,1000,,Aggregated,140.500000,0.000000,4000,5100,5900,6200,7900,11000,35000,40000,46000,47000,48000,27069,0,4000,5353.996812353555,37.14430000400171,47528.59370000078,4129.157264767816
1781270697,1000,,Aggregated,131.200000,0.000000,4000,5100,5900,6200,7900,11000,35000,40000,46000,47000,48000,27186,0,4000,5353.9358350805005,37.14430000400171,47528.59370000078,4128.627565658795
1781270699,1000,,Aggregated,127.800000,0.000000,4000,5100,5900,6200,7900,11000,34000,40000,46000,47000,48000,27301,0,4000,5350.388268975436,37.14430000400171,47528.59370000078,4128.878539247647
1781270700,1000,,Aggregated,127.300000,0.000000,4000,5100,5900,6200,7900,11000,34000,40000,46000,47000,48000,27455,0,4000,5341.049745507132,37.14430000400171,47528.59370000078,4129.3835731196505
1781270701,1000,,Aggregated,130.400000,0.000000,4000,5100,5900,6200,7900,11000,34000,40000,46000,47000,48000,27752,0,4000,5314.457863469237,37.14430000400171,47528.59370000078,4131.953588930527
1781270702,1000,,Aggregated,136.500000,0.000000,4000,5100,5900,6200,7900,11000,34000,40000,46000,47000,48000,27860,0,4000,5295.263303513935,37.14430000400171,47528.59370000078,4131.7710337401295
1781270703,1000,,Aggregated,149.900000,0.000000,4000,5100,5900,6200,7900,11000,34000,40000,46000,47000,48000,27959,0,4000,5277.189234883157,35.766499997407664,47528.59370000078,4130.051396688007
1781270704,1000,,Aggregated,148.400000,0.000000,3900,5100,5900,6200,7900,11000,34000,39000,46000,47000,48000,28055,0,3900,5260.809352386319,35.766499997407664,47528.59370000078,4131.501015861701
1781270705,1000,,Aggregated,144.100000,0.000000,3900,5000,5900,6200,7900,11000,34000,39000,46000,47000,48000,28133,0,3900,5248.619950940113,35.766499997407664,47528.59370000078,4131.32371236626
1781270706,1000,,Aggregated,140.800000,0.000000,3900,5000,5800,6200,7800,11000,34000,39000,46000,47000,48000,28220,0,3900,5236.543305910639,35.766499997407664,47528.59370000078,4129.932034018427
1781270707,1000,,Aggregated,134.400000,0.000000,3900,5000,5800,6200,7800,11000,34000,39000,46000,47000,48000,28326,0,3900,5221.395150158801,35.766499997407664,47528.59370000078,4130.562557367789
1781270708,1000,,Aggregated,128.800000,0.000000,3900,5000,5800,6200,7800,11000,34000,39000,46000,47000,48000,28390,0,3900,5209.890324716387,35.766499997407664,47528.59370000078,4130.308735470236
1781270709,1000,,Aggregated,124.400000,0.000000,3900,5000,5800,6200,7800,11000,34000,39000,46000,47000,48000,28459,0,3900,5205.389264401355,35.766499997407664,47528.59370000078,4131.075406725465
1781270710,1000,,Aggregated,120.100000,0.000000,3900,5000,5800,6200,7800,11000,34000,39000,46000,47000,48000,28519,0,3900,5198.033555289388,35.766499997407664,47528.59370000078,4130.685122199236
1781270711,1000,,Aggregated,115.100000,0.000000,3900,5000,5800,6200,7800,11000,34000,39000,46000,47000,48000,28571,0,3900,5194.698848381158,35.766499997407664,47528.59370000078,4131.0011200168
1781270712,1000,,Aggregated,106.000000,0.000000,3900,5000,5800,6200,7800,11000,34000,39000,46000,47000,48000,28629,0,3900,5191.086102099201,35.766499997407664,47528.59370000078,4132.151175381606
1781270713,1000,,Aggregated,81.900000,0.000000,3900,5000,5800,6200,7900,11000,34000,39000,46000,47000,48000,28677,0,3900,5191.846100878684,35.766499997407664,47528.59370000078,4132.410363706106
1781270714,1000,,Aggregated,76.100000,0.000000,3900,5000,5800,6200,7900,11000,34000,39000,46000,47000,48000,28733,0,3900,5192.94805970828,35.766499997407664,47528.59370000078,4131.630877388368
1781270715,1000,,Aggregated,71.600000,0.000000,3900,5000,5800,6200,7900,11000,34000,39000,46000,47000,48000,28784,0,3900,5199.092861158909,35.766499997407664,47528.59370000078,4132.543913285159
1781270716,1000,,Aggregated,68.000000,0.000000,3900,5000,5800,6200,7900,12000,34000,39000,46000,47000,48000,28838,0,3900,5200.907028306335,35.766499997407664,47528.59370000078,4134.313128510992
1781270717,1000,,Aggregated,64.900000,0.000000,3900,5000,5800,6200,7900,12000,34000,39000,46000,47000,48000,28892,0,3900,5207.17753582992,35.766499997407664,47528.59370000078,4135.746988785823
1781270718,1000,,Aggregated,61.600000,0.000000,3900,5000,5800,6200,7900,12000,34000,39000,46000,47000,48000,28953,0,3900,5215.111887856114,35.766499997407664,47528.59370000078,4136.632611473768
1781270719,1000,,Aggregated,57.100000,0.000000,3900,5000,5800,6200,7900,12000,34000,39000,46000,47000,48000,29013,0,3900,5222.768834222523,35.766499997407664,47528.59370000078,4137.271361113983
1781270720,1000,,Aggregated,55.400000,0.000000,3900,5000,5800,6200,7900,13000,34000,39000,46000,47000,48000,29067,0,3900,5228.883898317609,35.766499997407664,47528.59370000078,4136.8067568032475
1781270721,1000,,Aggregated,55.100000,0.000000,3900,5000,5800,6200,7900,13000,34000,39000,46000,47000,48000,29128,0,3900,5235.770399745878,35.766499997407664,47528.59370000078,4136.260436693216
1781270722,1000,,Aggregated,53.900000,0.000000,3900,5000,5800,6200,8000,13000,34000,39000,46000,47000,48000,29192,0,3900,5246.0490588379635,35.766499997407664,47528.59370000078,4136.506611400384
1781270723,1000,,Aggregated,55.000000,0.000000,3900,5000,5800,6200,8000,14000,34000,39000,46000,47000,48000,29263,0,3900,5254.131499063587,35.766499997407664,47528.59370000078,4137.331989201381
1781270724,1000,,Aggregated,56.700000,0.000000,3900,5000,5900,6200,8000,16000,34000,39000,46000,47000,48000,29337,0,3900,5270.281559729958,35.766499997407664,47528.59370000078,4136.7376350683435
1781270725,1000,,Aggregated,57.700000,0.000000,3900,5000,5900,6200,8000,17000,34000,39000,46000,47000,48000,29399,0,3900,5280.769224521168,35.766499997407664,47528.59370000078,4136.293139222423
1781270726,1000,,Aggregated,59.300000,0.000000,3900,5000,5900,6200,8000,18000,34000,39000,46000,47000,48000,29473,0,3900,5289.598387201773,35.766499997407664,47528.59370000078,4136.627828860313
1781270727,1000,,Aggregated,61.100000,0.000000,3900,5000,5900,6200,8100,19000,34000,39000,46000,47000,48000,29551,0,3900,5306.974053994715,35.766499997407664,47528.59370000078,4136.313424249603
1781270728,1000,,Aggregated,62.400000,0.000000,3900,5000,5900,6200,8100,19000,34000,39000,46000,47000,48000,29633,0,3900,5312.39500614848,35.766499997407664,47528.59370000078,4136.742044342456
1781270729,1000,,Aggregated,64.800000,0.000000,3900,5000,5900,6200,8100,20000,34000,39000,46000,47000,48000,29759,0,3900,5333.15717059035,35.766499997407664,47528.59370000078,4134.371316240465
1781270730,1000,,Aggregated,66.900000,0.000000,3900,5000,5900,6200,8100,21000,34000,39000,46000,47000,48000,29869,0,3900,5338.5032593892765,35.766499997407664,47528.59370000078,4132.547858984231
1781270731,1000,,Aggregated,70.700000,0.000000,3900,5000,5900,6200,8100,21000,34000,39000,46000,47000,48000,30012,0,3900,5345.742267279699,35.766499997407664,47528.59370000078,4131.056910569106
1781270732,1000,,Aggregated,77.500000,0.000000,3900,5000,5900,6200,8100,22000,34000,39000,46000,47000,48000,30152,0,3900,5355.699947811041,35.766499997407664,47528.59370000078,4130.378913504908
1781270733,1000,,Aggregated,82.900000,0.000000,3900,5000,5900,6200,8200,22000,34000,39000,46000,47000,48000,30312,0,3900,5365.491421664636,35.08210000291001,47528.59370000078,4129.193850620217
1781270734,1000,,Aggregated,91.200000,0.000000,3800,5000,5900,6200,8200,23000,34000,39000,46000,47000,48000,30470,0,3800,5365.377221703271,35.08210000291001,47528.59370000078,4128.556580242862
1781270735,1000,,Aggregated,100.500000,0.000000,3800,5000,5900,6200,8200,23000,34000,39000,46000,47000,48000,30654,0,3800,5379.77042991122,35.08210000291001,47528.59370000078,4125.212044105174
1781270736,1000,,Aggregated,107.300000,0.000000,3800,5000,5900,6200,8200,24000,34000,39000,46000,47000,48000,30824,0,3800,5391.346158830728,35.08210000291001,47528.59370000078,4123.788898261095
1781270737,1000,,Aggregated,119.500000,0.000000,3800,4900,5800,6200,8200,24000,34000,39000,46000,47000,48000,30993,0,3800,5396.370597257394,35.08210000291001,47528.59370000078,4123.469880295551
1781270738,1000,,Aggregated,130.000000,0.000000,3800,4900,5800,6200,8200,25000,34000,39000,46000,47000,48000,31170,0,3800,5404.371606105168,35.08210000291001,47528.59370000078,4123.502149502727
1781270739,1000,,Aggregated,137.300000,0.000000,3800,4900,5800,6200,8300,25000,34000,39000,46000,47000,48000,31370,1,3800,5407.853415696465,35.08210000291001,47528.59370000078,4123.772138986293
1781270740,1000,,Aggregated,148.500000,0.000000,3800,4900,5800,6200,8300,25000,35000,39000,46000,47000,48000,31545,1,3800,5424.648843851585,35.08210000291001,47528.59370000078,4125.607322872088
1781270741,1000,,Aggregated,157.000000,0.100000,3800,4900,5800,6200,8300,26000,35000,39000,46000,47000,48000,31759,1,3800,5420.736070033638,35.08210000291001,47528.59370000078,4124.340942724897
1781270742,1000,,Aggregated,163.600000,0.100000,3800,4900,5800,6200,8300,26000,35000,39000,46000,47000,48000,31947,1,3800,5418.110253688869,35.08210000291001,47528.59370000078,4123.604720318027
1781270743,1000,,Aggregated,174.100000,0.100000,3800,4900,5800,6200,8300,26000,35000,39000,46000,47000,48000,32121,1,3800,5427.6288778555545,35.08210000291001,47528.59370000078,4121.789172192646
1781270744,1000,,Aggregated,176.000000,0.100000,3800,4900,5800,6200,8400,26000,35000,39000,46000,47000,48000,32318,1,3800,5441.631272854078,35.08210000291001,47528.59370000078,4122.397518410793
1781270745,1000,,Aggregated,178.900000,0.100000,3800,4900,5800,6200,8400,26000,35000,39000,46000,47000,48000,32506,1,3800,5444.545462059257,35.08210000291001,47528.59370000078,4121.76475112287
1781270746,1000,,Aggregated,183.300000,0.100000,3800,4900,5800,6200,8400,26000,35000,39000,46000,47000,48000,32704,1,3800,5450.8600459423415,35.08210000291001,47528.59370000078,4120.540147994129
1781270747,1000,,Aggregated,183.400000,0.100000,3800,4900,5800,6200,8400,26000,35000,39000,46000,47000,48000,32935,1,3800,5473.430236477854,35.08210000291001,47528.59370000078,4122.7045999696375
1781270748,1000,,Aggregated,185.300000,0.100000,3800,4900,5800,6200,8500,27000,35000,39000,46000,47000,48000,33181,1,3800,5500.291028329417,35.08210000291001,47528.59370000078,4125.566408486785
1781270749,1000,,Aggregated,190.400000,0.100000,3800,4900,5800,6200,8500,27000,35000,39000,46000,47000,48000,33442,1,3800,5527.007941053115,35.08210000291001,47528.59370000078,4122.840440165062
1781270750,1000,,Aggregated,195.400000,0.100000,3700,4900,5800,6200,8500,27000,35000,39000,46000,47000,48000,33672,1,3700,5527.215429035946,35.08210000291001,47528.59370000078,4123.78370753148
1781270751,1000,,Aggregated,202.800000,0.000000,3700,4900,5800,6200,8500,27000,35000,39000,46000,47000,48000,33873,1,3700,5504.336432258686,35.08210000291001,47528.59370000078,4123.931390783219
1781270752,1000,,Aggregated,211.400000,0.000000,3700,4900,5800,6200,8500,27000,35000,39000,46000,47000,48000,34071,1,3700,5484.208429233026,35.08210000291001,47528.59370000078,4126.141909541839
1781270753,1000,,Aggregated,206.800000,0.000000,3700,4900,5800,6200,8500,26000,35000,39000,46000,47000,48000,34246,1,3700,5469.368630587461,35.08210000291001,47528.59370000078,4127.368772995386
1781270754,1000,,Aggregated,211.800000,0.000000,3700,4900,5800,6200,8500,26000,35000,39000,46000,47000,48000,34434,1,3700,5453.208459513801,35.08210000291001,47528.59370000078,4127.339519079979
1781270755,1000,,Aggregated,210.400000,0.000000,3700,4900,5800,6200,8500,26000,35000,39000,46000,47000,48000,34620,1,3700,5439.547784979731,35.08210000291001,47528.59370000078,4125.701155401502
1781270756,1000,,Aggregated,210.100000,0.000000,3700,4800,5800,6200,8500,26000,35000,39000,46000,47000,48000,34778,1,3700,5427.037847443733,35.08210000291001,47528.59370000078,4126.049111507275
1781270757,1000,,Aggregated,209.600000,0.000000,3700,4900,5800,6200,8500,26000,35000,39000,46000,47000,48000,34942,1,3700,5415.617457203312,35.08210000291001,47528.59370000078,4124.48632018774
1781270758,1000,,Aggregated,207.200000,0.000000,3700,4900,5800,6200,8400,26000,35000,39000,46000,47000,48000,35094,1,3700,5406.702103861005,35.08210000291001,47528.59370000078,4123.584829315552
1781270759,1000,,Aggregated,203.800000,0.000000,3700,4900,5800,6200,8400,26000,35000,39000,46000,47000,48000,35247,1,3700,5397.0098297783625,35.08210000291001,47528.59370000078,4123.471189037365
1781270760,1000,,Aggregated,194.700000,0.000000,3700,4900,5800,6200,8500,26000,35000,39000,46000,47000,48000,35398,1,3700,5390.278993612574,35.08210000291001,47528.59370000078,4124.499858749082
1781270761,1000,,Aggregated,184.700000,0.000000,3700,4900,5900,6200,8500,26000,35000,39000,46000,47000,48000,35552,1,3700,5386.495241288756,35.08210000291001,47528.59370000078,4123.360907965796
1781270762,1000,,Aggregated,172.400000,0.000000,3700,4900,5900,6200,8500,26000,35000,39000,46000,47000,48000,35690,1,3700,5378.589792818661,35.08210000291001,47528.59370000078,4123.626898290838
1781270763,1000,,Aggregated,171.000000,0.000000,3700,4900,5900,6300,8500,26000,35000,39000,46000,47000,48000,35844,1,3700,5374.185385883214,35.08210000291001,47528.59370000078,4122.967777033813
1781270764,1000,,Aggregated,163.200000,0.000000,3700,4900,5900,6300,8500,26000,35000,39000,46000,47000,48000,35977,1,3700,5369.512339861518,35.08210000291001,47528.59370000078,4124.315646107235
1781270765,1000,,Aggregated,160.900000,0.000000,3700,4900,5900,6300,8600,26000,35000,39000,46000,47000,48000,36110,1,3700,5363.872896626912,35.08210000291001,47528.59370000078,4125.272085294932
1781270766,1000,,Aggregated,157.100000,0.000000,3700,4900,5900,6300,8600,26000,35000,39000,46000,47000,48000,36261,1,3700,5362.027187873962,35.08210000291001,47528.59370000078,4125.6774496015005
1781270767,1000,,Aggregated,151.900000,0.000000,3700,4900,5900,6300,8600,26000,35000,39000,46000,47000,48000,36411,1,3700,5360.952034956406,35.08210000291001,47528.59370000078,4124.715031171899
1781270768,1000,,Aggregated,148.300000,0.000000,3700,4900,5900,6300,8600,26000,35000,39000,46000,47000,48000,36563,1,3700,5358.731324560286,35.08210000291001,47528.59370000078,4125.540218253425
1781270769,1000,,Aggregated,147.200000,0.000000,3700,4900,5900,6300,8700,26000,35000,39000,46000,47000,48000,36742,1,3700,5355.256566509654,35.08210000291001,47528.59370000078,4127.116841761472
1781270770,1000,,Aggregated,147.700000,0.000000,3700,4900,5900,6300,8700,25000,35000,39000,46000,47000,48000,36919,1,3700,5349.195805005492,35.08210000291001,47528.59370000078,4126.448034887186
1781270771,1000,,Aggregated,147.100000,0.000000,3700,4900,5900,6300,8700,25000,35000,39000,46000,47000,48000,37104,1,3700,5343.084027829828,35.08210000291001,47528.59370000078,4124.939602199223
1781270772,1000,,Aggregated,150.000000,0.000000,3700,4900,5900,6300,8700,25000,35000,39000,46000,47000,48000,37273,1,3700,5335.863112319857,35.08210000291001,47528.59370000078,4125.228530035146
1781270773,1000,,Aggregated,151.900000,0.000000,3700,4900,5900,6300,8700,25000,35000,39000,46000,47000,48000,37436,1,3700,5331.612779046855,35.08210000291001,47528.59370000078,4125.25138903729
1781270774,1000,,Aggregated,154.900000,0.000000,3700,4900,6000,6400,8800,25000,35000,39000,46000,47000,48000,37615,1,3700,5326.326133675343,35.08210000291001,47528.59370000078,4125.056280739067
1781270775,1000,,Aggregated,156.400000,0.000000,3700,4900,6000,6400,8800,25000,35000,39000,46000,47000,48000,37775,1,3700,5320.574587706104,35.08210000291001,47528.59370000078,4123.917564526803
1781270776,1000,,Aggregated,159.700000,0.000000,3700,5000,6000,6400,8800,25000,35000,39000,46000,47000,48000,37966,1,3700,5313.965791558189,35.08210000291001,47528.59370000078,4120.7954222198805
1781270777,1000,,Aggregated,164.200000,0.000000,3700,5000,6000,6400,8800,25000,35000,39000,46000,47000,48000,38143,1,3700,5312.994747334979,35.08210000291001,47528.59370000078,4120.3496840835805
1781270778,1000,,Aggregated,166.900000,0.000000,3700,5000,6000,6400,8900,25000,34000,39000,46000,47000,48000,38311,1,3700,5309.171476374878,35.08210000291001,47528.59370000078,4120.589282451515
1781270779,1000,,Aggregated,170.400000,0.000000,3700,5000,6000,6400,8900,25000,34000,39000,46000,47000,48000,38477,1,3700,5308.87651795873,35.08210000291001,47528.59370000078,4119.859864334538
1781270780,1000,,Aggregated,171.500000,0.000000,3700,5000,6000,6400,8900,25000,34000,39000,46000,47000,48000,38668,1,3700,5301.713487364177,35.08210000291001,47528.59370000078,4117.051049963794
1781270781,1000,,Aggregated,173.500000,0.000000,3700,5000,6000,6400,9000,24000,34000,39000,46000,47000,48000,38841,1,3700,5296.201318390314,35.08210000291001,47528.59370000078,4118.950593445071
1781270782,1000,,Aggregated,172.500000,0.000000,3700,5000,6000,6400,9000,24000,34000,39000,46000,47000,48000,39029,1,3700,5291.138943406137,35.08210000291001,47528.59370000078,4119.823823310871
1781270783,1000,,Aggregated,172.500000,0.000000,3700,5000,6000,6400,9000,24000,34000,39000,46000,47000,48000,39279,1,3700,5287.450676526841,35.08210000291001,47528.59370000078,4118.4742992438705
1781270784,1000,,Aggregated,172.900000,0.000000,3700,5000,6000,6400,9000,24000,34000,39000,46000,47000,48000,39497,1,3700,5276.98225412051,35.08210000291001,47528.59370000078,4119.317112692103
1781270785,1000,,Aggregated,178.200000,0.000000,3700,5000,6000,6400,9000,24000,34000,39000,46000,47000,48000,39614,1,3700,5266.304108976567,35.08210000291001,47528.59370000078,4120.5224163174635
1781270786,1000,,Aggregated,185.100000,0.000000,3700,5000,6000,6400,9000,24000,34000,39000,46000,47000,48000,39726,1,3700,5256.465703045813,35.08210000291001,47528.59370000078,4119.910814076424
1781270787,1000,,Aggregated,184.200000,0.000000,3700,5000,6000,6400,8900,24000,34000,39000,46000,47000,48000,39812,1,3700,5250.014537064153,35.08210000291001,47528.59370000078,4120.043630061288
1781270788,1000,,Aggregated,179.900000,0.000000,3700,4900,6000,6400,8900,24000,34000,39000,46000,47000,48000,39896,1,3700,5244.063525045071,35.08210000291001,47528.59370000078,4120.7077902546625
1781270789,1000,,Aggregated,172.200000,0.000000,3700,4900,6000,6400,8900,24000,34000,39000,46000,47000,48000,39979,1,3700,5239.396778296057,35.08210000291001,47528.59370000078,4121.141874484104
1781270790,1000,,Aggregated,164.300000,0.000000,3700,4900,6000,6400,8900,24000,34000,39000,46000,47000,48000,40063,1,3700,5234.947949549413,35.08210000291001,47528.59370000078,4121.3283827970945
1781270791,1000,,Aggregated,154.800000,0.000000,3700,4900,6000,6400,8900,24000,34000,38000,46000,47000,48000,40143,1,3700,5229.642888050174,35.08210000291001,47528.59370000078,4120.537403781481
1781270792,1000,,Aggregated,146.600000,0.000000,3700,5000,6000,6400,8900,24000,34000,38000,46000,47000,48000,40248,1,3700,5226.597176977687,35.08210000291001,47528.59370000078,4121.564500099384
1781270793,1000,,Aggregated,136.700000,0.000000,3700,5000,6000,6400,8900,24000,34000,38000,46000,47000,48000,40339,1,3700,5223.526522117503,35.08210000291001,47528.59370000078,4120.765537073304
1781270794,1000,,Aggregated,127.800000,0.000000,3700,5000,6000,6400,8900,23000,34000,38000,46000,47000,48000,40450,1,3700,5218.7733295079815,35.08210000291001,47528.59370000078,4120.661433868974
1781270795,1000,,Aggregated,117.200000,0.000000,3700,5000,6000,6400,8900,23000,34000,38000,46000,47000,48000,40563,1,3700,5207.767627096071,35.08210000291001,47528.59370000078,4120.062100929418
1781270796,1000,,Aggregated,101.900000,0.000000,3700,4900,6000,6400,8900,23000,34000,38000,46000,47000,48000,40639,1,3700,5198.518586042913,35.08210000291001,47528.59370000078,4119.611260119589
1781270797,1000,,Aggregated,97.000000,0.000000,3700,4900,6000,6400,8900,23000,34000,38000,46000,47000,48000,40722,1,3700,5189.8973816683365,35.08210000291001,47528.59370000078,4119.820514709494
1781270798,1000,,Aggregated,95.200000,0.000000,3700,4900,6000,6400,8900,23000,34000,38000,46000,47000,48000,40795,1,3700,5186.708706758131,35.08210000291001,47528.59370000078,4119.714450300282
1781270799,1000,,Aggregated,90.800000,0.000000,3700,4900,6000,6400,8900,23000,34000,38000,46000,47000,48000,40853,1,3700,5183.556652688858,35.08210000291001,47528.59370000078,4118.969304579835
1781270800,1000,,Aggregated,90.300000,0.000000,3700,4900,6000,6400,8900,23000,34000,38000,46000,47000,48000,40915,1,3700,5181.854692481921,35.08210000291001,47528.59370000078,4119.8049859464745
1781270801,1000,,Aggregated,89.000000,0.000000,3700,4900,6000,6400,8900,23000,34000,38000,46000,47000,48000,40981,1,3700,5185.044327092989,35.08210000291001,47528.59370000078,4119.27766525951
1781270802,1000,,Aggregated,87.000000,0.000000,3700,4900,6000,6400,9000,23000,34000,38000,46000,47000,48000,41051,1,3700,5192.75493059847,35.08210000291001,47528.59370000078,4120.953034030839
1781270803,1000,,Aggregated,84.400000,0.000000,3700,4900,6000,6400,9000,23000,34000,38000,46000,47000,48000,41115,1,3700,5194.8941418265285,35.08210000291001,47528.59370000078,4120.213668977259
1781270804,1000,,Aggregated,82.900000,0.000000,3700,4900,6000,6400,9000,23000,34000,38000,46000,47000,48000,41188,1,3700,5200.380445554473,35.08210000291001,47528.59370000078,4119.886228998737
1781270805,1000,,Aggregated,78.600000,0.000000,3700,4900,6000,6400,9000,23000,34000,38000,46000,47000,48000,41260,1,3700,5202.889277791991,35.08210000291001,47528.59370000078,4119.70831313621
1781270806,1000,,Aggregated,76.300000,0.000000,3700,4900,6000,6400,9000,23000,34000,38000,46000,47000,48000,41328,1,3700,5203.563129241616,35.08210000291001,47528.59370000078,4118.970867208672
1781270807,1000,,Aggregated,71.500000,0.000000,3700,4900,6000,6400,9100,24000,34000,38000,46000,47000,48000,41406,1,3700,5204.880715183728,35.08210000291001,47528.59370000078,4118.8983963676765
1781270808,1000,,Aggregated,68.000000,0.000000,3700,4900,6000,6400,9100,24000,34000,38000,46000,47000,48000,41470,1,3700,5205.503714099285,35.08210000291001,47528.59370000078,4118.716445623342
1781270809,1000,,Aggregated,68.100000,0.000000,3700,4900,6000,6400,9100,24000,34000,38000,46000,47000,48000,41551,1,3700,5210.056792250424,35.08210000291001,47528.59370000078,4118.5329354287505
1781270810,1000,,Aggregated,67.800000,0.000000,3700,4900,6000,6400,9100,24000,34000,38000,46000,47000,48000,41614,1,3700,5214.388504813223,35.08210000291001,47528.59370000078,4118.279353102322
1781270811,1000,,Aggregated,67.400000,0.000000,3700,4900,6000,6400,9100,24000,34000,38000,46000,47000,48000,41680,1,3700,5210.210879846388,35.08210000291001,47528.59370000078,4118.074088291746
1781270812,1000,,Aggregated,68.900000,0.000000,3600,4900,6000,6400,9100,24000,34000,38000,46000,47000,48000,41759,1,3600,5218.364169740591,35.08210000291001,47528.59370000078,4118.362628415432
1781270813,1000,,Aggregated,70.000000,0.000000,3600,4900,6000,6400,9100,24000,34000,38000,46000,47000,48000,41828,1,3600,5220.586365111824,35.08210000291001,47528.59370000078,4117.864444869466
1781270814,1000,,Aggregated,69.100000,0.000000,3600,4900,6000,6400,9200,24000,34000,38000,46000,47000,48000,41925,1,3600,5224.5939967703625,35.08210000291001,47528.59370000078,4119.707596899225
1781270815,1000,,Aggregated,70.300000,0.000000,3600,4900,6000,6400,9200,24000,34000,38000,46000,47000,48000,42028,1,3600,5231.348134800552,35.08210000291001,47528.59370000078,4120.560602455505
1781270817,1000,,Aggregated,70.300000,0.000000,3600,4900,6000,6400,9200,25000,34000,38000,46000,47000,48000,42130,1,3600,5231.5141762472695,35.08210000291001,47528.59370000078,4119.775338238785
1781270818,1000,,Aggregated,76.600000,0.000000,3600,4900,6000,6400,9200,25000,34000,38000,46000,47000,48000,42260,1,3600,5229.684020257866,35.08210000291001,47528.59370000078,4120.265380974917
1781270819,1000,,Aggregated,79.600000,0.000000,3600,4900,6000,6400,9200,25000,34000,38000,46000,47000,48000,42401,2,3600,5235.153339138167,35.08210000291001,47528.59370000078,4119.870569090352
1781270820,1000,,Aggregated,84.500000,0.000000,3600,4900,6000,6400,9200,25000,34000,38000,46000,47000,48000,42527,3,3600,5232.953971380476,35.08210000291001,47528.59370000078,4118.208432290075
1781270821,1000,,Aggregated,92.300000,0.100000,3600,4900,6000,6400,9200,25000,34000,38000,46000,47000,48000,42695,3,3600,5234.476643642052,35.08210000291001,47528.59370000078,4119.578545497131
1781270822,1000,,Aggregated,96.900000,0.200000,3600,4900,5900,6400,9200,25000,34000,38000,46000,47000,48000,42873,3,3600,5235.369738009873,35.08210000291001,47528.59370000078,4120.998134023745
1781270823,1000,,Aggregated,107.100000,0.200000,3600,4900,5900,6400,9300,25000,34000,38000,46000,47000,48000,43050,3,3600,5241.20462519854,35.08210000291001,47528.59370000078,4122.139094076655
1781270824,1000,,Aggregated,118.000000,0.200000,3600,4800,5900,6400,9300,26000,34000,38000,46000,47000,48000,43259,3,3600,5241.166220601426,35.08210000291001,47528.59370000078,4122.942948288218
1781270825,1000,,Aggregated,127.900000,0.200000,3600,4800,5900,6400,9300,26000,35000,38000,46000,47000,48000,43456,3,3600,5234.3609669158905,35.08210000291001,47528.59370000078,4122.793285162003
1781270826,1000,,Aggregated,141.400000,0.200000,3600,4800,5900,6400,9300,26000,35000,38000,46000,47000,48000,43670,3,3600,5233.488201367008,35.08210000291001,47528.59370000078,4122.714586672773
1781270827,1000,,Aggregated,151.300000,0.200000,3500,4800,5900,6400,9300,26000,35000,38000,46000,47000,48000,43914,3,3500,5232.007739695709,35.08210000291001,47528.59370000078,4123.1364029694405
1781270828,1000,,Aggregated,162.500000,0.200000,3500,4800,5900,6400,9300,26000,35000,39000,46000,47000,48000,44157,3,3500,5229.897292107653,35.08210000291001,47528.59370000078,4122.077405620853
1781270829,1000,,Aggregated,175.700000,0.200000,3500,4800,5900,6400,9300,26000,35000,39000,46000,47000,48000,44398,4,3500,5225.284354630784,35.08210000291001,47570.274300000165,4122.731114014145
1781270830,1000,,Aggregated,187.000000,0.200000,3500,4800,5900,6400,9300,26000,35000,39000,46000,47000,48000,44692,5,3500,5220.528529061077,35.08210000291001,47643.45310000499,4121.719882753066
1781270831,1000,,Aggregated,195.800000,0.100000,3500,4800,5900,6400,9300,26000,35000,39000,46000,47000,48000,45001,5,3500,5212.366707533117,35.08210000291001,47643.45310000499,4120.463300815538
1781270832,1000,,Aggregated,207.900000,0.200000,3500,4700,5900,6400,9300,27000,35000,39000,46000,47000,48000,45307,5,3500,5208.391542351029,35.08210000291001,47643.45310000499,4120.34751804357
1781270833,1000,,Aggregated,207.800000,0.200000,3500,4700,5900,6300,9300,27000,35000,39000,46000,47000,48000,45605,5,3500,5199.879164830567,35.08210000291001,47643.45310000499,4119.7160618353255
1781270834,1000,,Aggregated,224.000000,0.200000,3400,4700,5900,6300,9300,27000,35000,39000,46000,47000,48000,45878,5,3400,5205.938435847203,35.08210000291001,47643.45310000499,4119.642290422425
1781270835,1000,,Aggregated,237.000000,0.200000,3400,4700,5900,6300,9400,27000,35000,39000,46000,47000,48000,46184,5,3400,5200.704970515721,35.08210000291001,47643.45310000499,4118.070327386108
1781270836,1000,,Aggregated,237.800000,0.200000,3400,4700,5900,6300,9400,27000,35000,39000,46000,47000,48000,46473,5,3400,5195.178580818924,35.08210000291001,47643.45310000499,4117.4010285542145
1781270838,1000,,Aggregated,254.200000,0.200000,3400,4700,5800,6300,9400,27000,36000,39000,46000,47000,48000,46855,5,3400,5214.867168468626,35.08210000291001,47643.45310000499,4116.949567815602
1781270839,1000,,Aggregated,259.800000,0.200000,3400,4700,5800,6300,9500,27000,36000,39000,46000,47000,48000,47188,5,3400,5227.531082866352,35.08210000291001,47643.45310000499,4119.270217004323
1781270840,1000,,Aggregated,264.400000,0.200000,3400,4600,5800,6300,9500,28000,36000,39000,46000,47000,48000,47490,5,3400,5241.7465554074,35.08210000291001,47643.45310000499,4120.59673615498
1781270841,1000,,Aggregated,270.600000,0.200000,3300,4600,5800,6300,9500,27000,36000,39000,46000,47000,48000,47729,5,3300,5220.266159156851,35.08210000291001,47643.45310000499,4120.365899138888
1781270842,1000,,Aggregated,281.200000,0.000000,3300,4600,5800,6300,9400,27000,36000,39000,46000,47000,48000,47972,5,3300,5200.932440840432,35.08210000291001,47643.45310000499,4119.491244892854
1781270843,1000,,Aggregated,287.900000,0.000000,3300,4600,5800,6300,9400,27000,36000,39000,46000,47000,48000,48252,5,3300,5179.110234995382,35.08210000291001,47643.45310000499,4119.609052474509
1781270844,1000,,Aggregated,277.900000,0.000000,3300,4600,5800,6300,9400,27000,36000,39000,46000,47000,48000,48482,5,3300,5163.350650022629,35.08210000291001,47643.45310000499,4119.261891011097
1781270845,1000,,Aggregated,267.300000,0.000000,3300,4600,5800,6300,9300,27000,36000,39000,46000,47000,48000,48734,5,3300,5146.913754869237,35.08210000291001,47643.45310000499,4120.168055156564
1781270846,1000,,Aggregated,273.300000,0.000000,3300,4500,5800,6300,9300,27000,36000,39000,46000,47000,48000,48997,5,3300,5129.093700046882,35.08210000291001,47643.45310000499,4120.450701063331
1781270847,1000,,Aggregated,270.300000,0.000000,3300,4500,5800,6300,9300,27000,35000,39000,46000,47000,48000,49244,5,3300,5112.621657641479,35.08210000291001,47643.45310000499,4119.29238079766
1781270848,1000,,Aggregated,261.700000,0.000000,3300,4500,5700,6300,9200,27000,35000,39000,46000,47000,48000,49524,5,3300,5096.373691888726,35.08210000291001,47643.45310000499,4120.596801550763
1781270849,1000,,Aggregated,260.000000,0.000000,3300,4500,5700,6300,9200,27000,35000,39000,46000,47000,48000,49853,5,3300,5078.62707065367,35.08210000291001,47643.45310000499,4120.168034020019
1781270851,1000,,Aggregated,255.100000,0.000000,3300,4500,5700,6200,9100,27000,35000,39000,46000,47000,48000,50201,5,3300,5055.069938431457,35.08210000291001,47643.45310000499,4117.3319854186175
1781270852,1000,,Aggregated,244.000000,0.000000,3300,4500,5700,6200,9100,27000,35000,39000,46000,47000,48000,50501,5,3300,5034.522896176264,35.08210000291001,47643.45310000499,4117.9898615869
1781270853,1000,,Aggregated,248.800000,0.000000,3300,4500,5700,6200,9100,27000,35000,39000,46000,47000,48000,50721,5,3300,5019.936275169999,35.08210000291001,47643.45310000499,4116.236233512746
1781270854,1000,,Aggregated,258.500000,0.000000,3300,4500,5700,6200,9100,27000,35000,39000,46000,47000,48000,50938,5,3300,5005.349780823701,35.08210000291001,47643.45310000499,4115.502316541678
1781270855,1000,,Aggregated,259.700000,0.000000,3200,4500,5700,6200,9000,27000,35000,39000,46000,47000,48000,51192,5,3200,4990.258753789608,35.08210000291001,47643.45310000499,4114.895198468511
1781270856,1000,,Aggregated,256.500000,0.000000,3200,4500,5600,6200,9000,27000,35000,39000,46000,47000,48000,51449,5,3200,4976.377202079682,35.08210000291001,47643.45310000499,4114.178642927948
1781270857,1000,,Aggregated,256.500000,0.000000,3200,4400,5600,6200,9000,26000,35000,39000,46000,47000,48000,51796,5,3200,4957.791548924579,35.08210000291001,47643.45310000499,4114.807031430999
1781270858,1000,,Aggregated,258.600000,0.000000,3200,4400,5600,6200,8900,26000,35000,39000,46000,47000,48000,52123,5,3200,4937.033298942841,35.08210000291001,47643.45310000499,4117.125184659363
1781270859,1000,,Aggregated,265.100000,0.000000,3200,4400,5600,6200,8900,26000,35000,39000,46000,47000,48000,52391,5,3200,4914.22487387142,35.08210000291001,47643.45310000499,4117.0233437040715
1781270860,1000,,Aggregated,275.200000,0.000000,3200,4400,5600,6100,8900,26000,35000,39000,46000,47000,48000,52618,5,3200,4894.346311891321,35.08210000291001,47643.45310000499,4117.490497548368
1781270861,1000,,Aggregated,274.000000,0.000000,3200,4400,5500,6100,8900,26000,35000,39000,46000,47000,48000,52851,5,3200,4875.117070263522,35.08210000291001,47643.45310000499,4118.281054284687
1781270862,1000,,Aggregated,272.500000,0.000000,3200,4400,5500,6100,8800,26000,35000,39000,46000,47000,48000,53040,5,3200,4859.486234547465,35.08210000291001,47643.45310000499,4118.91681749623
1781270863,1000,,Aggregated,267.100000,0.000000,3100,4400,5500,6100,8800,26000,35000,39000,46000,47000,48000,53211,5,3100,4845.322450532736,35.08210000291001,47643.45310000499,4119.531619402003
1781270864,1000,,Aggregated,253.300000,0.000000,3100,4400,5500,6100,8800,26000,35000,38000,46000,47000,48000,53374,5,3100,4833.050013603953,35.08210000291001,47643.45310000499,4119.598437441451
1781270865,1000,,Aggregated,248.000000,0.000000,3100,4400,5500,6100,8800,26000,35000,38000,46000,47000,48000,53523,5,3100,4822.289441789461,35.08210000291001,47643.45310000499,4120.655288380696
1781270866,1000,,Aggregated,242.100000,0.000000,3100,4400,5500,6100,8800,26000,35000,38000,46000,47000,48000,53651,5,3100,4813.782469918497,35.08210000291001,47643.45310000499,4121.030735680602
1781270867,1000,,Aggregated,234.900000,0.000000,3100,4300,5500,6100,8700,26000,35000,38000,46000,47000,48000,53768,5,3100,4805.713048021077,35.08210000291001,47643.45310000499,4120.9177949709865
1781270868,1000,,Aggregated,221.700000,0.000000,3100,4300,5500,6100,8700,26000,35000,38000,46000,47000,48000,53910,5,3100,4797.032669986963,35.08210000291001,47643.45310000499,4121.616230754962
1781270869,1000,,Aggregated,200.500000,0.000000,3100,4300,5500,6100,8700,26000,35000,38000,46000,47000,48000,54046,5,3100,4789.027406799712,35.08210000291001,47643.45310000499,4123.288143433371
1781270870,1000,,Aggregated,179.500000,0.000000,3100,4300,5500,6100,8700,26000,35000,38000,46000,47000,48000,54168,5,3100,4781.043711818736,35.08210000291001,47643.45310000499,4124.462505538325
1781270871,1000,,Aggregated,166.300000,0.000000,3100,4300,5500,6100,8700,26000,35000,38000,46000,47000,48000,54313,5,3100,4769.230171618164,35.08210000291001,47643.45310000499,4123.343656214903
1781270872,1000,,Aggregated,157.600000,0.000000,3100,4300,5400,6100,8700,26000,35000,38000,46000,47000,48000,54426,5,3100,4759.517499167626,35.08210000291001,47643.45310000499,4123.026219086466
1781270873,1000,,Aggregated,147.100000,0.000000,3100,4300,5400,6100,8700,26000,35000,38000,46000,47000,48000,54530,5,3100,4750.6776610470815,35.08210000291001,47643.45310000499,4122.667742527049
1781270874,1000,,Aggregated,140.100000,0.000000,3000,4300,5400,6100,8700,26000,35000,38000,46000,47000,48000,54637,5,3000,4745.731722731797,35.08210000291001,47643.45310000499,4122.033841535956
1781270875,1000,,Aggregated,134.400000,0.000000,3000,4300,5400,6100,8700,26000,35000,38000,46000,47000,48000,54738,5,3000,4741.436229542495,35.08210000291001,47643.45310000499,4121.7793123607
1781270876,1000,,Aggregated,126.700000,0.000000,3000,4300,5400,6100,8700,26000,35000,38000,46000,47000,48000,54852,5,3000,4741.853487349543,35.08210000291001,47643.45310000499,4122.507893969227
1781270877,1000,,Aggregated,120.800000,0.000000,3000,4300,5400,6100,8700,25000,35000,38000,46000,47000,48000,54955,5,3000,4741.514747356877,35.08210000291001,47643.45310000499,4123.874442725866
1781270878,1000,,Aggregated,120.500000,0.000000,3000,4300,5400,6100,8700,25000,35000,38000,46000,47000,48000,55061,5,3000,4744.239995919018,35.08210000291001,47643.45310000499,4124.037685476108
1781270879,1000,,Aggregated,118.000000,0.000000,3000,4300,5400,6100,8700,25000,35000,38000,46000,47000,48000,55164,5,3000,4742.451566655735,35.08210000291001,47643.45310000499,4124.091327677471
1781270880,1000,,Aggregated,115.200000,0.000000,3000,4300,5400,6100,8700,25000,35000,38000,46000,47000,48000,55273,5,3000,4740.116634941052,35.08210000291001,47643.45310000499,4122.623505147179
1781270881,1000,,Aggregated,111.700000,0.000000,3000,4300,5400,6100,8700,25000,35000,38000,46000,47000,48000,55386,5,3000,4739.183142364437,35.08210000291001,47643.45310000499,4122.5684107897305
1781270882,1000,,Aggregated,108.900000,0.000000,3000,4300,5400,6100,8800,25000,35000,38000,46000,47000,48000,55491,5,3000,4740.546846257895,35.08210000291001,47643.45310000499,4122.021354814294
1781270883,1000,,Aggregated,107.500000,0.000000,3000,4300,5400,6100,8800,25000,35000,38000,46000,47000,48000,55607,5,3000,4741.720708507865,35.08210000291001,47643.45310000499,4121.590609095977
1781270884,1000,,Aggregated,105.800000,0.000000,3000,4300,5400,6100,8800,25000,35000,38000,46000,47000,48000,55724,5,3000,4742.824163708578,35.08210000291001,47643.45310000499,4121.851841217429
1781270885,1000,,Aggregated,107.000000,0.000000,3000,4300,5400,6100,8800,25000,35000,38000,46000,47000,48000,55826,5,2900,4740.649574907692,35.08210000291001,47643.45310000499,4121.3808798767595
1781270886,1000,,Aggregated,107.000000,0.000000,2900,4300,5400,6100,8800,25000,35000,38000,46000,47000,48000,55931,5,2900,4741.435075712877,35.08210000291001,47643.45310000499,4123.106899572687
1781270887,1000,,Aggregated,108.500000,0.000000,2900,4300,5400,6100,8800,26000,35000,38000,46000,47000,48000,56024,5,2900,4742.462163619109,35.08210000291001,47643.45310000499,4123.227348993289
1781270888,1000,,Aggregated,107.400000,0.000000,2900,4300,5400,6100,8800,26000,35000,38000,46000,47000,48000,56135,5,2900,4738.436989614267,35.08210000291001,47643.45310000499,4122.6397969181435
1781270889,1000,,Aggregated,107.500000,0.000000,2900,4300,5400,6100,8800,26000,35000,38000,46000,47000,48000,56231,6,2900,4736.594231434565,35.08210000291001,47643.45310000499,4123.909729508634
1781270890,1000,,Aggregated,106.700000,0.000000,2900,4300,5400,6100,8800,26000,35000,38000,46000,47000,48000,56362,7,2900,4739.984263147105,35.08210000291001,47643.45310000499,4124.307334729073
1781270891,1000,,Aggregated,106.000000,0.000000,2900,4300,5400,6100,8800,26000,35000,38000,46000,47000,48000,56484,10,2900,4743.155158476686,35.08210000291001,47643.45310000499,4124.214308476737
1781270892,1000,,Aggregated,106.000000,0.200000,2900,4200,5400,6100,8900,26000,35000,38000,46000,47000,48000,56628,16,2900,4745.756606585027,35.08210000291001,47643.45310000499,4123.040580631489
1781270893,1000,,Aggregated,108.100000,0.400000,2900,4200,5400,6100,8900,26000,35000,38000,46000,47000,48000,56783,17,2900,4746.586182017455,35.08210000291001,47643.45310000499,4122.923744782769
1781270894,1000,,Aggregated,111.200000,0.800000,2900,4200,5400,6100,8900,26000,35000,38000,46000,47000,48000,56963,19,2900,4748.976943475543,35.08210000291001,47643.45310000499,4123.166230711164
1781270895,1000,,Aggregated,112.500000,1.200000,2800,4200,5400,6100,8900,26000,35000,38000,46000,47000,48000,57145,20,2800,4745.945547648915,35.08210000291001,47643.45310000499,4123.101058710298
1781270896,1000,,Aggregated,119.600000,1.400000,2800,4200,5400,6100,8900,26000,35000,38000,46000,47000,48000,57313,20,2800,4743.475851775292,35.08210000291001,47643.45310000499,4123.341964301293
1781270897,1000,,Aggregated,127.300000,1.400000,2800,4200,5400,6100,8900,26000,35000,38000,46000,47000,48000,57533,21,2800,4739.355853643945,35.08210000291001,47643.45310000499,4122.98964072793
1781270898,1000,,Aggregated,135.900000,1.500000,2800,4200,5300,6100,8900,26000,35000,38000,46000,47000,48000,57751,23,2800,4739.167986351704,35.08210000291001,47643.45310000499,4123.233762185936
1781270899,1000,,Aggregated,141.100000,1.600000,2800,4200,5300,6100,8900,26000,35000,38000,46000,47000,48000,57981,25,2800,4733.463249498918,35.08210000291001,47643.45310000499,4122.6158741656745
1781270900,1000,,Aggregated,156.500000,1.800000,2700,4200,5300,6100,8900,26000,35000,38000,46000,47000,48000,58207,25,2700,4728.566324253041,35.08210000291001,47643.45310000499,4122.149672719776
1781270901,1000,,Aggregated,168.900000,2.000000,2700,4200,5300,6000,8900,26000,35000,38000,46000,47000,48000,58477,25,2700,4720.53661620289,35.08210000291001,47643.45310000499,4122.112300562614
1781270902,1000,,Aggregated,178.600000,1.800000,2700,4200,5300,6000,8900,27000,35000,38000,46000,47000,48000,58734,27,2700,4715.989950633299,35.08210000291001,47643.45310000499,4122.583103483502
1781270903,1000,,Aggregated,192.700000,1.600000,2700,4100,5300,6000,8900,27000,35000,38000,46000,47000,48000,59007,27,2700,4710.289354740898,35.08210000291001,47643.45310000499,4122.4269323978515
1781270904,1000,,Aggregated,202.100000,1.300000,2700,4100,5300,6000,8900,27000,35000,38000,46000,47000,48000,59272,27,2700,4701.580782689902,35.08210000291001,47643.45310000499,4122.642816169524
1781270905,1000,,Aggregated,217.400000,1.000000,2600,4100,5300,6000,8900,27000,35000,38000,46000,47000,48000,59562,27,2600,4691.89943170807,35.08210000291001,47643.45310000499,4122.077012188979
1781270906,1000,,Aggregated,225.900000,0.800000,2600,4100,5300,6000,8900,27000,35000,38000,46000,47000,48000,59876,27,2600,4687.332858784759,35.08210000291001,47643.45310000499,4121.797715278241
1781270907,1000,,Aggregated,235.600000,0.800000,2600,4100,5300,6000,8900,27000,35000,38000,46000,47000,48000,60202,27,2600,4687.248370421181,35.08210000291001,47643.45310000499,4121.325936015415
1781270908,1000,,Aggregated,244.500000,0.700000,2500,4100,5200,6000,8900,27000,35000,38000,46000,47000,48000,60499,27,2500,4683.037723765616,35.08210000291001,47643.45310000499,4122.323542537893
1781270909,1000,,Aggregated,262.100000,0.600000,2500,4100,5200,6000,8900,27000,35000,38000,46000,47000,48000,60825,27,2500,4678.441561302027,35.08210000291001,47643.45310000499,4122.392716810522
1781270910,1000,,Aggregated,267.700000,0.400000,2500,4000,5200,6000,8900,27000,35000,38000,46000,47000,48000,61150,27,2500,4670.207971725195,35.08210000291001,47643.45310000499,4121.764022894522
1781270911,1000,,Aggregated,277.500000,0.200000,2400,4000,5200,6000,8900,27000,35000,39000,46000,47000,48000,61481,27,2400,4672.645635929731,35.08210000291001,47643.45310000499,4121.443763113807
1781270912,1000,,Aggregated,287.500000,0.200000,2400,4000,5200,6000,8900,27000,35000,39000,46000,47000,48000,61825,27,2400,4675.301351456463,35.08210000291001,47643.45310000499,4120.386769106349
1781270913,1000,,Aggregated,292.500000,0.200000,2400,4000,5200,6000,8900,27000,35000,39000,45000,47000,48000,62164,27,2400,4680.932852116916,35.08210000291001,47643.45310000499,4120.561225146387
1781270914,1000,,Aggregated,305.800000,0.100000,2400,4000,5200,6000,9000,27000,35000,39000,45000,47000,48000,62517,27,2400,4687.184186349246,35.08210000291001,47643.45310000499,4119.482748692356
1781270915,1000,,Aggregated,309.800000,0.000000,2300,4000,5200,6000,8900,27000,35000,39000,45000,47000,48000,62844,27,2300,4665.652745078222,35.08210000291001,47643.45310000499,4119.492266564827
1781270916,1000,,Aggregated,318.100000,0.000000,2300,4000,5100,6000,8900,27000,35000,39000,45000,47000,48000,63156,27,2300,4646.584478337695,35.08210000291001,47643.45310000499,4119.810706821205
1781270917,1000,,Aggregated,322.500000,0.000000,2300,4000,5100,6000,8900,27000,35000,38000,45000,47000,48000,63435,27,2300,4632.74357321346,35.08210000291001,47643.45310000499,4120.882399306377
1781270918,1000,,Aggregated,325.800000,0.000000,2300,4000,5100,6000,8900,27000,35000,38000,45000,47000,48000,63760,27,2300,4614.011875163054,35.08210000291001,47643.45310000499,4119.6054893350065
1781270919,1000,,Aggregated,322.700000,0.000000,2300,4000,5100,5900,8800,27000,35000,38000,45000,47000,48000,63984,27,2300,4601.321933619284,35.08210000291001,47643.45310000499,4118.82675356339
1781270920,1000,,Aggregated,317.600000,0.000000,2200,3900,5100,5900,8800,27000,35000,38000,45000,47000,48000,64226,27,2200,4588.194009953854,35.08210000291001,47643.45310000499,4118.122956435089
1781270921,1000,,Aggregated,316.900000,0.000000,2200,3900,5100,5900,8800,27000,35000,38000,45000,47000,48000,64437,27,2200,4576.587998732036,35.08210000291001,47643.45310000499,4117.512128125146
1781270922,1000,,Aggregated,310.100000,0.000000,2200,3900,5100,5900,8700,27000,35000,38000,45000,47000,48000,64669,27,2200,4564.497686778773,35.08210000291001,47643.45310000499,4118.061636951244
1781270923,1000,,Aggregated,301.300000,0.000000,2200,3900,5100,5900,8700,27000,35000,38000,45000,47000,48000,64890,27,2200,4555.40332293877,35.08210000291001,47643.45310000499,4118.55826783788
1781270924,1000,,Aggregated,285.600000,0.000000,2200,3900,5100,5900,8700,27000,35000,38000,45000,47000,48000,65134,27,2200,4545.806092369534,35.08210000291001,47643.45310000499,4118.991847575767
1781270925,1000,,Aggregated,276.200000,0.000000,2200,3900,5000,5900,8700,27000,35000,38000,45000,47000,48000,65351,27,2200,4534.511579080614,35.08210000291001,47643.45310000499,4117.879435662806
1781270926,1000,,Aggregated,263.200000,0.000000,2200,3900,5000,5900,8700,27000,35000,38000,45000,47000,48000,65556,27,2200,4522.547044241525,35.08210000291001,47643.45310000499,4118.299469156142
1781270927,1000,,Aggregated,257.600000,0.000000,2100,3900,5000,5900,8700,27000,35000,38000,45000,47000,48000,65783,27,2100,4508.599897655893,35.08210000291001,47643.45310000499,4119.292066339328
1781270928,1000,,Aggregated,245.000000,0.000000,2100,3900,5000,5900,8600,27000,35000,38000,45000,47000,48000,65958,27,2100,4496.87797170317,35.08210000291001,47643.45310000499,4119.099836259438
1781270929,1000,,Aggregated,236.600000,0.000000,2100,3900,5000,5900,8600,27000,35000,38000,45000,47000,48000,66106,27,2100,4487.192135561034,35.08210000291001,47643.45310000499,4118.62225819139
1781270930,1000,,Aggregated,231.800000,0.000000,2100,3900,5000,5900,8600,27000,35000,38000,45000,47000,48000,66264,27,2100,4477.099324034127,35.08210000291001,47643.45310000499,4118.235769045032
1781270931,1000,,Aggregated,218.600000,0.000000,2100,3900,5000,5900,8600,27000,35000,38000,45000,47000,48000,66417,27,2100,4467.172980059289,35.08210000291001,47643.45310000499,4118.234337594291
1781270932,1000,,Aggregated,206.400000,0.000000,2000,3900,5000,5900,8600,26000,35000,38000,45000,47000,48000,66554,27,2000,4460.261408558437,35.08210000291001,47643.45310000499,4117.66855485771
1781270933,1000,,Aggregated,201.600000,0.000000,2000,3900,5000,5900,8600,26000,35000,38000,45000,47000,48000,66689,27,2000,4453.833601616433,35.08210000291001,47643.45310000499,4117.991632803011
1781270934,1000,,Aggregated,193.500000,0.000000,2000,3900,5000,5900,8600,26000,35000,38000,45000,47000,48000,66811,27,2000,4448.702775568368,35.08210000291001,47643.45310000499,4117.044393887234
1781270935,1000,,Aggregated,186.200000,0.000000,2000,3900,4900,5800,8600,26000,35000,38000,45000,47000,48000,66944,27,2000,4441.573348648097,35.08210000291001,47643.45310000499,4116.325062739006
1781270936,1000,,Aggregated,178.000000,0.000000,2000,3900,4900,5800,8600,26000,35000,38000,45000,47000,48000,67070,27,2000,4440.592872451142,35.08210000291001,47643.45310000499,4115.591262859699
1781270937,1000,,Aggregated,162.400000,0.000000,2000,3900,4900,5800,8600,26000,35000,38000,45000,47000,48000,67202,27,2000,4435.575340637152,35.08210000291001,47643.45310000499,4115.5116960804735
1781270938,1000,,Aggregated,156.300000,0.000000,1900,3900,4900,5800,8600,26000,35000,38000,45000,47000,48000,67315,27,1900,4431.928320842275,35.08210000291001,47643.45310000499,4115.130966352224
1781270939,1000,,Aggregated,147.900000,0.000000,1900,3800,4900,5800,8600,26000,35000,38000,45000,47000,48000,67431,27,1900,4426.827253982555,35.08210000291001,47643.45310000499,4115.271714789934
1781270940,1000,,Aggregated,139.200000,0.000000,1900,3800,4900,5800,8600,26000,35000,38000,45000,47000,48000,67532,27,1900,4424.9882146241425,35.08210000291001,47643.45310000499,4114.877213765326
1781270941,1000,,Aggregated,133.100000,0.000000,1900,3800,4900,5800,8600,26000,35000,38000,45000,47000,48000,67644,27,1900,4422.489585061464,35.08210000291001,47643.45310000499,4114.672299095263
1781270942,1000,,Aggregated,131.500000,0.000000,1900,3800,4900,5800,8600,26000,35000,38000,45000,47000,48000,67750,27,1900,4419.656203598491,35.08210000291001,47643.45310000499,4115.502184501845
1781270943,1000,,Aggregated,124.700000,0.000000,1900,3800,4900,5800,8600,26000,35000,38000,45000,47000,48000,67858,27,1900,4415.54445146921,35.08210000291001,47643.45310000499,4115.511568274927
1781270944,1000,,Aggregated,122.100000,0.000000,1900,3800,4900,5800,8600,26000,35000,38000,45000,47000,48000,67962,27,1900,4417.2026478060925,35.08210000291001,47643.45310000499,4115.625187604838
1781270945,1000,,Aggregated,117.400000,0.000000,1900,3800,4900,5800,8600,26000,35000,38000,45000,47000,48000,68072,27,1900,4418.814976980222,35.08210000291001,47643.45310000499,4115.509960042308
1781270946,1000,,Aggregated,114.400000,0.000000,1800,3800,4900,5800,8600,26000,35000,38000,45000,47000,48000,68191,27,1800,4420.495139090161,35.08210000291001,47643.45310000499,4115.685838307108
1781270947,1000,,Aggregated,113.600000,0.000000,1800,3800,4900,5800,8600,26000,35000,38000,45000,47000,48000,68297,27,1800,4418.985435540322,35.08210000291001,47643.45310000499,4116.186098950174
1781270948,1000,,Aggregated,112.500000,0.000000,1800,3800,4900,5800,8700,26000,35000,38000,45000,47000,48000,68432,27,1800,4420.018761909602,35.08210000291001,47643.45310000499,4116.983706453121
1781270949,1000,,Aggregated,110.900000,0.000000,1800,3800,4900,5800,8700,26000,35000,38000,45000,47000,48000,68529,27,1800,4420.766250568343,35.08210000291001,47643.45310000499,4116.9894934991025
1781270950,1000,,Aggregated,109.200000,0.000000,1800,3800,4900,5800,8700,26000,35000,38000,45000,47000,48000,68653,27,1800,4422.461361631654,35.08210000291001,47643.45310000499,4117.777577090586
1781270951,1000,,Aggregated,109.200000,0.000000,1800,3800,4900,5800,8700,26000,35000,38000,45000,47000,48000,68805,27,1800,4425.862228090953,35.08210000291001,47643.45310000499,4118.551355279413
1781270952,1000,,Aggregated,110.000000,0.000000,1800,3800,4900,5800,8700,26000,35000,38000,45000,47000,48000,68943,27,1800,4426.204054428994,35.08210000291001,47643.45310000499,4118.401418563161
1781270953,1000,,Aggregated,111.100000,0.000000,1800,3800,4900,5800,8700,26000,35000,38000,45000,47000,48000,69125,27,1800,4425.156239233246,35.08210000291001,47643.45310000499,4118.159435804701
1781270954,1000,,Aggregated,115.600000,0.000000,1700,3800,4900,5800,8700,26000,35000,38000,45000,47000,48000,69305,27,1700,4428.369603993911,35.08210000291001,47643.45310000499,4118.3080585816315
1781270955,1000,,Aggregated,118.400000,0.000000,1700,3800,4900,5800,8700,27000,35000,38000,45000,47000,48000,69486,27,1700,4427.295373611917,35.08210000291001,47643.45310000499,4117.676855769508
1781270956,1000,,Aggregated,126.300000,0.000000,1700,3800,4900,5800,8700,27000,35000,38000,45000,47000,48000,69703,27,1700,4428.401999222378,35.08210000291001,47643.45310000499,4117.1534797641425
1781270957,1000,,Aggregated,133.500000,0.000000,1700,3800,4900,5800,8700,27000,35000,38000,45000,47000,48000,69931,27,1700,4430.580644651118,35.08210000291001,47643.45310000499,4116.272725972744
1781270958,1000,,Aggregated,139.700000,0.000000,1600,3800,4900,5800,8700,27000,35000,38000,45000,47000,48000,70154,27,1600,4430.355803697546,35.08210000291001,47643.45310000499,4116.477107506344
1781270959,1000,,Aggregated,150.400000,0.000000,1600,3800,4900,5800,8700,27000,35000,38000,45000,47000,48000,70400,27,1600,4425.33501500565,35.08210000291001,47643.45310000499,4116.1375
1781270960,1000,,Aggregated,162.600000,0.000000,1500,3800,4900,5800,8800,27000,35000,38000,45000,47000,48000,70670,27,1500,4423.450688695314,35.08210000291001,47643.45310000499,4116.588962784775
1781270961,1000,,Aggregated,173.600000,0.000000,1500,3800,4800,5800,8800,27000,35000,38000,45000,47000,48000,70946,27,1500,4421.286274897777,35.08210000291001,47643.45310000499,4115.912849209258
1781270962,1000,,Aggregated,186.500000,0.000000,1400,3800,4800,5800,8800,27000,35000,38000,45000,47000,48000,71200,27,1400,4423.31102116149,35.08210000291001,47643.45310000499,4116.340744382022
1781270963,1000,,Aggregated,200.100000,0.000000,1400,3800,4800,5800,8800,27000,35000,38000,45000,47000,48000,71459,27,1400,4425.68724072963,35.08210000291001,47643.45310000499,4118.6153878447785
1781270964,1000,,Aggregated,213.500000,0.000000,1400,3700,4800,5800,8800,27000,35000,38000,45000,47000,48000,71732,27,1400,4426.931276614327,35.08210000291001,47643.45310000499,4119.884904923883
1781270965,1000,,Aggregated,224.800000,0.000000,1300,3700,4800,5800,8800,27000,35000,38000,45000,47000,48000,72034,27,1300,4426.493313656038,35.08210000291001,47643.45310000499,4119.433489740955
1781270967,1000,,Aggregated,242.300000,0.000000,1300,3700,4800,5800,8800,27000,35000,38000,45000,47000,48000,72380,27,1300,4419.834802232654,35.08210000291001,47643.45310000499,4119.916289030119
1781270968,1000,,Aggregated,254.200000,0.000000,1300,3700,4800,5800,8800,27000,35000,38000,45000,47000,48000,72670,27,1300,4420.312887692303,35.08210000291001,47643.45310000499,4121.372615935049
1781270969,1000,,Aggregated,266.400000,0.000000,1200,3700,4800,5800,8800,27000,35000,38000,45000,47000,48000,73078,27,1200,4417.423292930837,35.08210000291001,47643.45310000499,4121.944223979857
1781270970,1000,,Aggregated,272.800000,0.000000,1200,3700,4800,5800,8800,27000,35000,38000,45000,47000,48000,73303,27,1200,4413.314706325788,35.08210000291001,47643.45310000499,4123.911190537904
1781270971,1000,,Aggregated,289.300000,0.000000,1200,3700,4800,5800,8800,27000,35000,38000,45000,47000,48000,73596,27,1200,4405.097573096354,35.08210000291001,47643.45310000499,4123.733912169139
1781270972,1000,,Aggregated,288.700000,0.000000,1200,3700,4700,5700,8800,27000,35000,38000,45000,47000,48000,73983,27,1200,4394.905868353536,35.08210000291001,47643.45310000499,4122.873051917332
1781270973,1000,,Aggregated,288.600000,0.000000,1100,3700,4700,5700,8800,27000,35000,38000,45000,47000,48000,74254,27,1100,4386.309104372824,35.08210000291001,47643.45310000499,4122.603644248121
1781270974,1000,,Aggregated,298.900000,0.000000,1100,3700,4700,5700,8800,27000,35000,38000,45000,47000,48000,74614,27,1100,4378.947117106698,35.08210000291001,47643.45310000499,4122.538786286756
1781270975,1000,,Aggregated,302.100000,0.000000,1100,3700,4700,5700,8800,27000,35000,38000,45000,47000,48000,74951,27,1100,4371.729859622933,35.08210000291001,47643.45310000499,4122.421141812651
1781270976,1000,,Aggregated,310.600000,0.000000,1100,3600,4700,5700,8700,27000,35000,38000,45000,47000,48000,75259,27,1100,4365.741338060546,35.08210000291001,47643.45310000499,4123.939236503275
1781270977,1000,,Aggregated,316.100000,0.000000,1100,3600,4700,5700,8700,27000,35000,38000,45000,47000,48000,75555,27,1100,4359.295611411538,35.08210000291001,47643.45310000499,4123.00690887433
1781270978,1000,,Aggregated,317.600000,0.000000,1100,3600,4700,5700,8700,27000,35000,38000,45000,47000,48000,75790,27,1100,4350.671645494109,35.08210000291001,47643.45310000499,4122.575920306109
1781270982,1000,,Aggregated,272.800000,0.000000,1100,3600,4700,5700,8700,27000,35000,38000,45000,47000,48000,75950,27,1100,4348.564559877531,35.08210000291001,47643.45310000499,4121.454022383146
1781270985,1000,,Aggregated,172.900000,0.000000,1100,3600,4700,5700,8700,27000,35000,38000,45000,47000,48000,76069,27,1100,4351.784063877513,35.08210000291001,47643.45310000499,4120.786535908189
1781270987,1000,,Aggregated,112.900000,0.000000,1200,3700,4700,5800,8800,27000,35000,38000,45000,47000,48000,76581,27,1200,4372.714556566228,35.08210000291001,47643.45310000499,4119.8967629046365
1781270988,1000,,Aggregated,85.900000,0.000000,1200,3700,4800,5800,8800,27000,35000,38000,45000,47000,48000,77097,27,1200,4368.253861324018,35.08210000291001,47643.45310000499,4120.840694190435
1781270989,1000,,Aggregated,100.100000,0.000000,1100,3700,4800,5800,8700,27000,35000,38000,45000,47000,48000,77356,27,1100,4354.646421517377,35.08210000291001,47643.45310000499,4120.482315528207
1781270990,1000,,Aggregated,143.700000,0.000000,1100,3700,4700,5700,8700,27000,35000,38000,45000,47000,48000,77805,27,1100,4332.484228694794,35.08210000291001,47643.45310000499,4120.846230962021
1781270991,1000,,Aggregated,147.700000,0.000000,1100,3600,4700,5700,8700,26000,35000,38000,45000,47000,48000,78289,27,1100,4308.990288334228,35.08210000291001,47643.45310000499,4119.491920959522
1781270992,1000,,Aggregated,175.800000,0.000000,1000,3600,4700,5700,8600,26000,35000,38000,45000,47000,48000,78654,27,1000,4291.347059137471,35.08210000291001,47643.45310000499,4117.950911587459
1781270994,1000,,Aggregated,226.300000,0.000000,1000,3600,4700,5700,8600,26000,35000,38000,45000,47000,48000,78852,27,1000,4283.515227480579,35.08210000291001,47643.45310000499,4118.073225790088
1781270995,1000,,Aggregated,270.400000,0.000000,1100,3600,4700,5700,8600,26000,34000,38000,45000,47000,48000,79282,27,1100,4269.237201478242,35.08210000291001,47643.45310000499,4116.758520218965
1781270996,1000,,Aggregated,290.200000,0.000000,1100,3600,4600,5600,8500,26000,34000,38000,45000,47000,48000,79750,27,1100,4248.705717824432,35.08210000291001,47643.45310000499,4115.487235109718
1781270997,1000,,Aggregated,302.300000,0.000000,1000,3600,4600,5600,8500,26000,34000,38000,45000,47000,48000,80075,27,1000,4232.693265727113,35.08210000291001,47643.45310000499,4115.157077739619
1781270998,1000,,Aggregated,364.200000,0.000000,1000,3600,4600,5600,8500,26000,34000,38000,45000,47000,48000,80424,27,1000,4216.04272153086,35.08210000291001,47643.45310000499,4116.31268029444
1781270999,1000,,Aggregated,358.500000,0.000000,990,3500,4600,5600,8500,26000,34000,38000,45000,47000,48000,80861,27,990,4196.393050350577,35.08210000291001,47643.45310000499,4115.715474703504
1781271000,1000,,Aggregated,325.000000,0.000000,970,3500,4600,5600,8400,26000,34000,38000,45000,47000,48000,81110,27,970,4185.33911808406,35.08210000291001,47643.45310000499,4117.207274072248
1781271001,1000,,Aggregated,349.800000,0.000000,950,3500,4600,5500,8400,26000,34000,38000,45000,47000,48000,81430,27,950,4171.699210319271,35.08210000291001,47643.45310000499,4117.038622129437
1781271002,1000,,Aggregated,341.000000,0.000000,960,3500,4600,5500,8400,26000,34000,38000,45000,47000,48000,81551,27,960,4167.351451147111,35.08210000291001,47643.45310000499,4116.8307807384335
1781271003,1000,,Aggregated,314.400000,0.000000,950,3500,4500,5500,8300,26000,34000,38000,45000,47000,48000,82021,27,950,4149.639508216162,35.08210000291001,47643.45310000499,4117.260384535668
1781271004,1000,,Aggregated,294.300000,0.000000,940,3500,4500,5500,8300,26000,34000,38000,45000,47000,48000,82317,27,940,4139.078478739477,34.96209999866551,47643.45310000499,4117.412952367069
1781271005,1000,,Aggregated,289.700000,0.000000,920,3500,4500,5500,8300,26000,34000,38000,45000,47000,48000,82645,27,920,4126.033350958888,34.96209999866551,47643.45310000499,4117.2441527013125
1781271006,1000,,Aggregated,320.300000,0.000000,910,3500,4500,5500,8300,26000,34000,38000,45000,47000,48000,82920,27,910,4116.5824271044075,34.96209999866551,47643.45310000499,4117.935033767487
1781271007,1000,,Aggregated,329.500000,0.000000,890,3500,4500,5500,8200,26000,34000,38000,45000,47000,48000,83268,27,890,4102.917071930366,34.96209999866551,47643.45310000499,4118.000576451938
1781271008,1000,,Aggregated,296.000000,0.000000,880,3500,4500,5500,8200,26000,34000,38000,45000,47000,48000,83543,27,880,4094.0342001567788,34.96209999866551,47643.45310000499,4118.606837197611
1781271009,1000,,Aggregated,292.800000,0.000000,860,3500,4500,5500,8200,26000,34000,38000,45000,47000,48000,83880,27,860,4082.0178043228098,34.96209999866551,47643.45310000499,4119.048080591321
1781271010,1000,,Aggregated,294.100000,0.000000,850,3400,4500,5400,8200,26000,34000,38000,45000,47000,48000,84160,27,850,4072.6532916646584,34.96209999866551,47643.45310000499,4118.41907081749
1781271012,1000,,Aggregated,278.900000,0.000000,840,3400,4500,5400,8200,26000,34000,38000,45000,47000,48000,84471,27,840,4062.935215800661,34.96209999866551,47643.45310000499,4119.180381432681
1781271013,1000,,Aggregated,281.700000,0.000000,820,3400,4500,5400,8200,25000,34000,38000,45000,47000,48000,84771,27,820,4051.6783976937577,34.96209999866551,47643.45310000499,4118.677755364452
1781271014,1000,,Aggregated,304.100000,0.000000,810,3400,4500,5400,8200,25000,34000,38000,45000,47000,48000,85055,27,810,4042.0316996296206,34.96209999866551,47643.45310000499,4119.545282464288
1781271015,1000,,Aggregated,322.000000,0.000000,800,3400,4500,5400,8200,25000,34000,38000,45000,47000,48000,85350,27,800,4033.2036286373423,34.96209999866551,47643.45310000499,4119.696098418278
1781271016,1000,,Aggregated,299.900000,0.000000,800,3400,4500,5400,8200,25000,34000,37000,45000,47000,48000,85610,27,800,4026.2041404963975,34.96209999866551,47643.45310000499,4119.467001518514
1781271017,1000,,Aggregated,300.500000,0.000000,780,3400,4500,5400,8200,25000,34000,37000,45000,47000,48000,85968,27,780,4014.4510767657325,34.96209999866551,47643.45310000499,4119.9140494137355
1781271018,1000,,Aggregated,289.300000,0.000000,770,3400,4500,5400,8200,25000,34000,37000,45000,47000,48000,86261,27,770,4008.2790707155787,34.96209999866551,47643.45310000499,4119.649204159469
1781271020,1000,,Aggregated,288.400000,0.000000,770,3400,4500,5400,8200,25000,34000,37000,45000,47000,48000,86361,27,770,4007.010376397872,34.96209999866551,47643.45310000499,4119.684846168989
1781271022,1000,,Aggregated,243.000000,0.000000,790,3400,4500,5400,8200,25000,34000,37000,45000,47000,48000,86543,27,790,4005.3689799082144,34.96209999866551,47643.45310000499,4118.990397836914
1781271024,1000,,Aggregated,204.100000,0.000000,800,3400,4500,5400,8200,25000,34000,37000,45000,47000,48000,86814,27,800,4005.001003971669,34.96209999866551,47643.45310000499,4117.93398530191
1781271026,1000,,Aggregated,173.000000,0.000000,810,3400,4500,5400,8200,25000,34000,37000,44000,47000,48000,87039,27,810,4005.7693477693524,34.96209999866551,47643.45310000499,4118.764163191213
1781271028,1000,,Aggregated,141.200000,0.000000,830,3400,4500,5400,8200,25000,34000,37000,44000,47000,48000,87404,27,830,4010.5516210790897,34.96209999866551,47643.45310000499,4118.404970024255
1781271029,1000,,Aggregated,121.800000,0.000000,840,3400,4500,5400,8300,25000,34000,37000,44000,47000,48000,87658,27,840,4021.066657242883,34.96209999866551,47643.45310000499,4117.297531314883
1781271031,1000,,Aggregated,124.600000,0.000000,850,3400,4500,5400,8300,25000,34000,37000,44000,47000,48000,87911,27,850,4023.2933326796056,34.96209999866551,47643.45310000499,4117.961233520265
1781271035,1000,,Aggregated,139.900000,0.000000,870,3400,4500,5400,8300,25000,34000,37000,44000,47000,48000,88167,27,870,4032.9580359941583,34.96209999866551,47643.45310000499,4118.312259688999
1781271036,1000,,Aggregated,125.500000,0.000000,890,3500,4500,5500,8300,25000,34000,37000,44000,47000,48000,88423,27,890,4038.6426988599887,34.96209999866551,47643.45310000499,4118.6756952376645
1781271039,1000,,Aggregated,131.900000,0.000000,910,3500,4500,5500,8300,25000,34000,37000,44000,47000,48000,88679,27,910,4041.213511643084,34.96209999866551,47643.45310000499,4117.9424779260025
1781271041,1000,,Aggregated,117.200000,0.000000,920,3500,4600,5500,8300,25000,34000,37000,44000,47000,48000,88935,27,920,4046.9431959070894,34.96209999866551,47643.45310000499,4118.44595491089
1781271043,1000,,Aggregated,102.400000,0.000000,960,3500,4600,5500,8200,25000,34000,37000,44000,47000,48000,89447,27,960,4046.5587164230938,34.96209999866551,47643.45310000499,4118.057900209063
1781271047,1000,,Aggregated,134.900000,0.000000,990,3500,4600,5500,8200,25000,34000,37000,44000,47000,48000,89703,27,990,4047.8773434890268,34.96209999866551,47643.45310000499,4118.72985295921
1781271048,1000,,Aggregated,128.000000,0.000000,1000,3500,4600,5500,8200,25000,34000,37000,44000,47000,48000,89959,27,1000,4047.453153322026,34.96209999866551,47643.45310000499,4117.962716348558
1781271050,1000,,Aggregated,122.200000,0.000000,1000,3500,4600,5500,8200,24000,34000,37000,44000,47000,48000,90718,27,1000,4029.5886221377923,34.96209999866551,47643.45310000499,4119.49624109879
1781271051,1000,,Aggregated,128.000000,0.000000,1000,3500,4600,5500,8200,24000,34000,37000,44000,47000,48000,91031,27,1000,4016.584014292892,34.96209999866551,47643.45310000499,4119.504926893036
1781271053,1000,,Aggregated,199.800000,0.000000,1000,3500,4500,5400,8100,24000,34000,37000,44000,47000,48000,91287,27,1000,4007.988303260008,34.96209999866551,47643.45310000499,4119.848182106981
1781271054,1000,,Aggregated,213.700000,0.000000,1000,3500,4500,5400,8100,24000,34000,37000,44000,47000,48000,91487,27,1000,4003.0010798626763,34.96209999866551,47643.45310000499,4119.6502891121145
1781271056,1000,,Aggregated,191.300000,0.000000,1000,3500,4500,5400,8100,24000,34000,37000,44000,47000,48000,91802,27,1000,3997.75918695123,34.96209999866551,47643.45310000499,4120.2178601773385
1781271057,1000,,Aggregated,207.700000,0.000000,1100,3500,4500,5400,8100,24000,34000,37000,44000,47000,48000,92018,27,1100,3995.1232673585223,34.96209999866551,47643.45310000499,4120.685355039232
1781271059,1000,,Aggregated,225.900000,0.000000,1100,3500,4500,5400,8100,24000,34000,37000,44000,47000,48000,92630,27,1100,3984.3701668918975,34.96209999866551,47643.45310000499,4121.456299255101
1781271060,1000,,Aggregated,218.700000,0.000000,1100,3500,4500,5400,8100,24000,34000,37000,44000,47000,48000,92941,27,1100,3976.895545845172,34.96209999866551,47643.45310000499,4120.611968883485
1781271061,1000,,Aggregated,262.800000,0.000000,1000,3400,4500,5400,8000,24000,34000,37000,44000,47000,48000,93438,27,1000,3959.056924713673,34.96209999866551,47643.45310000499,4121.019563774909
1781271062,1000,,Aggregated,222.200000,0.000000,1000,3400,4400,5300,8000,24000,34000,37000,44000,47000,48000,93952,27,1000,3939.6643547587655,34.96209999866551,47643.45310000499,4120.199697717983
1781271063,1000,,Aggregated,239.400000,0.000000,990,3400,4400,5300,8000,24000,34000,37000,44000,47000,48000,94366,27,990,3923.440542773829,34.96209999866551,47643.45310000499,4119.721043596211
1781271064,1000,,Aggregated,259.500000,0.000000,970,3400,4400,5300,8000,24000,34000,37000,44000,47000,48000,94734,27,970,3909.804112946727,34.96209999866551,47643.45310000499,4119.720892182321
1781271066,1000,,Aggregated,289.700000,0.000000,960,3400,4400,5300,7900,24000,34000,37000,44000,47000,48000,95017,27,960,3900.187967833076,34.96209999866551,47643.45310000499,4120.0314680530855
1781271067,1000,,Aggregated,325.700000,0.000000,970,3400,4400,5300,7900,24000,34000,37000,44000,47000,48000,95195,27,970,3896.8453345836997,34.96209999866551,47643.45310000499,4119.263711329377
1781271069,1000,,Aggregated,313.700000,0.000000,980,3400,4400,5300,7900,23000,34000,37000,44000,47000,48000,95415,27,980,3894.7780088968716,34.96209999866551,47643.45310000499,4119.664864015092
1781271070,1000,,Aggregated,317.700000,0.000000,1000,3300,4400,5300,7900,23000,33000,37000,44000,47000,48000,96203,27,1000,3876.6004054467567,34.96209999866551,47643.45310000499,4119.078926852593
1781271071,1000,,Aggregated,270.000000,0.000000,980,3300,4400,5200,7900,23000,33000,37000,44000,47000,48000,96500,27,980,3865.1250540020133,34.96209999866551,47643.45310000499,4118.537274611399
1781271073,1000,,Aggregated,327.400000,0.000000,960,3300,4300,5200,7900,23000,33000,37000,44000,47000,48000,96878,27,960,3851.792538619653,34.96209999866551,47643.45310000499,4118.932244678875
1781271075,1000,,Aggregated,308.300000,0.000000,970,3300,4300,5200,7900,23000,33000,37000,44000,47000,48000,96984,27,970,3850.5523599057037,34.96209999866551,47643.45310000499,4119.248834859358
