Timestamp,User Count,Type,Name,Requests/s,Failures/s,50%,66%,75%,80%,90%,95%,98%,99%,99.9%,99.99%,100%,Total Request Count,Total Failure Count,Total Median Response Time,Total Average Response Time,Total Min Response Time,Total Max Response Time,Total Average Content Size
1781267657,0,,Aggregated,0.000000,0.000000,N/A,N/A,N/A,N/A,N/A,N/A,N/A,N/A,N/A,N/A,N/A,0,0,0,0.0,0,0,0
1781267658,30,,Aggregated,0.000000,0.000000,410,420,430,480,530,530,610,610,610,610,610,30,0,400,383.5682566668159,215.54399999877205,609.841099998448,3717.266666666667
1781267660,90,,Aggregated,0.000000,0.000000,290,380,400,410,470,500,530,610,610,610,610,66,0,290,286.0704515156668,40.248800003610086,609.841099998448,3772.742424242424
1781267661,120,,Aggregated,0.000000,0.000000,260,350,380,390,420,480,530,530,610,610,610,120,0,260,256.2245400000999,40.248800003610086,609.841099998448,4029.5416666666665
1781267662,150,,Aggregated,22.000000,0.000000,190,290,320,360,400,440,500,530,610,610,610,192,0,190,212.57819114581858,38.80829999980051,609.841099998448,3846.2135416666665
1781267663,180,,Aggregated,30.000000,0.000000,160,220,280,320,380,410,480,530,610,610,610,282,0,160,186.5141468085396,38.80829999980051,609.841099998448,4017.751773049645
1781267664,210,,Aggregated,38.200000,0.000000,130,200,240,280,360,400,450,500,610,610,610,374,0,130,170.20400000000274,36.627999994379934,609.841099998448,4143.294117647059
1781267665,240,,Aggregated,46.166667,0.000000,140,210,260,290,370,430,540,650,660,660,660,496,0,140,182.00667157257598,36.627999994379934,664.8751000029733,4061.3125
1781267666,270,,Aggregated,53.285714,0.000000,160,230,280,330,420,540,650,730,940,940,940,606,0,160,205.97124900988473,36.627999994379934,938.1320999964373,4084.486798679868
1781267667,300,,Aggregated,60.625000,0.000000,180,270,350,380,530,650,740,830,940,940,940,707,0,180,241.3150710043039,36.627999994379934,938.1320999964373,4078.5926449787835
1781267668,300,,Aggregated,65.555556,0.000000,220,330,410,480,670,900,1200,1300,1800,1800,1800,818,0,220,308.45663789737125,36.627999994379934,1752.6993999999831,4101.227383863081
1781267669,300,,Aggregated,69.000000,0.000000,250,380,490,600,850,1200,1400,1700,1900,1900,1900,917,0,250,367.0763189750161,36.627999994379934,1945.0407000040286,4152.672846237731
1781267670,300,,Aggregated,78.600000,0.000000,270,410,550,670,1000,1400,1700,1800,2500,2600,2600,1041,0,270,420.74509596554554,36.627999994379934,2565.212400004384,4136.677233429395
1781267671,300,,Aggregated,87.300000,0.000000,290,450,640,750,1100,1400,1800,1900,2600,3300,3300,1148,0,290,459.11111324053286,36.627999994379934,3346.0936000046786,4093.2491289198606
1781267672,300,,Aggregated,92.600000,0.000000,300,490,670,800,1200,1400,1800,2000,2900,3300,3300,1254,0,300,476.8000031101361,36.627999994379934,3346.0936000046786,4094.0342902711322
1781267673,300,,Aggregated,98.000000,0.000000,320,530,730,860,1200,1500,1800,1900,2900,3300,3300,1360,0,320,496.59971595595795,36.627999994379934,3346.0936000046786,4088.266176470588
1781267674,300,,Aggregated,103.600000,0.000000,330,560,750,890,1300,1500,1800,2000,2900,3300,3300,1475,0,330,514.1180181695871,36.627999994379934,3346.0936000046786,4057.971525423729
1781267675,300,,Aggregated,105.400000,0.000000,330,570,770,900,1300,1500,1800,2100,2900,3300,3300,1593,0,330,522.4730880101044,36.627999994379934,3346.0936000046786,4051.124921531701
1781267676,300,,Aggregated,106.800000,0.000000,350,610,800,920,1300,1500,1800,2000,2900,3300,3300,1721,0,350,535.8264452063371,36.627999994379934,3346.0936000046786,4048.450900639163
1781267677,300,,Aggregated,106.500000,0.000000,360,620,800,920,1300,1500,1800,2000,2900,3300,3300,1844,0,360,538.0310010304426,36.627999994379934,3346.0936000046786,4052.3009761388284
1781267678,300,,Aggregated,108.300000,0.000000,370,620,790,910,1200,1500,1800,2000,2900,3300,3300,1939,0,370,536.604073646275,36.627999994379934,3346.0936000046786,4039.3011861784425
1781267679,300,,Aggregated,110.500000,0.000000,380,640,820,930,1200,1500,1800,2000,2900,3300,3300,2061,0,380,544.6720474527511,36.627999994379934,3346.0936000046786,4051.2421154779236
1781267680,300,,Aggregated,111.100000,0.000000,380,650,840,950,1300,1500,1800,2000,2900,3300,3300,2174,0,380,554.1479454002463,36.627999994379934,3346.0936000046786,4071.609935602576
1781267681,300,,Aggregated,110.000000,0.000000,390,670,850,950,1300,1500,1800,2000,2900,3300,3300,2287,0,390,563.7367940534018,36.627999994379934,3346.0936000046786,4081.766069086139
1781267682,300,,Aggregated,113.700000,0.000000,400,680,850,950,1300,1500,1800,2000,2900,3300,3300,2376,0,400,567.4592353115253,36.627999994379934,3346.0936000046786,4078.5559764309764
1781267683,300,,Aggregated,113.200000,0.000000,420,700,870,980,1300,1500,1800,2000,2900,3300,3300,2472,0,410,579.1600011732241,36.627999994379934,3346.0936000046786,4065.519417475728
1781267684,300,,Aggregated,111.800000,0.000000,430,710,890,1000,1300,1600,1800,2000,2900,3300,3300,2530,0,430,590.5967564427625,36.627999994379934,3346.0936000046786,4065.41185770751
1781267685,300,,Aggregated,109.400000,0.000000,440,740,920,1000,1400,1700,2000,2300,3500,3700,3700,2614,0,440,618.4569705815552,36.627999994379934,3663.29649999534,4070.23221117062
1781267686,300,,Aggregated,108.400000,0.000000,460,750,940,1100,1400,1800,2200,2600,3700,3700,3700,2708,0,460,645.3000735598968,36.627999994379934,3701.3958000025013,4076.653988183161
1781267687,300,,Aggregated,101.400000,0.000000,470,770,960,1100,1500,2000,2500,3000,4100,4400,4400,2807,0,470,679.9856387246809,36.627999994379934,4382.1148999995785,4079.7032418952617
1781267688,300,,Aggregated,99.000000,0.000000,480,780,980,1100,1600,2100,2700,3400,4200,4400,4400,2906,0,480,707.1480105988252,36.627999994379934,4382.1148999995785,4092.8888506538196
1781267689,300,,Aggregated,96.100000,0.000000,500,800,1000,1200,1600,2200,2700,3500,4200,4400,4400,3060,0,500,721.2707737582241,36.627999994379934,4382.1148999995785,4098.365359477124
1781267690,300,,Aggregated,96.700000,0.000000,500,790,980,1100,1600,2100,2700,3400,4200,4400,4400,3162,0,490,713.7768364327127,36.627999994379934,4382.1148999995785,4110.497469955724
1781267691,300,,Aggregated,97.300000,0.000000,500,780,980,1100,1600,2100,2700,3300,4200,4400,4400,3277,0,500,709.6788528532946,36.627999994379934,4382.1148999995785,4096.023191943851
1781267692,300,,Aggregated,97.200000,0.000000,510,790,980,1100,1600,2100,2700,3300,4200,4400,4400,3378,0,510,708.85716770287,36.627999994379934,4382.1148999995785,4098.6231497927765
1781267693,300,,Aggregated,96.800000,0.000000,510,790,980,1100,1500,2100,2700,3300,4200,4400,4400,3513,0,510,707.6693082551448,36.627999994379934,4382.1148999995785,4087.3541132934815
1781267694,300,,Aggregated,96.300000,0.000000,510,780,980,1100,1500,2000,2700,3200,4200,4400,4400,3620,0,510,703.3571197790984,36.627999994379934,4382.1148999995785,4077.3864640883976
1781267695,300,,Aggregated,101.100000,0.000000,510,780,970,1100,1500,2000,2700,3200,4200,4400,4400,3733,0,510,696.8370717654323,36.627999994379934,4382.1148999995785,4066.062684168229
1781267696,300,,Aggregated,102.300000,0.000000,500,790,970,1100,1500,2000,2600,3200,4200,4400,4400,3850,0,500,695.3187325195581,36.627999994379934,4382.1148999995785,4063.6763636363635
1781267697,300,,Aggregated,110.800000,0.000000,500,800,980,1100,1500,2000,2600,3100,4200,4400,4400,3958,0,500,695.2881834007795,36.627999994379934,4382.1148999995785,4074.2064173825165
1781267698,300,,Aggregated,110.900000,0.000000,500,800,980,1100,1500,2000,2600,3100,4200,4400,4400,4072,0,500,693.9783415030057,36.627999994379934,4382.1148999995785,4070.700638506876
1781267699,300,,Aggregated,113.600000,0.000000,510,800,980,1100,1500,1900,2600,3100,4200,4400,4400,4189,0,510,697.0705711148885,36.627999994379934,4382.1148999995785,4075.7304846025304
1781267700,300,,Aggregated,113.600000,0.000000,510,800,980,1100,1500,1900,2500,3100,4200,4400,4400,4307,0,510,695.4606753425295,36.627999994379934,4382.1148999995785,4090.478755514279
1781267701,300,,Aggregated,112.400000,0.000000,510,790,970,1100,1500,1900,2500,3100,4200,4400,4400,4416,0,510,691.0399860507888,36.627999994379934,4382.1148999995785,4091.2423007246375
1781267702,300,,Aggregated,113.800000,0.000000,510,790,960,1100,1500,1900,2500,3100,4200,4400,4400,4537,0,510,687.6503888693661,36.627999994379934,4382.1148999995785,4100.797663654397
1781267703,300,,Aggregated,114.300000,0.000000,510,780,960,1100,1400,1900,2500,3000,4200,4400,4400,4648,0,510,685.0601748924907,36.627999994379934,4382.1148999995785,4088.797977624785
1781267704,300,,Aggregated,115.500000,0.000000,520,790,960,1100,1400,1900,2400,3000,4200,4400,4400,4755,0,520,684.4027420400236,36.627999994379934,4382.1148999995785,4096.225026288118
1781267705,300,,Aggregated,114.000000,0.000000,520,790,960,1100,1400,1900,2400,3000,4200,4400,4400,4837,0,520,685.5570736820965,36.627999994379934,4382.1148999995785,4094.1221831713874
1781267706,300,,Aggregated,113.500000,0.000000,540,810,990,1100,1500,1900,2400,3000,4200,4400,4400,4999,0,540,702.9213920784911,36.627999994379934,4382.1148999995785,4096.274654930986
1781267708,300,,Aggregated,108.200000,0.000000,540,810,980,1100,1500,1900,2400,3000,4200,4400,4400,5105,0,540,699.6061260921425,36.627999994379934,4382.1148999995785,4091.433692458374
1781267709,300,,Aggregated,110.700000,0.000000,540,810,980,1100,1500,1900,2400,2900,4200,4400,4400,5219,0,540,699.9249518874102,36.627999994379934,4382.1148999995785,4094.0971450469438
1781267710,300,,Aggregated,110.400000,0.000000,530,800,970,1100,1400,1800,2400,2900,4200,4400,4400,5348,0,530,692.0294701010331,36.627999994379934,4382.1148999995785,4091.244951383695
1781267711,300,,Aggregated,110.100000,0.000000,530,800,960,1100,1400,1800,2400,2900,4200,4400,4400,5457,0,530,690.2216773502562,36.627999994379934,4382.1148999995785,4098.001282756093
1781267712,300,,Aggregated,109.300000,0.000000,540,800,960,1100,1400,1800,2400,2900,4200,4400,4400,5551,0,540,689.5973855341944,36.627999994379934,4382.1148999995785,4098.007205908845
1781267713,300,,Aggregated,109.300000,0.000000,540,800,970,1100,1400,1800,2400,2800,4200,4400,4400,5634,0,540,691.8512048278765,36.627999994379934,4382.1148999995785,4098.901313454029
1781267714,300,,Aggregated,107.100000,0.000000,550,810,970,1100,1400,1800,2400,2800,4200,4400,4400,5760,0,550,697.555907864623,36.627999994379934,4382.1148999995785,4102.530208333334
1781267715,300,,Aggregated,104.600000,0.000000,550,810,980,1100,1500,1800,2400,2800,4200,4400,4400,5883,0,550,700.7487483257296,36.627999994379934,4382.1148999995785,4102.323644399116
1781267716,300,,Aggregated,105.500000,0.000000,560,810,980,1100,1400,1800,2400,2800,4200,4400,4400,5996,0,560,701.1598235657501,36.627999994379934,4382.1148999995785,4108.109739826551
1781267717,300,,Aggregated,106.700000,0.000000,560,810,980,1100,1400,1800,2400,2800,4100,4400,4400,6089,0,560,700.6049100345265,36.627999994379934,4382.1148999995785,4116.189029397274
1781267718,300,,Aggregated,110.100000,0.000000,570,820,980,1100,1400,1800,2400,2800,4100,4400,4400,6200,0,570,704.459565129067,36.627999994379934,4382.1148999995785,4120.199677419355
1781267719,300,,Aggregated,106.200000,0.000000,570,820,990,1100,1400,1800,2400,2800,4100,4400,4400,6295,0,570,706.2673527561815,36.627999994379934,4382.1148999995785,4116.70325655282
1781267720,300,,Aggregated,105.500000,0.000000,570,820,1000,1100,1500,1900,2400,2800,4100,4400,4400,6424,0,570,710.2023227428639,36.627999994379934,4382.1148999995785,4122.648038605231
1781267721,300,,Aggregated,105.700000,0.000000,570,830,1000,1100,1500,1900,2400,2700,4100,4400,4400,6537,0,570,710.1017205140254,36.627999994379934,4382.1148999995785,4125.705981337005
1781267722,300,,Aggregated,104.700000,0.000000,570,830,1000,1100,1500,1900,2300,2700,4100,4400,4400,6652,0,570,709.2882036380302,36.627999994379934,4382.1148999995785,4124.329825616356
1781267723,300,,Aggregated,105.600000,0.000000,570,840,1000,1100,1500,1900,2300,2700,4100,4400,4400,6762,0,570,709.8198782165346,36.627999994379934,4382.1148999995785,4127.325199645075
1781267724,300,,Aggregated,108.400000,0.000000,570,840,1000,1100,1500,1900,2300,2700,4100,4400,4400,6869,0,570,710.358220104853,36.627999994379934,4382.1148999995785,4127.919784539235
1781267725,300,,Aggregated,109.100000,0.000000,570,840,1000,1100,1500,1900,2300,2700,4100,4400,4400,6982,0,570,710.6414716413924,36.627999994379934,4382.1148999995785,4140.171297622458
1781267726,300,,Aggregated,109.500000,0.000000,570,850,1000,1100,1500,1900,2300,2700,4000,4400,4400,7084,0,570,711.5816651891903,36.627999994379934,4382.1148999995785,4144.075663466968
1781267727,300,,Aggregated,107.600000,0.000000,580,850,1000,1100,1500,1900,2300,2700,4000,4400,4400,7196,0,580,714.9787330739586,36.627999994379934,4382.1148999995785,4143.701222901612
1781267728,300,,Aggregated,108.900000,0.000000,580,860,1000,1100,1500,1900,2300,2700,4000,4400,4400,7311,0,580,718.077454561648,36.627999994379934,4382.1148999995785,4141.214881685132
1781267729,300,,Aggregated,107.800000,0.000000,580,860,1000,1100,1500,1900,2300,2700,4000,4400,4400,7427,0,580,717.3825796284159,36.627999994379934,4382.1148999995785,4142.121718055742
1781267730,300,,Aggregated,109.400000,0.000000,580,850,1000,1100,1500,1900,2300,2700,4000,4400,4400,7545,0,580,714.7828985288606,36.627999994379934,4382.1148999995785,4138.326971504307
1781267731,300,,Aggregated,112.100000,0.000000,570,850,1000,1100,1500,1800,2300,2700,4000,4400,4400,7663,0,570,711.7370105703023,36.627999994379934,4382.1148999995785,4143.423985384315
1781267732,300,,Aggregated,111.600000,0.000000,570,850,1000,1100,1400,1800,2300,2700,4000,4400,4400,7751,0,570,710.0324601342086,36.627999994379934,4382.1148999995785,4157.903367307445
1781267733,300,,Aggregated,112.900000,0.000000,570,850,1000,1100,1400,1800,2300,2700,4000,4400,4400,7873,0,570,709.6362550362317,36.627999994379934,4382.1148999995785,4161.148482154198
1781267734,300,,Aggregated,109.000000,0.000000,580,850,1000,1100,1500,1800,2300,2700,4000,4400,4400,7979,0,580,712.3610076075018,36.627999994379934,4382.1148999995785,4159.524752475248
1781267735,300,,Aggregated,110.200000,0.000000,580,850,1000,1100,1500,1800,2300,2600,4000,4400,4400,8111,0,580,712.3537118727986,36.627999994379934,4382.1148999995785,4154.712365922821
1781267736,300,,Aggregated,109.000000,0.000000,570,840,1000,1100,1400,1800,2300,2600,4000,4400,4400,8229,0,570,709.3970943006759,36.627999994379934,4382.1148999995785,4148.609065500061
1781267737,300,,Aggregated,111.700000,0.000000,570,840,1000,1100,1400,1800,2300,2600,4000,4400,4400,8328,0,570,708.1355113232768,36.627999994379934,4382.1148999995785,4151.9191882805
1781267738,300,,Aggregated,112.400000,0.000000,580,840,1000,1100,1400,1800,2200,2600,4000,4400,4400,8469,0,580,707.7099141457402,36.627999994379934,4382.1148999995785,4146.342071082772
1781267739,300,,Aggregated,114.400000,0.000000,570,830,1000,1100,1400,1800,2200,2600,4000,4400,4400,8576,0,570,704.5776673624391,36.627999994379934,4382.1148999995785,4146.232159514925
1781267740,300,,Aggregated,112.800000,0.000000,570,820,1000,1100,1400,1800,2200,2600,4000,4400,4400,8697,0,570,700.9815682994464,36.627999994379934,4382.1148999995785,4147.442566402207
1781267741,300,,Aggregated,113.300000,0.000000,560,820,1000,1100,1400,1800,2200,2600,4000,4400,4400,8794,0,560,699.4454853650502,36.627999994379934,4382.1148999995785,4148.866727314078
1781267742,300,,Aggregated,114.200000,0.000000,570,820,1000,1100,1400,1800,2200,2600,4000,4400,4400,8908,0,570,699.4002770543577,36.627999994379934,4382.1148999995785,4154.686012572968
1781267743,300,,Aggregated,111.800000,0.000000,570,820,1000,1100,1400,1800,2200,2600,4000,4400,4400,9023,0,570,699.6892443311721,36.627999994379934,4382.1148999995785,4162.618087110717
1781267744,300,,Aggregated,114.800000,0.000000,570,820,1000,1100,1400,1800,2200,2600,4000,4400,4400,9121,0,570,698.7073895844914,36.627999994379934,4382.1148999995785,4166.8931038263345
1781267745,300,,Aggregated,114.700000,0.000000,570,820,1000,1100,1400,1800,2200,2600,4000,4400,4400,9243,0,570,699.1403972303494,36.627999994379934,4382.1148999995785,4163.879584550471
1781267746,300,,Aggregated,114.800000,0.000000,570,820,1000,1100,1400,1800,2200,2600,4000,4400,4400,9363,0,570,699.2610433515052,36.627999994379934,4382.1148999995785,4154.865961764392
1781267747,300,,Aggregated,112.400000,0.000000,570,820,1000,1100,1400,1800,2200,2600,4000,4400,4400,9496,0,570,698.4891023062514,36.627999994379934,4382.1148999995785,4152.278011794439
1781267748,300,,Aggregated,113.200000,0.000000,570,820,1000,1100,1400,1800,2200,2500,4000,4400,4400,9611,0,570,695.7949563729209,36.627999994379934,4382.1148999995785,4152.766413484549
1781267749,300,,Aggregated,112.900000,0.000000,560,820,990,1100,1400,1800,2200,2500,4000,4400,4400,9714,0,560,693.1921345789704,36.627999994379934,4382.1148999995785,4160.073502161828
1781267750,300,,Aggregated,116.500000,0.000000,560,820,990,1100,1400,1800,2200,2500,4000,4400,4400,9832,0,560,693.2808580349957,36.627999994379934,4382.1148999995785,4158.311838893409
1781267751,300,,Aggregated,113.700000,0.000000,560,820,1000,1100,1400,1800,2200,2500,4000,4400,4400,9922,0,560,693.357780326551,36.627999994379934,4382.1148999995785,4161.048679701673
1781267754,300,,Aggregated,109.600000,0.000000,570,830,1000,1100,1400,1800,2200,2600,4000,4300,4400,10067,0,570,703.4367358398779,36.627999994379934,4382.1148999995785,4155.222807191815
1781267757,300,,Aggregated,88.800000,0.000000,580,840,1000,1100,1500,1800,2300,2800,4000,4300,4400,10114,0,580,715.5585011568173,36.627999994379934,4382.1148999995785,4153.294344473008
1781267758,300,,Aggregated,76.700000,0.000000,580,850,1000,1200,1500,1900,2600,3200,4000,4300,4400,10240,0,580,733.5220225293044,36.627999994379934,4382.1148999995785,4156.4607421875
1781267759,300,,Aggregated,65.800000,0.000000,590,860,1000,1200,1500,1900,2600,3300,4000,4300,4400,10381,0,590,744.7047008091843,36.627999994379934,4382.1148999995785,4155.11993064252
1781267760,300,,Aggregated,61.900000,0.000000,590,860,1000,1200,1500,2000,2600,3200,4000,4300,4400,10480,0,590,744.1604308301647,36.627999994379934,4382.1148999995785,4146.848950381679
1781267761,300,,Aggregated,66.200000,0.000000,590,860,1000,1200,1500,1900,2600,3200,4000,4300,4400,10576,0,590,742.3011763237575,36.627999994379934,4382.1148999995785,4148.901191376702
1781267762,300,,Aggregated,66.600000,0.000000,590,860,1000,1200,1500,1900,2600,3200,4000,4300,4400,10700,0,590,742.0362948317864,36.627999994379934,4382.1148999995785,4148.231869158879
1781267763,300,,Aggregated,65.000000,0.000000,590,860,1000,1200,1500,1900,2600,3200,4000,4300,4400,10814,0,590,742.3136353430804,36.627999994379934,4382.1148999995785,4148.9385056408355
1781267764,300,,Aggregated,67.300000,0.000000,590,850,1000,1200,1500,1900,2600,3200,4000,4300,4400,10923,0,590,740.3204388080268,36.627999994379934,4382.1148999995785,4145.011352192621
1781267765,300,,Aggregated,72.900000,0.000000,590,850,1000,1200,1500,1900,2600,3200,4000,4300,4400,11042,0,590,739.0228909074503,36.627999994379934,4382.1148999995785,4140.090201050534
1781267766,300,,Aggregated,84.100000,0.000000,590,850,1000,1200,1500,1900,2600,3200,4000,4300,4400,11142,0,590,737.872954047754,36.627999994379934,4382.1148999995785,4137.273828756058
1781267767,300,,Aggregated,90.200000,0.000000,590,850,1000,1200,1500,1900,2600,3200,4000,4300,4400,11245,0,590,737.512972138737,36.627999994379934,4382.1148999995785,4138.148688305913
1781267768,300,,Aggregated,102.000000,0.000000,600,850,1000,1200,1500,1900,2500,3200,4000,4300,4400,11371,0,600,737.7885529505015,36.627999994379934,4382.1148999995785,4143.212646205259
1781267769,300,,Aggregated,112.200000,0.000000,600,850,1000,1200,1500,1900,2500,3200,4000,4300,4400,11482,0,600,737.5871387824606,36.627999994379934,4382.1148999995785,4144.442867096324
1781267770,300,,Aggregated,113.600000,0.000000,590,850,1000,1200,1500,1900,2500,3200,4000,4300,4400,11593,0,590,736.795864504459,36.627999994379934,4382.1148999995785,4143.914689899077
1781267771,300,,Aggregated,109.700000,0.000000,590,850,1000,1200,1500,1900,2500,3200,4000,4300,4400,11699,0,590,735.3888866057077,36.627999994379934,4382.1148999995785,4144.805624412343
1781267772,300,,Aggregated,110.200000,0.000000,590,850,1000,1200,1500,1900,2500,3200,4000,4300,4400,11836,0,590,733.9526654866617,36.627999994379934,4382.1148999995785,4147.906978709023
1781267773,300,,Aggregated,110.800000,0.000000,590,850,1000,1200,1500,1900,2500,3200,4000,4300,4400,11948,0,590,732.4239828423251,36.627999994379934,4382.1148999995785,4142.269668563777
1781267774,300,,Aggregated,112.400000,0.000000,590,850,1000,1100,1500,1900,2500,3200,4000,4300,4400,12051,0,590,731.362524595473,36.627999994379934,4382.1148999995785,4139.880092938345
1781267775,300,,Aggregated,112.100000,0.000000,590,850,1000,1100,1500,1900,2500,3100,4000,4300,4400,12161,0,590,730.7209346353133,36.627999994379934,4382.1148999995785,4136.95485568621
1781267776,300,,Aggregated,112.200000,0.000000,590,850,1000,1200,1500,1900,2400,3100,4000,4300,4400,12267,0,590,731.8913990054651,36.627999994379934,4382.1148999995785,4138.529958425042
1781267777,300,,Aggregated,111.700000,0.000000,590,850,1000,1200,1500,1900,2400,3100,4000,4300,4400,12383,0,590,731.8696225631948,36.627999994379934,4382.1148999995785,4141.604861503674
1781267778,300,,Aggregated,109.700000,0.000000,590,850,1000,1200,1500,1900,2400,3100,4000,4300,4400,12488,0,590,732.9015280669479,36.627999994379934,4382.1148999995785,4144.169362588084
1781267779,300,,Aggregated,111.700000,0.000000,590,850,1000,1200,1500,1900,2400,3100,4000,4300,4400,12595,0,590,732.7119017784893,36.627999994379934,4382.1148999995785,4143.4599444223895
1781267780,300,,Aggregated,112.000000,0.000000,590,850,1000,1200,1500,1900,2400,3100,4000,4300,4400,12714,0,590,733.2958468695972,36.627999994379934,4382.1148999995785,4141.509988988517
1781267781,300,,Aggregated,112.000000,0.000000,590,850,1000,1200,1500,1900,2400,3100,4000,4300,4400,12827,0,590,733.2478673033525,36.627999994379934,4382.1148999995785,4146.1443829422315
1781267782,300,,Aggregated,110.700000,0.000000,590,850,1000,1200,1500,1900,2400,3100,4000,4300,4400,12925,0,590,733.5028778878267,36.627999994379934,4382.1148999995785,4148.710406189555
1781267783,300,,Aggregated,111.700000,0.000000,590,850,1000,1200,1500,1900,2400,3100,4000,4300,4400,13058,0,590,732.8767300352388,36.627999994379934,4382.1148999995785,4144.323250114872
1781267784,300,,Aggregated,110.800000,0.000000,590,850,1000,1200,1500,1900,2400,3100,4000,4300,4400,13185,0,590,730.732222313242,36.627999994379934,4382.1148999995785,4141.884565794463
1781267785,300,,Aggregated,109.600000,0.000000,590,850,1000,1100,1500,1900,2400,3100,4000,4300,4400,13300,0,590,727.848310947378,36.627999994379934,4382.1148999995785,4142.716240601504
1781267786,300,,Aggregated,110.800000,0.000000,590,840,1000,1100,1500,1900,2400,3100,4000,4300,4400,13429,0,590,725.8559162633196,36.627999994379934,4382.1148999995785,4145.453570630724
1781267787,300,,Aggregated,113.400000,0.000000,580,840,1000,1100,1500,1900,2400,3100,4000,4300,4400,13564,0,580,723.1710574535591,36.627999994379934,4382.1148999995785,4141.540843409024
1781267788,300,,Aggregated,114.100000,0.000000,580,830,1000,1100,1500,1800,2400,3100,4000,4300,4400,13695,0,580,719.9261919240671,36.627999994379934,4382.1148999995785,4140.118948521358
1781267789,300,,Aggregated,115.600000,0.000000,570,830,1000,1100,1500,1800,2400,3100,4000,4300,4400,13798,0,570,717.0961315770471,36.627999994379934,4382.1148999995785,4143.663357008262
1781267790,300,,Aggregated,118.200000,0.000000,570,820,1000,1100,1400,1800,2400,3100,4000,4300,4400,13914,0,570,714.4425218628747,36.627999994379934,4382.1148999995785,4145.721647261751
1781267791,300,,Aggregated,120.300000,0.000000,570,820,1000,1100,1400,1800,2400,3100,4000,4300,4400,14044,0,570,712.8513150598162,36.627999994379934,4382.1148999995785,4139.91661919681
1781267792,300,,Aggregated,120.300000,0.000000,570,820,1000,1100,1400,1800,2400,3000,4000,4300,4400,14152,0,570,711.2924685698197,36.627999994379934,4382.1148999995785,4137.940149802148
1781267794,300,,Aggregated,121.800000,0.000000,570,820,1000,1100,1400,1800,2400,3000,4000,4300,4400,14312,0,570,710.0705056595942,36.627999994379934,4382.1148999995785,4136.372833985467
1781267795,300,,Aggregated,121.400000,0.000000,570,820,1000,1100,1400,1800,2400,3000,4000,4300,4400,14407,0,570,708.2879272506531,36.627999994379934,4382.1148999995785,4132.744638023183
1781267796,300,,Aggregated,115.400000,0.000000,570,820,1000,1100,1400,1800,2400,3000,4000,4300,4400,14533,0,570,709.0289671919214,36.627999994379934,4382.1148999995785,4129.207871740177
1781267797,300,,Aggregated,117.500000,0.000000,570,820,1000,1100,1400,1800,2400,3000,4000,4300,4400,14647,0,570,708.2146344166171,36.627999994379934,4382.1148999995785,4131.704239776063
1781267798,300,,Aggregated,119.300000,0.000000,570,820,990,1100,1400,1800,2300,3000,4000,4300,4400,14786,0,570,706.981320059526,36.627999994379934,4382.1148999995785,4136.176585959692
1781267800,300,,Aggregated,112.300000,0.000000,570,820,1000,1100,1400,1800,2300,3000,4000,4300,4400,14838,0,570,709.1016401738863,36.627999994379934,4382.1148999995785,4137.080738644022
1781267802,300,,Aggregated,95.300000,0.000000,580,830,1000,1100,1500,1800,2400,3000,4000,4300,4400,14966,0,580,719.9959973005576,36.627999994379934,4382.1148999995785,4140.069156755312
1781267803,300,,Aggregated,89.400000,0.000000,580,840,1000,1100,1500,1900,2400,2900,4000,4300,4400,15129,0,580,724.3751725361997,36.627999994379934,4382.1148999995785,4136.194857558332
1781267804,300,,Aggregated,83.900000,0.000000,580,830,1000,1100,1500,1900,2400,2900,4000,4300,4400,15231,0,580,721.2219285010943,36.627999994379934,4382.1148999995785,4137.899153043136
1781267805,300,,Aggregated,93.500000,0.000000,570,830,1000,1100,1500,1900,2400,2900,4000,4300,4400,15323,0,570,717.6508579194784,36.627999994379934,4382.1148999995785,4141.6107811786205
1781267806,300,,Aggregated,96.600000,0.000000,570,830,1000,1100,1500,1900,2400,2900,4000,4300,4400,15395,0,570,714.879999129601,36.627999994379934,4382.1148999995785,4140.135238713868
1781267807,300,,Aggregated,91.700000,0.000000,570,820,1000,1100,1500,1900,2400,2900,4000,4300,4400,15442,0,570,713.1827012174728,36.627999994379934,4382.1148999995785,4139.311229115399
1781267808,300,,Aggregated,87.200000,0.000000,560,820,1000,1100,1500,1900,2400,2900,4000,4300,4400,15482,0,560,711.7902901627837,36.627999994379934,4382.1148999995785,4137.870494768118
1781267809,300,,Aggregated,80.200000,0.000000,560,820,1000,1100,1500,1900,2400,2900,4000,4300,4400,15508,0,560,710.8824682164189,36.627999994379934,4382.1148999995785,4135.579120453959
1781267810,300,,Aggregated,75.000000,0.000000,560,820,1000,1100,1500,1900,2400,2900,4000,4300,4400,15527,0,560,710.0757360533407,36.627999994379934,4382.1148999995785,4134.579957493399
1781267811,300,,Aggregated,71.700000,0.000000,560,820,1000,1100,1500,1900,2400,2900,4000,4300,4400,15542,0,560,709.6347123085984,36.627999994379934,4382.1148999995785,4134.877493244113
1781267812,300,,Aggregated,73.700000,0.000000,560,820,1000,1100,1500,1900,2400,2900,4000,4300,4400,15554,0,560,709.1249074643333,36.627999994379934,4382.1148999995785,4134.703998971326
1781267813,300,,Aggregated,70.200000,0.000000,560,820,1000,1100,1500,1900,2400,2900,4000,4300,4400,15560,0,560,708.8712547815065,36.627999994379934,4382.1148999995785,4135.179820051414
1781267814,300,,Aggregated,63.700000,0.000000,560,820,1000,1100,1500,1900,2400,2900,4000,4300,4400,15565,0,560,708.6587500225017,36.627999994379934,4382.1148999995785,4135.316543527144
1781267815,300,,Aggregated,44.500000,0.000000,560,820,1000,1100,1500,1900,2400,2900,4000,4300,4400,15570,0,560,708.4482693256429,36.627999994379934,4382.1148999995785,4135.392742453436
1781267816,300,,Aggregated,44.500000,0.000000,560,820,1000,1100,1500,1900,2400,2900,4000,4300,4400,15571,0,560,708.4056434911221,36.627999994379934,4382.1148999995785,4135.128765011881
1781267817,300,,Aggregated,34.700000,0.000000,560,820,1000,1100,1500,1900,2400,2900,4000,4300,4400,15573,0,560,708.3211604636397,36.627999994379934,4382.1148999995785,4135.459449046427
1781267818,300,,Aggregated,18.100000,0.000000,560,820,1000,1100,1500,1900,2400,3000,4000,14000,14000,15581,0,560,712.9669258455986,36.627999994379934,14076.025900001696,4135.097426352609
1781267819,300,,Aggregated,13.700000,0.000000,560,820,1000,1100,1500,1900,2400,3100,11000,15000,15000,15596,0,560,724.3154353039411,36.627999994379934,14866.841900002328,4133.721659399846
1781267820,300,,Aggregated,10.200000,0.000000,560,820,1000,1100,1500,1900,2400,3100,14000,15000,16000,15610,0,560,732.6617160730468,36.627999994379934,15645.282699995732,4134.065663036515
1781267821,300,,Aggregated,8.800000,0.000000,560,820,1000,1100,1500,1900,2400,3200,15000,16000,16000,15625,0,560,739.6088789248176,36.627999994379934,16372.333999999682,4133.395456
1781267822,300,,Aggregated,8.200000,0.000000,560,820,1000,1100,1500,1900,2500,3300,16000,17000,17000,15653,0,560,758.1047085031807,36.627999994379934,16891.424699999334,4132.321663578867
1781267823,300,,Aggregated,8.300000,0.000000,560,820,1000,1100,1500,1900,2500,3400,16000,17000,18000,15673,0,560,766.8545690997454,36.627999994379934,17875.129599997308,4132.328781981752
1781267824,300,,Aggregated,9.600000,0.000000,560,820,1000,1100,1500,1900,2500,3400,17000,19000,19000,15693,0,560,777.2953397247376,36.627999994379934,18719.068500002322,4132.961320333907
1781267825,300,,Aggregated,10.700000,0.000000,560,820,1000,1100,1500,1900,2600,3500,17000,20000,20000,15714,0,560,787.9404338679085,36.627999994379934,19835.409499995876,4131.656548300878
1781267826,300,,Aggregated,12.100000,0.000000,560,820,1000,1100,1500,1900,2600,3600,18000,20000,20000,15730,0,560,794.0006461093648,36.627999994379934,19899.753599995165,4131.431023521933
1781267827,300,,Aggregated,13.100000,0.000000,560,820,1000,1100,1500,1900,2700,3700,19000,22000,22000,15758,0,560,814.3607255870219,36.627999994379934,22477.303200001188,4129.557684985404
1781267828,300,,Aggregated,15.400000,0.000000,560,830,1000,1100,1500,2000,2800,4000,22000,24000,24000,15802,0,560,855.1063888558594,36.627999994379934,24066.609000001336,4131.484242500949
1781267829,300,,Aggregated,16.700000,0.000000,560,830,1000,1100,1500,2000,3000,11000,22000,24000,24000,15837,0,560,878.4185109111767,36.627999994379934,24066.609000001336,4133.7488160636485
1781267830,300,,Aggregated,20.600000,0.000000,560,830,1000,1100,1500,2000,3100,13000,23000,25000,25000,15873,0,560,897.813064751485,36.627999994379934,25484.43899999984,4132.973035973036
1781267831,300,,Aggregated,23.000000,0.000000,560,830,1000,1100,1500,2000,3200,14000,24000,26000,26000,15906,0,560,920.5090255061186,36.08489999896847,26300.66739999893,4134.428140324406
1781267832,300,,Aggregated,25.300000,0.000000,560,830,1000,1100,1500,2000,3200,15000,25000,26000,27000,15935,0,560,933.1840486225489,36.08489999896847,27457.34710000397,4137.06689676812
1781267833,300,,Aggregated,26.700000,0.000000,560,830,1000,1100,1500,2000,3300,16000,26000,27000,27000,15970,0,560,954.1636385660829,36.08489999896847,27457.34710000397,4137.374827802129
1781267834,300,,Aggregated,27.200000,0.000000,560,830,1000,1100,1500,2000,3400,16000,26000,27000,27000,16002,0,560,972.1194394575894,36.08489999896847,27457.34710000397,4137.00574928134
1781267835,300,,Aggregated,29.200000,0.000000,560,830,1000,1100,1500,2100,3600,16000,26000,28000,31000,16041,0,560,986.9396001184668,36.08489999896847,30884.469000004174,4135.128420921389
1781267836,300,,Aggregated,30.600000,0.000000,560,830,1000,1200,1500,2100,3700,17000,27000,29000,31000,16073,0,560,1003.1322611460425,36.08489999896847,30884.469000004174,4134.89684564176
1781267837,300,,Aggregated,32.800000,0.000000,560,830,1000,1200,1600,2100,3800,18000,27000,32000,33000,16114,0,560,1023.8800777833137,36.08489999896847,32747.00359999406,4137.54325431302
1781267838,300,,Aggregated,33.300000,0.000000,560,830,1000,1200,1600,2100,4000,19000,28000,33000,33000,16153,0,560,1039.9360401164058,36.08489999896847,33462.371099994925,4134.7341670277965
1781267839,300,,Aggregated,35.700000,0.000000,560,830,1000,1200,1600,2100,4200,19000,29000,34000,34000,16197,0,560,1052.0707381737564,36.08489999896847,34146.13130000362,4137.02414027289
1781267840,300,,Aggregated,35.600000,0.000000,560,840,1000,1200,1600,2200,5700,20000,32000,35000,35000,16261,0,560,1081.6405938872354,36.08489999896847,34921.93560000305,4139.681569399176
1781267841,300,,Aggregated,35.400000,0.000000,560,840,1000,1200,1600,2200,11000,21000,33000,35000,35000,16372,0,560,1134.422999181553,36.08489999896847,35101.98990000208,4141.431468360615
1781267842,300,,Aggregated,37.100000,0.000000,560,840,1000,1200,1600,2300,12000,21000,34000,36000,36000,16511,0,560,1177.7757922112753,34.90639999654377,36418.00820000208,4138.940827327237
1781267843,300,,Aggregated,42.500000,0.000000,560,840,1000,1200,1700,2400,13000,21000,34000,36000,36000,16660,0,560,1198.2143297659302,34.90639999654377,36418.00820000208,4141.481872749099
1781267844,300,,Aggregated,52.500000,0.000000,560,840,1000,1200,1700,2400,13000,21000,34000,36000,36000,16758,0,560,1192.2692186120298,34.90639999654377,36418.00820000208,4139.728070175439
1781267845,300,,Aggregated,63.600000,0.000000,560,830,1000,1200,1600,2400,13000,21000,34000,36000,36000,16883,0,560,1186.5934116271017,34.90639999654377,36418.00820000208,4140.002191553634
1781267846,300,,Aggregated,72.800000,0.000000,560,830,1000,1200,1600,2400,13000,21000,34000,36000,36000,16985,0,560,1183.5600935354944,34.90639999654377,36418.00820000208,4139.737533117456
1781267847,300,,Aggregated,79.700000,0.000000,560,830,1000,1200,1600,2400,12000,21000,34000,36000,36000,17099,0,560,1179.615565249448,34.90639999654377,36418.00820000208,4143.36048891748
1781267848,300,,Aggregated,88.100000,0.000000,560,830,1000,1200,1600,2400,12000,21000,34000,36000,36000,17207,0,560,1176.5403706282525,34.90639999654377,36418.00820000208,4144.704132039286
1781267849,300,,Aggregated,94.800000,0.000000,560,830,1000,1200,1600,2400,12000,21000,34000,36000,36000,17337,0,560,1172.809997225609,34.90639999654377,36418.00820000208,4142.1604660552575
1781267850,300,,Aggregated,102.100000,0.000000,560,830,1000,1200,1600,2300,12000,21000,34000,36000,36000,17442,0,560,1169.2786704449243,34.90639999654377,36418.00820000208,4139.995814700149
1781267851,300,,Aggregated,110.000000,0.000000,560,830,1000,1200,1600,2300,12000,21000,34000,36000,36000,17564,0,560,1166.3094243965106,34.90639999654377,36418.00820000208,4140.895297198816
1781267852,300,,Aggregated,115.800000,0.000000,560,830,1000,1200,1600,2300,12000,21000,34000,36000,36000,17664,0,560,1162.6229429574473,34.90639999654377,36418.00820000208,4143.375339673913
1781267853,300,,Aggregated,118.800000,0.000000,560,830,1000,1200,1600,2300,11000,21000,34000,36000,36000,17762,0,560,1160.3003826708896,34.90639999654377,36418.00820000208,4142.177063393762
1781267854,300,,Aggregated,118.700000,0.000000,560,830,1000,1200,1600,2300,11000,21000,34000,36000,36000,17886,0,560,1158.1626674102838,34.90639999654377,36418.00820000208,4142.655372917366
1781267855,300,,Aggregated,111.200000,0.000000,560,840,1000,1200,1600,2300,11000,20000,34000,36000,36000,18001,0,560,1155.8156238986915,34.90639999654377,36418.00820000208,4140.979556691295
1781267856,300,,Aggregated,110.900000,0.000000,560,840,1000,1200,1600,2300,11000,20000,34000,36000,36000,18101,0,560,1152.2624690956477,34.90639999654377,36418.00820000208,4136.727142146843
1781267857,300,,Aggregated,111.600000,0.000000,560,830,1000,1200,1600,2300,11000,20000,34000,36000,36000,18166,0,560,1148.3874049378117,34.90639999654377,36418.00820000208,4133.979797423759
1781267858,300,,Aggregated,112.400000,0.000000,550,830,1000,1200,1600,2300,11000,20000,34000,36000,36000,18209,0,550,1145.9095745785198,34.90639999654377,36418.00820000208,4132.47421604701
1781267859,300,,Aggregated,108.800000,0.000000,550,830,1000,1200,1600,2300,11000,20000,34000,36000,36000,18249,0,550,1143.9671761521317,34.90639999654377,36418.00820000208,4131.854074195846
1781267860,300,,Aggregated,102.300000,0.000000,550,830,1000,1200,1600,2300,11000,20000,34000,36000,36000,18271,0,550,1142.6912430244797,34.90639999654377,36418.00820000208,4132.726999069564
1781267861,300,,Aggregated,94.900000,0.000000,550,830,1000,1200,1600,2300,11000,20000,34000,36000,36000,18293,0,550,1141.3812834472367,34.90639999654377,36418.00820000208,4132.772973268463
1781267862,300,,Aggregated,87.100000,0.000000,550,830,1000,1200,1600,2300,11000,20000,34000,36000,36000,18305,0,550,1140.664789013947,34.90639999654377,36418.00820000208,4132.7930620049165
1781267863,300,,Aggregated,77.900000,0.000000,550,830,1000,1200,1600,2300,11000,20000,34000,36000,36000,18315,0,550,1140.070452115769,34.90639999654377,36418.00820000208,4134.1619983619985
1781267864,300,,Aggregated,66.700000,0.000000,550,830,1000,1200,1600,2300,11000,20000,34000,36000,36000,18325,0,550,1139.4808843656378,34.90639999654377,36418.00820000208,4134.035688949522
1781267865,300,,Aggregated,60.400000,0.000000,550,830,1000,1200,1600,2300,11000,20000,34000,36000,36000,18331,0,550,1139.1361722110257,34.90639999654377,36418.00820000208,4133.877911734221
1781267866,300,,Aggregated,49.200000,0.000000,550,830,1000,1200,1600,2300,11000,20000,34000,36000,36000,18337,0,550,1138.7885887113662,34.90639999654377,36418.00820000208,4133.496100779844
1781267867,300,,Aggregated,38.700000,0.000000,550,830,1000,1200,1600,2300,11000,20000,34000,36000,36000,18341,0,550,1138.554650673372,34.90639999654377,36418.00820000208,4133.160078512622
1781267868,300,,Aggregated,26.900000,0.000000,550,830,1000,1200,1600,2300,11000,20000,34000,36000,36000,18345,0,550,1138.3329202998261,34.90639999654377,36418.00820000208,4132.921668029436
1781267869,300,,Aggregated,20.500000,0.000000,550,830,1000,1200,1600,2300,12000,20000,34000,36000,36000,18365,0,550,1148.9200477484517,34.90639999654377,36418.00820000208,4132.19460931119
1781267870,300,,Aggregated,15.900000,0.000000,550,830,1000,1200,1600,2300,12000,20000,34000,36000,36000,18376,0,550,1153.4557260448569,34.90639999654377,36418.00820000208,4132.157215933827
1781267871,300,,Aggregated,12.600000,0.000000,550,830,1000,1200,1600,2300,13000,20000,34000,36000,36000,18395,0,550,1161.119403174791,34.90639999654377,36418.00820000208,4132.164283772764
1781267872,300,,Aggregated,10.900000,0.000000,550,830,1000,1200,1600,2400,13000,20000,34000,36000,36000,18421,0,550,1172.816423000938,34.90639999654377,36418.00820000208,4132.324900928288
1781267873,300,,Aggregated,9.700000,0.000000,550,830,1000,1200,1600,2400,14000,20000,34000,36000,36000,18452,0,550,1185.0879744960037,34.90639999654377,36418.00820000208,4132.028181226968
1781267874,300,,Aggregated,10.500000,0.000000,550,830,1000,1200,1600,2400,14000,20000,34000,36000,36000,18482,0,550,1194.7044822908913,34.90639999654377,36418.00820000208,4131.004599069365
1781267875,300,,Aggregated,11.900000,0.000000,550,830,1000,1200,1600,2400,14000,20000,34000,36000,36000,18513,0,550,1204.5388367741746,34.90639999654377,36418.00820000208,4130.529465780803
1781267876,300,,Aggregated,13.800000,0.000000,550,830,1000,1200,1600,2400,14000,20000,34000,36000,36000,18545,0,550,1214.2441144837032,34.90639999654377,36418.00820000208,4128.904125101106
1781267877,300,,Aggregated,15.800000,0.000000,550,830,1000,1200,1600,2400,15000,20000,34000,36000,36000,18580,0,550,1223.200739375687,34.90639999654377,36418.00820000208,4129.838966630786
1781267878,300,,Aggregated,18.900000,0.000000,550,830,1000,1200,1700,2500,15000,20000,34000,36000,36000,18612,0,550,1231.0259608371084,34.90639999654377,36418.00820000208,4129.653718031378
1781267879,300,,Aggregated,21.400000,0.000000,550,830,1000,1200,1700,2500,15000,20000,34000,36000,36000,18641,0,550,1231.6857492302051,34.90639999654377,36418.00820000208,4129.951933909125
1781267880,300,,Aggregated,24.400000,0.000000,550,830,1000,1200,1700,2500,16000,21000,34000,36000,36000,18681,0,550,1255.1851561586764,34.90639999654377,36418.00820000208,4128.982334992774
1781267881,300,,Aggregated,26.700000,0.000000,550,830,1000,1200,1700,2600,16000,21000,34000,36000,36000,18723,0,550,1273.9113817123452,34.90639999654377,36418.00820000208,4131.032259787427
1781267882,300,,Aggregated,28.400000,0.000000,550,830,1000,1200,1700,2700,16000,22000,34000,36000,36000,18782,0,550,1296.7093613832535,34.90639999654377,36418.00820000208,4135.151634543712
1781267883,300,,Aggregated,30.800000,0.000000,550,830,1000,1200,1700,2700,17000,22000,34000,36000,36000,18832,0,550,1318.730154949037,34.90639999654377,36418.00820000208,4135.215271877655
1781267884,300,,Aggregated,33.200000,0.000000,550,830,1000,1200,1700,2800,17000,22000,34000,36000,36000,18900,0,550,1347.3589772751452,34.90639999654377,36418.00820000208,4135.762222222223
1781267885,300,,Aggregated,35.800000,0.000000,540,830,1000,1200,1700,3000,17000,23000,34000,36000,36000,18953,0,540,1357.5268591199394,34.90639999654377,36418.00820000208,4134.267081728486
1781267887,300,,Aggregated,42.100000,0.000000,540,830,1000,1200,1700,3100,18000,23000,33000,36000,36000,19036,0,540,1381.0577971370144,34.90639999654377,36418.00820000208,4134.636530783778
1781267888,300,,Aggregated,44.300000,0.000000,540,830,1000,1200,1700,3200,18000,24000,33000,36000,36000,19116,0,540,1397.8686672211866,34.90639999654377,36418.00820000208,4132.701506591337
1781267889,300,,Aggregated,47.200000,0.000000,540,830,1000,1200,1700,3400,19000,24000,33000,36000,36000,19199,0,540,1421.8544230793389,34.90639999654377,36418.00820000208,4131.457888431689
1781267890,300,,Aggregated,52.400000,0.000000,540,830,1000,1200,1700,3400,19000,25000,33000,36000,36000,19280,0,540,1431.4242253993898,34.90639999654377,36418.00820000208,4132.346317427386
1781267891,300,,Aggregated,56.700000,0.000000,540,830,1000,1200,1700,3600,19000,25000,33000,36000,36000,19371,0,540,1442.2572300707366,34.90639999654377,36418.00820000208,4131.776056992411
1781267892,300,,Aggregated,61.900000,0.000000,540,830,1000,1200,1800,3800,19000,25000,34000,36000,36000,19476,0,540,1455.846926489025,34.90639999654377,36418.00820000208,4131.283271719039
1781267893,300,,Aggregated,66.400000,0.000000,540,830,1000,1200,1800,3800,19000,25000,34000,36000,36000,19562,0,540,1458.5812511450908,34.90639999654377,36418.00820000208,4130.109600245373
1781267894,300,,Aggregated,71.400000,0.000000,530,830,1000,1200,1800,4000,19000,25000,34000,36000,36000,19652,0,530,1459.223387604329,34.90639999654377,36418.00820000208,4131.720740891512
1781267895,300,,Aggregated,75.900000,0.000000,530,830,1000,1200,1800,4100,19000,25000,34000,36000,36000,19732,0,530,1457.3994897577695,34.90639999654377,36418.00820000208,4132.947091019663
1781267896,300,,Aggregated,78.800000,0.000000,530,830,1000,1200,1800,4400,19000,25000,34000,36000,36000,19815,0,530,1459.350703916238,34.90639999654377,36418.00820000208,4132.143729497855
1781267897,300,,Aggregated,80.500000,0.000000,530,830,1000,1200,1800,4600,18000,25000,34000,36000,36000,19903,0,530,1459.8365845852543,34.90639999654377,36418.00820000208,4132.169823644676
1781267898,300,,Aggregated,83.800000,0.000000,530,830,1000,1200,1800,4700,18000,25000,34000,36000,36000,19979,0,530,1457.6190696481467,34.90639999654377,36418.00820000208,4132.094399119075
1781267899,300,,Aggregated,85.800000,0.000000,530,820,1000,1200,1800,4800,18000,24000,33000,36000,36000,20066,0,530,1460.1339585966462,34.90639999654377,36418.00820000208,4133.6509518588655
1781267900,300,,Aggregated,85.000000,0.000000,520,830,1000,1200,1800,4900,18000,24000,33000,36000,36000,20181,0,520,1463.991282924546,34.90639999654377,36418.00820000208,4132.129379118974
1781267901,300,,Aggregated,85.900000,0.000000,520,820,1000,1200,1800,4900,18000,24000,33000,36000,36000,20277,0,520,1464.4735249346666,34.90639999654377,36418.00820000208,4133.875622626621
1781267902,300,,Aggregated,88.300000,0.000000,520,820,1000,1200,1800,4900,18000,24000,33000,36000,36000,20366,0,520,1460.5737914269012,34.90639999654377,36418.00820000208,4131.812137876854
1781267903,300,,Aggregated,90.100000,0.000000,520,820,1000,1200,1800,5000,18000,24000,33000,36000,36000,20478,0,520,1460.1934604893192,34.90639999654377,36418.00820000208,4134.681414200605
1781267904,300,,Aggregated,89.200000,0.000000,520,820,1000,1200,1800,5000,18000,24000,33000,36000,36000,20578,0,520,1458.868617722822,34.90639999654377,36418.00820000208,4135.56958888133
1781267905,300,,Aggregated,89.800000,0.000000,520,820,1000,1200,1900,5100,18000,24000,33000,36000,36000,20698,0,520,1458.6528112233175,34.90639999654377,36418.00820000208,4134.000338196927
1781267906,300,,Aggregated,92.000000,0.000000,510,820,1000,1200,1900,5100,18000,24000,33000,36000,36000,20805,0,510,1454.4563606152465,34.90639999654377,36418.00820000208,4134.168661379476
1781267907,300,,Aggregated,95.500000,0.000000,510,820,1000,1200,1900,5100,18000,24000,33000,36000,36000,20920,0,510,1451.1824487093772,34.90639999654377,36418.00820000208,4134.290487571701
1781267908,300,,Aggregated,97.300000,0.000000,510,820,1000,1200,1900,5000,18000,24000,33000,36000,36000,21029,0,510,1447.2494710732888,34.90639999654377,36418.00820000208,4131.873508012744
1781267909,300,,Aggregated,100.400000,0.000000,510,820,1000,1200,1900,5000,18000,24000,33000,36000,36000,21153,0,510,1443.9400339857339,34.90639999654377,36418.00820000208,4131.8644163948375
1781267910,300,,Aggregated,104.100000,0.000000,510,820,1000,1200,1900,5000,18000,24000,33000,36000,36000,21275,0,510,1440.2638708625234,34.90639999654377,36418.00820000208,4135.089588719154
1781267911,300,,Aggregated,106.200000,0.000000,500,820,1000,1200,1900,4900,18000,24000,33000,36000,36000,21400,0,500,1435.576267196269,34.90639999654377,36418.00820000208,4133.783364485981
1781267912,300,,Aggregated,107.800000,0.000000,500,810,1000,1200,1900,4800,18000,24000,33000,36000,36000,21514,0,500,1430.2799383192391,34.90639999654377,36418.00820000208,4131.247234359022
1781267913,300,,Aggregated,109.200000,0.000000,500,810,1000,1200,1900,4800,18000,24000,33000,36000,36000,21632,0,500,1424.5327125092517,34.90639999654377,36418.00820000208,4132.134800295858
1781267914,300,,Aggregated,113.000000,0.000000,490,810,1000,1200,1900,4800,17000,24000,33000,36000,36000,21752,0,490,1419.4705631022487,34.90639999654377,36418.00820000208,4130.91692717911
1781267915,300,,Aggregated,114.100000,0.000000,490,810,1000,1200,1900,4700,17000,24000,33000,36000,36000,21887,0,490,1415.0601548818963,34.90639999654377,36418.00820000208,4129.285831772285
1781267916,300,,Aggregated,115.300000,0.000000,490,810,1000,1200,1900,4700,17000,24000,33000,36000,36000,22004,0,490,1409.5669087211436,34.90639999654377,36418.00820000208,4130.089983639338
1781267917,300,,Aggregated,117.100000,0.000000,490,810,1000,1200,1900,4600,17000,24000,33000,36000,36000,22114,0,490,1405.214001532968,34.90639999654377,36418.00820000208,4130.755810798589
1781267918,300,,Aggregated,118.100000,0.000000,480,810,1000,1200,1900,4600,17000,24000,33000,36000,36000,22262,0,480,1399.0281480100623,34.90639999654377,36418.00820000208,4130.456203395921
1781267919,300,,Aggregated,118.500000,0.000000,480,800,1000,1200,1900,4500,17000,23000,33000,36000,36000,22391,0,480,1393.230206207849,34.90639999654377,36418.00820000208,4130.7478897771425
1781267920,300,,Aggregated,120.100000,0.000000,480,800,1000,1200,1900,4500,17000,23000,33000,36000,36000,22531,0,480,1385.6686559229452,34.90639999654377,36418.00820000208,4131.492787714704
1781267921,300,,Aggregated,123.400000,0.000000,470,790,1000,1200,1900,4400,17000,23000,33000,36000,36000,22657,0,470,1378.7738131703197,34.90639999654377,36418.00820000208,4131.622500772388
1781267922,300,,Aggregated,125.600000,0.000000,470,790,1000,1200,1900,4400,17000,23000,33000,36000,36000,22809,0,470,1371.1205793853271,34.90639999654377,36418.00820000208,4131.6358893419265
1781267923,300,,Aggregated,127.100000,0.000000,460,780,1000,1200,1900,4400,17000,23000,33000,36000,36000,22958,0,460,1363.6331208119154,34.90639999654377,36418.00820000208,4131.868891018381
1781267924,300,,Aggregated,127.500000,0.000000,460,780,1000,1200,1900,4300,17000,23000,33000,36000,36000,23080,0,460,1357.4201706759072,34.90639999654377,36418.00820000208,4134.415727902946
1781267925,300,,Aggregated,130.400000,0.000000,450,770,1000,1200,1800,4200,17000,23000,33000,36000,36000,23221,0,450,1350.2375219155056,34.90639999654377,36418.00820000208,4133.0735110460355
1781267926,300,,Aggregated,132.500000,0.000000,450,770,1000,1200,1800,4200,17000,23000,33000,36000,36000,23356,0,450,1343.5381058271953,34.90639999654377,36418.00820000208,4133.953116972084
1781267927,300,,Aggregated,131.400000,0.000000,450,760,1000,1200,1800,4100,17000,23000,33000,36000,36000,23494,0,450,1337.0189357921156,34.90639999654377,36418.00820000208,4136.172256746403
1781267928,300,,Aggregated,133.600000,0.000000,440,760,990,1200,1800,4000,17000,23000,33000,36000,36000,23636,0,440,1330.2077922744973,34.90639999654377,36418.00820000208,4137.80398544593
1781267929,300,,Aggregated,135.400000,0.000000,440,750,990,1200,1800,4000,17000,23000,33000,36000,36000,23783,0,440,1322.8128116469743,34.90639999654377,36418.00820000208,4138.047723163604
1781267930,300,,Aggregated,137.000000,0.000000,430,750,980,1200,1800,3900,17000,23000,33000,36000,36000,23923,0,430,1315.916221264053,34.90639999654377,36418.00820000208,4137.858587969737
1781267931,300,,Aggregated,137.200000,0.000000,430,740,980,1100,1800,3900,17000,23000,33000,36000,36000,24067,0,430,1309.2025490380981,34.90639999654377,36418.00820000208,4137.900610794864
1781267932,300,,Aggregated,136.300000,0.000000,430,740,980,1100,1800,3800,16000,23000,33000,36000,36000,24205,0,430,1302.744676661842,34.90639999654377,36418.00820000208,4140.22516009089
1781267933,300,,Aggregated,137.900000,0.000000,420,740,970,1100,1800,3800,16000,23000,33000,36000,36000,24335,0,420,1296.521239983558,34.90639999654377,36418.00820000208,4139.302034107253
1781267934,300,,Aggregated,137.000000,0.000000,420,730,970,1100,1800,3800,16000,23000,33000,36000,36000,24471,0,420,1290.4210691226303,34.90639999654377,36418.00820000208,4137.978709492869
1781267935,300,,Aggregated,137.000000,0.000000,410,730,960,1100,1800,3800,16000,23000,33000,36000,36000,24615,0,410,1284.0471731180132,34.90639999654377,36418.00820000208,4137.938330286411
1781267936,300,,Aggregated,135.700000,0.000000,410,730,960,1100,1700,3700,16000,23000,33000,36000,36000,24757,0,410,1277.763244823684,34.90639999654377,36418.00820000208,4140.217877771944
1781267937,300,,Aggregated,139.000000,0.000000,410,720,950,1100,1700,3700,16000,23000,33000,36000,36000,24900,0,410,1271.5001234779081,34.90639999654377,36418.00820000208,4139.245823293173
1781267938,300,,Aggregated,138.700000,0.000000,400,720,950,1100,1700,3700,16000,23000,33000,36000,36000,25020,0,400,1266.2195670303738,34.90639999654377,36418.00820000208,4140.1074340527575
1781267939,300,,Aggregated,138.600000,0.000000,400,710,940,1100,1700,3700,16000,23000,33000,36000,36000,25184,0,400,1258.8732013818294,34.90639999654377,36418.00820000208,4141.098554637865
1781267940,300,,Aggregated,137.700000,0.000000,390,710,940,1100,1700,3600,16000,22000,33000,36000,36000,25318,0,390,1252.7873874476643,34.90639999654377,36418.00820000208,4141.181096453116
1781267941,300,,Aggregated,137.600000,0.000000,390,710,940,1100,1700,3600,16000,22000,33000,36000,36000,25461,0,390,1246.8740501865584,34.90639999654377,36418.00820000208,4139.792270531401
1781267942,300,,Aggregated,138.600000,0.000000,390,700,930,1100,1700,3500,16000,22000,33000,36000,36000,25600,0,390,1241.0693887421862,34.90639999654377,36418.00820000208,4141.444296875
1781267943,300,,Aggregated,137.100000,0.000000,380,700,930,1100,1700,3500,16000,22000,33000,36000,36000,25737,0,380,1235.0388694603073,34.90639999654377,36418.00820000208,4140.257178381319
1781267944,300,,Aggregated,139.200000,0.000000,380,690,920,1100,1700,3500,16000,22000,33000,36000,36000,25887,0,380,1228.3659871750253,34.90639999654377,36418.00820000208,4138.702205740333
1781267945,300,,Aggregated,140.500000,0.000000,370,690,920,1100,1700,3500,16000,22000,33000,36000,36000,26026,0,370,1222.362696411277,34.90639999654377,36418.00820000208,4137.143817720741
1781267946,300,,Aggregated,140.500000,0.000000,370,680,920,1100,1700,3500,16000,22000,33000,36000,36000,26158,0,370,1216.9206462535344,34.90639999654377,36418.00820000208,4136.8660448046485
1781267947,300,,Aggregated,140.000000,0.000000,370,680,910,1100,1700,3400,16000,22000,33000,36000,36000,26302,0,370,1210.9415364192787,34.90639999654377,36418.00820000208,4136.561174055205
1781267948,300,,Aggregated,136.800000,0.000000,360,670,910,1100,1700,3400,16000,22000,33000,36000,36000,26459,0,360,1204.4031484787693,34.90639999654377,36418.00820000208,4136.9567632941535
1781267949,300,,Aggregated,141.100000,0.000000,360,670,910,1100,1700,3400,15000,22000,33000,36000,36000,26595,0,360,1198.9169638428182,34.90639999654377,36418.00820000208,4136.660124083474
1781267950,300,,Aggregated,140.600000,0.000000,350,670,900,1100,1700,3400,15000,22000,33000,36000,36000,26737,0,350,1193.0843121853522,34.90639999654377,36418.00820000208,4136.807944047575
1781267951,300,,Aggregated,141.000000,0.000000,350,660,900,1100,1700,3300,15000,22000,33000,36000,36000,26891,0,350,1186.8193544494334,34.90639999654377,36418.00820000208,4137.154177977762
1781267952,300,,Aggregated,141.500000,0.000000,340,660,900,1100,1700,3300,15000,22000,33000,36000,36000,27026,0,340,1181.3437407459373,34.90639999654377,36418.00820000208,4138.375860282691
1781267953,300,,Aggregated,143.000000,0.000000,340,650,890,1100,1600,3300,15000,22000,33000,36000,36000,27160,0,340,1176.1365211524203,34.90639999654377,36418.00820000208,4137.929270986745
1781267954,300,,Aggregated,141.400000,0.000000,340,650,890,1000,1600,3200,15000,22000,33000,36000,36000,27298,0,340,1170.739731049883,34.90639999654377,36418.00820000208,4136.009084914645
1781267955,300,,Aggregated,139.900000,0.000000,330,650,880,1000,1600,3200,15000,22000,33000,36000,36000,27439,0,330,1165.3901068005284,34.90639999654377,36418.00820000208,4137.676591712526
1781267956,300,,Aggregated,141.900000,0.000000,330,640,880,1000,1600,3200,15000,22000,33000,36000,36000,27577,0,330,1160.239120346654,34.90639999654377,36418.00820000208,4138.363817674149
1781267957,300,,Aggregated,139.700000,0.000000,330,640,880,1000,1600,3200,15000,22000,33000,36000,36000,27731,0,330,1154.600153005647,34.90639999654377,36418.00820000208,4136.947098914572
1781267958,300,,Aggregated,143.800000,0.000000,320,630,870,1000,1600,3100,15000,22000,33000,36000,36000,27874,0,320,1149.1215039140272,34.90639999654377,36418.00820000208,4136.848138049795
1781267959,300,,Aggregated,139.300000,0.000000,320,630,870,1000,1600,3100,15000,22000,33000,36000,36000,28020,0,320,1143.6241546716496,34.90639999654377,36418.00820000208,4136.147537473234
1781267960,300,,Aggregated,141.500000,0.000000,320,630,860,1000,1600,3100,15000,22000,33000,36000,36000,28167,0,320,1138.1138181098338,34.90639999654377,36418.00820000208,4135.67678489012
1781267961,300,,Aggregated,142.200000,0.000000,320,620,860,1000,1600,3100,15000,22000,33000,36000,36000,28310,0,320,1133.3250003037701,34.90639999654377,36418.00820000208,4136.463122571529
1781267962,300,,Aggregated,140.200000,0.000000,310,620,850,1000,1600,3100,15000,22000,33000,36000,36000,28436,0,310,1128.798487111401,34.90639999654377,36418.00820000208,4139.425024616683
1781267963,300,,Aggregated,139.100000,0.000000,310,610,850,1000,1600,3000,14000,22000,33000,36000,36000,28594,0,310,1123.1960745226208,34.90639999654377,36418.00820000208,4138.692802685878
1781267964,300,,Aggregated,142.400000,0.000000,310,610,850,1000,1600,3000,14000,22000,33000,36000,36000,28726,0,310,1118.4470291303994,34.90639999654377,36418.00820000208,4139.593051590893
1781267965,300,,Aggregated,141.200000,0.000000,300,610,840,1000,1600,3000,14000,22000,33000,36000,36000,28877,0,300,1113.0465134847755,34.90639999654377,36418.00820000208,4138.623471967309
1781267966,300,,Aggregated,140.900000,0.000000,300,600,840,1000,1600,2900,14000,21000,32000,36000,36000,29010,0,300,1108.5618293140255,34.90639999654377,36418.00820000208,4135.869941399517
1781267967,300,,Aggregated,143.300000,0.000000,300,600,840,1000,1600,2900,14000,21000,32000,36000,36000,29123,0,300,1104.7563943996129,34.90639999654377,36418.00820000208,4135.355801256738
1781267968,300,,Aggregated,141.900000,0.000000,300,600,840,1000,1600,2900,14000,21000,32000,36000,36000,29222,0,300,1101.5325012730111,34.90639999654377,36418.00820000208,4134.895215933201
1781267969,300,,Aggregated,141.200000,0.000000,290,600,830,1000,1600,2900,14000,21000,32000,36000,36000,29282,0,290,1099.6400422307197,34.90639999654377,36418.00820000208,4136.8158595724335
1781267971,300,,Aggregated,131.700000,0.000000,300,590,830,1000,1600,2900,14000,21000,32000,36000,36000,29389,0,300,1097.0440967640934,34.90639999654377,36418.00820000208,4136.111674436013
1781267972,300,,Aggregated,122.900000,0.000000,300,590,830,1000,1600,2900,14000,21000,32000,36000,36000,29437,0,300,1095.8828351360507,34.90639999654377,36418.00820000208,4135.735910588714
1781267973,300,,Aggregated,119.000000,0.000000,300,590,830,1000,1500,2800,14000,21000,32000,36000,36000,29527,0,300,1093.1991613777207,34.90639999654377,36418.00820000208,4135.237274359061
1781267974,300,,Aggregated,107.700000,0.000000,290,590,830,990,1500,2800,14000,21000,32000,36000,36000,29570,0,290,1091.7998846668916,34.90639999654377,36418.00820000208,4135.997632735881
1781267975,300,,Aggregated,101.700000,0.000000,290,590,830,990,1500,2800,14000,21000,32000,36000,36000,29622,0,290,1090.0150238302613,34.90639999654377,36418.00820000208,4136.652015393964
1781267976,300,,Aggregated,93.000000,0.000000,290,590,820,990,1500,2800,14000,21000,32000,36000,36000,29666,0,290,1088.500030081574,34.90639999654377,36418.00820000208,4137.322018472325
1781267977,300,,Aggregated,82.400000,0.000000,290,590,820,990,1500,2800,14000,21000,32000,36000,36000,29705,0,290,1087.5026887863992,34.90639999654377,36418.00820000208,4136.260360208719
1781267978,300,,Aggregated,74.300000,0.000000,290,590,820,990,1500,2800,14000,21000,32000,36000,36000,29737,0,290,1086.4062275616227,34.90639999654377,36418.00820000208,4136.099808319602
1781267979,300,,Aggregated,65.800000,0.000000,290,580,820,990,1500,2800,14000,21000,32000,36000,36000,29771,0,290,1085.231147297705,34.90639999654377,36418.00820000208,4135.524033455376
1781267980,300,,Aggregated,57.900000,0.000000,290,580,820,990,1500,2800,14000,21000,32000,36000,36000,29788,0,290,1084.648560420303,34.90639999654377,36418.00820000208,4135.371357593662
1781267981,300,,Aggregated,51.500000,0.000000,290,580,820,990,1500,2800,14000,21000,32000,36000,36000,29812,0,290,1083.8500122333285,34.90639999654377,36418.00820000208,4135.635851335033
1781267982,300,,Aggregated,49.700000,0.000000,290,580,820,990,1500,2800,14000,21000,32000,36000,36000,29829,0,290,1083.2962026216092,34.90639999654377,36418.00820000208,4135.948439438131
1781267983,300,,Aggregated,41.900000,0.000000,290,580,820,990,1500,2800,14000,21000,32000,36000,36000,29848,0,290,1082.650030383944,34.90639999654377,36418.00820000208,4136.082417582417
1781267984,300,,Aggregated,40.000000,0.000000,290,580,820,990,1500,2800,14000,21000,32000,36000,36000,29873,0,290,1087.347119318447,34.90639999654377,36418.00820000208,4135.296354567669
1781267985,300,,Aggregated,34.600000,0.000000,290,580,820,990,1500,2900,14000,21000,32000,36000,36000,29902,0,290,1093.982861062804,34.90639999654377,36418.00820000208,4135.97384790315
1781267986,300,,Aggregated,31.500000,0.000000,290,580,820,990,1500,2900,15000,21000,32000,36000,36000,29933,0,290,1101.7285192262705,34.90639999654377,36418.00820000208,4135.467677813784
1781267987,300,,Aggregated,29.200000,0.000000,290,580,820,990,1600,3000,15000,21000,32000,36000,36000,29973,0,290,1110.3219625329439,34.90639999654377,36418.00820000208,4135.84142394822
1781267988,300,,Aggregated,26.500000,0.000000,290,580,820,990,1600,3000,15000,21000,32000,35000,36000,30011,0,290,1116.599140868345,34.90639999654377,36418.00820000208,4134.799206957449
1781267989,300,,Aggregated,27.000000,0.000000,290,580,820,990,1600,3100,16000,21000,32000,35000,36000,30059,0,290,1122.9767033633823,34.90639999654377,36418.00820000208,4133.786519844306
1781267990,300,,Aggregated,27.000000,0.000000,290,580,820,990,1600,3100,16000,21000,32000,35000,36000,30105,0,290,1128.1362827802666,34.90639999654377,36418.00820000208,4132.664108952002
1781267991,300,,Aggregated,27.300000,0.000000,290,580,820,1000,1600,3100,16000,21000,32000,35000,36000,30147,0,290,1134.5356978704317,34.90639999654377,36418.00820000208,4133.440574518194
1781267992,300,,Aggregated,30.200000,0.000000,290,580,820,1000,1600,3200,16000,21000,32000,35000,36000,30191,0,290,1136.5141558610164,34.90639999654377,36418.00820000208,4132.591235798748
1781267993,300,,Aggregated,32.500000,0.000000,290,580,820,1000,1600,3200,16000,21000,32000,35000,36000,30241,0,290,1141.9825500446384,34.90639999654377,36418.00820000208,4132.038920670613
1781267994,300,,Aggregated,33.900000,0.000000,290,580,830,1000,1600,3300,17000,21000,32000,35000,36000,30299,0,290,1155.4523277929936,34.90639999654377,36418.00820000208,4130.908313805736
1781267995,300,,Aggregated,36.800000,0.000000,290,580,830,1000,1600,3300,17000,22000,32000,35000,36000,30356,0,290,1161.223419854392,34.90639999654377,36418.00820000208,4130.676044274608
1781267996,300,,Aggregated,39.000000,0.000000,280,580,830,1000,1600,3400,17000,22000,32000,35000,36000,30415,0,280,1172.718320726613,34.90639999654377,36418.00820000208,4131.764984382706
1781267997,300,,Aggregated,43.100000,0.000000,280,580,830,1000,1600,3500,17000,22000,32000,35000,36000,30494,0,280,1186.2589619826833,34.90639999654377,36418.00820000208,4132.107430970027
1781267998,300,,Aggregated,45.900000,0.000000,280,580,830,1000,1600,3500,17000,22000,32000,35000,36000,30566,0,280,1199.3537305175669,34.90639999654377,36418.00820000208,4134.751161421187
1781267999,300,,Aggregated,47.900000,0.000000,280,580,830,1000,1600,3600,17000,23000,32000,35000,36000,30645,0,280,1210.2602991319943,34.90639999654377,36418.00820000208,4136.770174579866
1781268000,300,,Aggregated,53.600000,0.000000,280,580,830,1000,1600,3700,17000,23000,32000,35000,36000,30724,0,280,1214.3443638588717,34.90639999654377,36418.00820000208,4138.506704856139
1781268001,300,,Aggregated,57.000000,0.000000,280,580,830,1000,1600,3700,18000,23000,33000,35000,36000,30808,0,280,1226.8765385841327,34.90639999654377,36418.00820000208,4139.993508179694
1781268002,300,,Aggregated,58.500000,0.000000,280,580,830,1000,1600,3800,18000,23000,33000,35000,36000,30891,0,280,1230.9841166585734,34.90639999654377,36418.00820000208,4139.648926871904
1781268003,300,,Aggregated,63.700000,0.000000,280,580,830,1000,1600,3800,18000,23000,33000,35000,36000,30994,0,280,1239.0117950248418,34.90639999654377,36418.00820000208,4139.5658514551205
1781268004,300,,Aggregated,66.600000,0.000000,280,580,830,1000,1600,4000,18000,23000,33000,35000,36000,31087,0,280,1246.523533956315,34.90639999654377,36418.00820000208,4139.684434007785
1781268005,300,,Aggregated,70.800000,0.000000,280,580,830,1000,1700,4100,18000,23000,33000,35000,36000,31185,0,280,1247.925715703062,34.90639999654377,36418.00820000208,4139.616578483246
1781268006,300,,Aggregated,76.500000,0.000000,280,580,830,1000,1700,4300,18000,23000,33000,35000,36000,31301,0,280,1250.7668444969809,34.90639999654377,36418.00820000208,4140.59138685665
1781268007,300,,Aggregated,80.100000,0.000000,280,580,830,1000,1700,4300,18000,23000,33000,35000,36000,31411,0,280,1251.5740283149194,34.90639999654377,36418.00820000208,4140.797141128904
1781268008,300,,Aggregated,85.700000,0.000000,280,580,830,1000,1700,4300,18000,23000,33000,35000,36000,31521,0,280,1250.5237333142961,34.90639999654377,36418.00820000208,4140.719266520732
1781268010,300,,Aggregated,91.400000,0.000000,270,580,830,1000,1700,4300,18000,23000,33000,35000,36000,31630,0,270,1249.8455789345535,34.90639999654377,36418.00820000208,4140.31621877964
1781268011,300,,Aggregated,94.400000,0.000000,280,580,840,1000,1700,4400,18000,23000,33000,35000,36000,31772,0,280,1253.2982981430157,34.90639999654377,36418.00820000208,4141.775053506232
1781268012,300,,Aggregated,93.500000,0.000000,280,580,830,1000,1700,4300,18000,23000,33000,35000,36000,31934,0,280,1249.037814201164,34.90639999654377,36418.00820000208,4142.436494018914
1781268014,300,,Aggregated,96.300000,0.000000,280,580,830,1000,1700,4300,17000,23000,33000,35000,36000,32064,0,280,1245.467779940121,34.90639999654377,36418.00820000208,4142.869698103792
1781268015,300,,Aggregated,104.200000,0.000000,280,580,830,1000,1700,4300,17000,23000,33000,35000,36000,32227,0,280,1239.8674293449608,34.90639999654377,36418.00820000208,4142.97449343718
1781268016,300,,Aggregated,102.400000,0.000000,270,570,830,1000,1700,4200,17000,23000,33000,35000,36000,32342,0,270,1236.5109975264386,34.90639999654377,36418.00820000208,4143.470595510482
1781268017,300,,Aggregated,109.700000,0.000000,270,570,830,1000,1700,4200,17000,23000,33000,35000,36000,32472,0,270,1233.278492045457,34.90639999654377,36418.00820000208,4142.593927075634
1781268018,300,,Aggregated,109.100000,0.000000,270,570,830,1000,1700,4100,17000,23000,33000,35000,36000,32595,0,270,1230.0120018377086,34.90639999654377,36418.00820000208,4142.432827120724
1781268019,300,,Aggregated,112.900000,0.000000,270,570,830,1000,1700,4000,17000,23000,33000,35000,36000,32739,0,270,1227.0000382998924,34.90639999654377,36418.00820000208,4141.140199761752
1781268020,300,,Aggregated,113.500000,0.000000,270,570,820,1000,1700,4000,17000,23000,33000,35000,36000,32894,0,270,1222.139637143558,34.90639999654377,36418.00820000208,4139.612421718247
1781268021,300,,Aggregated,113.700000,0.000000,270,570,820,1000,1700,4000,17000,23000,33000,35000,36000,33026,0,270,1217.9968704899215,34.90639999654377,36418.00820000208,4140.143523284685
1781268022,300,,Aggregated,124.900000,0.000000,260,560,820,1000,1700,3900,17000,23000,33000,35000,36000,33165,0,260,1213.5059012211702,34.90639999654377,36418.00820000208,4137.814171566411
1781268023,300,,Aggregated,129.800000,0.000000,260,560,820,990,1700,3900,17000,23000,33000,35000,36000,33309,0,260,1208.977933552498,34.90639999654377,36418.00820000208,4135.666666666667
1781268024,300,,Aggregated,132.500000,0.000000,260,560,810,990,1600,3800,17000,23000,33000,35000,36000,33450,0,260,1204.9113495127099,34.90639999654377,36418.00820000208,4134.7490582959645
1781268025,300,,Aggregated,130.900000,0.000000,260,550,810,990,1600,3800,17000,23000,33000,35000,36000,33581,0,260,1200.6240095947176,34.90639999654377,36418.00820000208,4134.848515529615
1781268026,300,,Aggregated,134.600000,0.000000,260,550,810,980,1600,3800,17000,23000,33000,35000,36000,33718,0,260,1196.4836641764102,34.90639999654377,36418.00820000208,4134.591434841925
1781268027,300,,Aggregated,132.200000,0.000000,250,550,800,980,1600,3800,17000,23000,33000,35000,36000,33867,0,250,1191.8222124664192,34.90639999654377,36418.00820000208,4136.962234623675
1781268028,300,,Aggregated,135.200000,0.000000,250,550,800,980,1600,3700,17000,23000,33000,35000,36000,34000,0,250,1187.6919820323603,34.90639999654377,36418.00820000208,4139.101941176471
1781268029,300,,Aggregated,136.700000,0.000000,250,540,800,970,1600,3700,17000,22000,32000,35000,36000,34142,0,250,1183.2231177347612,34.90639999654377,36418.00820000208,4138.518745240466
1781268030,300,,Aggregated,138.500000,0.000000,250,540,790,970,1600,3700,17000,22000,32000,35000,36000,34254,0,250,1179.959352592407,34.90639999654377,36418.00820000208,4138.0780638757515
1781268031,300,,Aggregated,141.200000,0.000000,250,540,790,970,1600,3700,17000,22000,32000,35000,36000,34353,0,250,1176.8684961371748,34.90639999654377,36418.00820000208,4138.5662969755185
1781268032,300,,Aggregated,135.200000,0.000000,250,540,790,970,1600,3700,17000,22000,32000,35000,36000,34451,0,250,1173.9269226902086,34.90639999654377,36418.00820000208,4137.2874517430555
1781268033,300,,Aggregated,132.700000,0.000000,240,530,790,970,1600,3700,17000,22000,32000,35000,36000,34537,0,240,1171.2212358977422,34.90639999654377,36418.00820000208,4136.752410458349
1781268034,300,,Aggregated,130.100000,0.000000,240,530,780,960,1600,3700,17000,22000,32000,35000,36000,34613,0,240,1168.8890381186352,34.90639999654377,36418.00820000208,4135.439690289775
1781268035,300,,Aggregated,124.400000,0.000000,240,530,780,960,1600,3600,17000,22000,32000,35000,36000,34684,0,240,1166.6761298033775,34.90639999654377,36418.00820000208,4135.446891938646
1781268036,300,,Aggregated,118.800000,0.000000,240,530,780,960,1600,3600,17000,22000,32000,35000,36000,34753,0,240,1164.545147302401,34.90639999654377,36418.00820000208,4136.200270480246
1781268037,300,,Aggregated,111.200000,0.000000,240,530,780,960,1600,3600,17000,22000,32000,35000,36000,34809,0,240,1162.8211205464213,34.90639999654377,36418.00820000208,4136.460139619064
1781268038,300,,Aggregated,106.100000,0.000000,240,530,780,960,1600,3600,17000,22000,32000,35000,36000,34867,0,240,1161.0200490492552,34.90639999654377,36418.00820000208,4136.8675825278915
1781268039,300,,Aggregated,96.300000,0.000000,240,530,780,960,1600,3600,17000,22000,32000,35000,36000,34913,0,240,1159.6552055280386,34.90639999654377,36418.00820000208,4137.5161401197265
1781268040,300,,Aggregated,88.600000,0.000000,240,520,780,950,1600,3600,17000,22000,32000,35000,36000,34957,0,240,1158.2957202334408,34.90639999654377,36418.00820000208,4137.435821151701
1781268041,300,,Aggregated,80.400000,0.000000,240,520,770,950,1600,3600,17000,22000,32000,35000,36000,34997,0,240,1157.2653927708186,34.90639999654377,36418.00820000208,4137.578106694859
1781268042,300,,Aggregated,73.800000,0.000000,240,520,770,950,1600,3500,17000,22000,32000,35000,36000,35026,0,240,1156.388418089429,34.90639999654377,36418.00820000208,4138.117883857706
1781268043,300,,Aggregated,65.600000,0.000000,240,520,770,950,1600,3500,17000,22000,32000,35000,36000,35057,0,240,1155.42996731039,34.90639999654377,36418.00820000208,4138.522663091537
1781268044,300,,Aggregated,59.600000,0.000000,240,520,770,950,1600,3600,17000,22000,32000,35000,36000,35103,0,240,1159.4171535225014,34.90639999654377,36418.00820000208,4138.860496253881
1781268045,300,,Aggregated,53.500000,0.000000,240,520,770,950,1600,3600,17000,22000,32000,35000,36000,35142,0,240,1162.747584269545,34.90639999654377,36418.00820000208,4138.3054464743045
1781268046,300,,Aggregated,50.100000,0.000000,240,520,770,950,1600,3700,17000,22000,32000,35000,36000,35184,0,240,1167.1464741047157,34.90639999654377,36418.00820000208,4138.179200773078
1781268047,300,,Aggregated,47.400000,0.000000,240,520,770,950,1600,3700,17000,22000,32000,35000,36000,35239,0,240,1172.1106213144624,34.90639999654377,36418.00820000208,4137.452964045518
1781268048,300,,Aggregated,42.900000,0.000000,240,520,770,960,1600,3800,17000,22000,32000,35000,36000,35291,0,240,1176.383665634308,34.90639999654377,36418.00820000208,4137.166218015925
1781268049,300,,Aggregated,42.500000,0.000000,240,520,780,960,1600,3800,17000,22000,32000,35000,36000,35355,0,240,1181.0660391316735,34.90639999654377,36418.00820000208,4137.130363456371
1781268050,300,,Aggregated,42.100000,0.000000,240,520,770,960,1600,3800,17000,22000,32000,35000,36000,35405,0,240,1181.6229852224353,34.90639999654377,36418.00820000208,4137.421239937862
1781268051,300,,Aggregated,43.300000,0.000000,230,520,770,950,1600,3800,17000,22000,32000,35000,36000,35453,0,230,1181.3112468141003,34.90639999654377,36418.00820000208,4137.312949538826
1781268052,300,,Aggregated,43.300000,0.000000,230,520,770,960,1600,3900,17000,22000,32000,35000,36000,35505,0,230,1184.7536229657876,34.90639999654377,36418.00820000208,4137.679622588368
1781268053,300,,Aggregated,45.900000,0.000000,230,520,780,960,1600,4000,17000,22000,32000,35000,36000,35589,0,230,1200.062626803234,34.90639999654377,36418.00820000208,4136.324173199584
1781268054,300,,Aggregated,46.500000,0.000000,230,520,780,960,1600,4300,17000,22000,32000,35000,36000,35678,0,230,1211.801734536697,34.90639999654377,36418.00820000208,4135.5605415101745
1781268055,300,,Aggregated,49.700000,0.000000,230,520,780,960,1600,4400,17000,22000,32000,35000,36000,35781,0,230,1222.4638146055227,34.90639999654377,36418.00820000208,4137.506246331852
1781268056,300,,Aggregated,54.000000,0.000000,230,520,780,970,1700,4500,17000,23000,32000,35000,36000,35884,0,230,1231.0501717394993,34.90639999654377,36418.00820000208,4138.215304871252
1781268057,300,,Aggregated,59.500000,0.000000,230,520,780,970,1700,4600,17000,23000,32000,35000,36000,35995,0,230,1237.6499232171197,34.90639999654377,36418.00820000208,4139.695263231004
1781268058,300,,Aggregated,65.300000,0.000000,230,520,780,970,1700,4600,17000,23000,32000,35000,36000,36118,0,230,1241.5349749321742,34.90639999654377,36418.00820000208,4140.693698432914
1781268059,300,,Aggregated,71.900000,0.000000,230,520,780,970,1700,4700,17000,23000,32000,35000,36000,36241,0,230,1245.0730532104599,34.90639999654377,36418.00820000208,4138.67630584145
1781268060,300,,Aggregated,77.400000,0.000000,230,520,780,970,1700,4700,17000,23000,32000,35000,36000,36376,0,230,1243.94870055257,34.90639999654377,36418.00820000208,4137.189218165824
1781268061,300,,Aggregated,83.500000,0.000000,230,520,780,960,1700,4700,17000,23000,32000,35000,36000,36499,0,230,1241.3524307652356,34.90639999654377,36418.00820000208,4137.7767610071505
1781268062,300,,Aggregated,90.300000,0.000000,230,520,780,960,1700,4700,17000,23000,32000,35000,36000,36637,0,230,1238.6020538335663,34.90639999654377,36418.00820000208,4137.611758604689
1781268063,300,,Aggregated,99.100000,0.000000,230,520,780,960,1700,4600,17000,23000,32000,35000,36000,36773,0,230,1235.2402654447646,34.90639999654377,36418.00820000208,4139.921736056345
1781268064,300,,Aggregated,105.200000,0.000000,230,510,770,960,1700,4600,17000,23000,32000,35000,36000,36908,0,230,1231.612596125511,34.90639999654377,36418.00820000208,4140.306816950255
1781268065,300,,Aggregated,112.900000,0.000000,220,510,770,960,1700,4500,17000,23000,32000,35000,36000,37053,0,220,1227.6281714706058,34.90639999654377,36418.00820000208,4138.9984076862875
1781268066,300,,Aggregated,120.600000,0.000000,220,510,770,950,1700,4500,17000,23000,32000,35000,36000,37188,0,220,1223.809255547498,34.90639999654377,36418.00820000208,4138.866784984403
1781268067,300,,Aggregated,123.800000,0.000000,220,510,760,950,1700,4500,17000,23000,32000,35000,36000,37305,0,220,1220.4112342661942,34.90639999654377,36418.00820000208,4138.646079613993
1781268068,300,,Aggregated,127.400000,0.000000,220,510,760,950,1600,4400,17000,23000,32000,35000,36000,37463,0,220,1216.1640637028645,34.90639999654377,36418.00820000208,4139.001654966233
1781268069,300,,Aggregated,131.300000,0.000000,220,500,760,950,1600,4400,17000,23000,32000,35000,36000,37604,0,220,1212.074255385077,34.90639999654377,36418.00820000208,4138.72330071269
1781268070,300,,Aggregated,131.600000,0.000000,220,500,760,940,1600,4400,17000,23000,32000,35000,36000,37732,0,220,1208.4684516935351,34.90639999654377,36418.00820000208,4139.95881479911
1781268071,300,,Aggregated,134.500000,0.000000,220,500,750,940,1600,4400,17000,23000,32000,35000,36000,37897,0,220,1203.8200285669172,34.90639999654377,36418.00820000208,4139.446315011743
1781268072,300,,Aggregated,136.400000,0.000000,220,490,750,940,1600,4300,17000,22000,32000,35000,36000,38018,0,220,1200.5098782340071,34.90639999654377,36418.00820000208,4140.348992582461
1781268073,300,,Aggregated,136.000000,0.000000,220,490,750,930,1600,4300,17000,22000,32000,35000,36000,38160,0,220,1196.709847803996,34.90639999654377,36418.00820000208,4140.9164570230605
1781268074,300,,Aggregated,139.300000,0.000000,210,490,740,930,1600,4300,17000,22000,32000,35000,36000,38285,0,210,1193.6812001358376,34.90639999654377,36418.00820000208,4140.890296460755
1781268075,300,,Aggregated,138.100000,0.000000,210,490,740,930,1600,4200,17000,22000,32000,35000,36000,38444,0,210,1189.631053256699,34.90639999654377,36418.00820000208,4140.974040162314
1781268076,300,,Aggregated,136.100000,0.000000,210,480,740,930,1600,4200,17000,22000,32000,35000,36000,38590,0,210,1185.7393520212656,34.90639999654377,36418.00820000208,4141.229981860585
1781268077,300,,Aggregated,136.700000,0.000000,210,480,740,920,1600,4100,17000,22000,32000,35000,36000,38738,0,210,1181.549893518008,34.90639999654377,36418.00820000208,4141.172053281016
1781268078,300,,Aggregated,137.100000,0.000000,210,480,730,920,1600,4100,17000,22000,32000,35000,36000,38874,0,210,1177.823552106823,34.90639999654377,36418.00820000208,4141.773576169162
1781268079,300,,Aggregated,137.700000,0.000000,210,480,730,920,1600,4100,17000,22000,32000,35000,36000,39024,0,210,1173.7215623795782,34.90639999654377,36418.00820000208,4139.427531775318
1781268080,300,,Aggregated,140.400000,0.000000,210,470,730,910,1600,4000,17000,22000,32000,35000,36000,39173,0,210,1169.623542973494,34.90639999654377,36418.00820000208,4140.017716284176
1781268081,300,,Aggregated,138.900000,0.000000,200,470,730,910,1600,4000,17000,22000,32000,35000,36000,39300,0,200,1166.0891402163015,34.90639999654377,36418.00820000208,4139.76941475827
1781268082,300,,Aggregated,139.700000,0.000000,200,470,720,910,1600,3900,17000,22000,32000,35000,36000,39430,0,200,1162.6731722673264,34.90639999654377,36418.00820000208,4139.768881562262
1781268083,300,,Aggregated,140.800000,0.000000,200,460,720,910,1600,3900,17000,22000,32000,35000,36000,39587,0,200,1158.646935213598,34.90639999654377,36418.00820000208,4140.926339454872
1781268084,300,,Aggregated,139.600000,0.000000,200,460,720,900,1600,3900,17000,22000,32000,35000,36000,39723,0,200,1154.9938716461688,34.90639999654377,36418.00820000208,4139.566170732322
1781268087,300,,Aggregated,142.100000,0.000000,200,460,710,900,1600,3800,17000,22000,32000,35000,36000,39846,0,200,1152.0100506977058,34.90639999654377,36418.00820000208,4139.6950007528985
1781268088,300,,Aggregated,138.100000,0.000000,200,460,720,900,1600,3800,17000,22000,32000,35000,36000,39974,0,200,1151.6471126257254,34.90639999654377,36418.00820000208,4139.943388202331
1781268089,300,,Aggregated,123.000000,0.000000,200,470,720,900,1500,3800,17000,22000,32000,35000,36000,40138,0,200,1149.8029161119312,34.90639999654377,36418.00820000208,4139.38509641736
1781268090,300,,Aggregated,110.600000,0.000000,200,470,720,900,1500,3800,17000,22000,32000,35000,36000,40249,0,200,1147.4031225471604,34.90639999654377,36418.00820000208,4138.681110089692
1781268091,300,,Aggregated,120.300000,0.000000,200,460,720,900,1500,3800,17000,22000,32000,35000,36000,40383,0,200,1143.9424038060743,34.90639999654377,36418.00820000208,4139.77304806478
1781268092,300,,Aggregated,114.600000,0.000000,200,460,720,900,1500,3800,16000,22000,32000,35000,36000,40479,0,200,1141.4940850811704,34.90639999654377,36418.00820000208,4140.254255292868
1781268093,300,,Aggregated,110.400000,0.000000,200,460,710,900,1500,3700,16000,22000,32000,35000,36000,40586,0,200,1139.1014297245522,34.90639999654377,36418.00820000208,4140.711107278372
1781268094,300,,Aggregated,110.400000,0.000000,200,460,710,900,1500,3700,16000,22000,32000,35000,36000,40686,0,200,1136.6305834586985,34.90639999654377,36418.00820000208,4140.352430811581
1781268095,300,,Aggregated,105.300000,0.000000,200,460,710,890,1500,3700,16000,22000,32000,35000,36000,40761,0,200,1134.7037102279282,34.90639999654377,36418.00820000208,4139.634601702608
1781268096,300,,Aggregated,101.500000,0.000000,200,460,710,890,1500,3700,16000,22000,32000,35000,36000,40843,0,200,1132.566821036666,34.90639999654377,36418.00820000208,4139.102000342776
1781268097,300,,Aggregated,97.100000,0.000000,200,450,710,890,1500,3700,16000,22000,32000,35000,36000,40914,0,200,1130.7126522070828,34.90639999654377,36418.00820000208,4140.02722784377
1781268098,300,,Aggregated,94.900000,0.000000,200,450,710,890,1500,3700,16000,22000,32000,35000,36000,40981,0,200,1129.0502214611793,34.90639999654377,36418.00820000208,4139.2617554476465
1781268099,300,,Aggregated,101.900000,0.000000,200,450,710,890,1500,3700,16000,22000,32000,35000,36000,41051,0,200,1127.2589240408408,34.90639999654377,36418.00820000208,4139.279457260481
1781268100,300,,Aggregated,107.400000,0.000000,190,450,700,890,1500,3700,16000,22000,32000,35000,36000,41106,0,190,1125.8469783535402,34.90639999654377,36418.00820000208,4138.711939862794
1781268101,300,,Aggregated,91.100000,0.000000,190,450,700,890,1500,3700,16000,22000,32000,35000,36000,41155,0,190,1124.5811746300717,34.90639999654377,36418.00820000208,4138.907228769287
1781268102,300,,Aggregated,88.300000,0.000000,190,450,700,890,1500,3600,16000,22000,32000,35000,36000,41206,0,190,1123.3328163180272,34.90639999654377,36418.00820000208,4139.225865165267
1781268103,300,,Aggregated,83.000000,0.000000,190,450,700,880,1500,3600,16000,22000,32000,35000,36000,41247,0,190,1122.2749283051048,34.90639999654377,36418.00820000208,4139.263946468835
1781268104,300,,Aggregated,74.600000,0.000000,190,450,700,880,1500,3600,16000,22000,32000,35000,36000,41292,0,190,1121.12386839583,34.90639999654377,36418.00820000208,4138.955269785915
1781268105,300,,Aggregated,70.000000,0.000000,190,450,700,880,1500,3600,16000,22000,32000,35000,36000,41328,0,190,1120.2093823025693,34.90639999654377,36418.00820000208,4138.955381339528
1781268106,300,,Aggregated,64.000000,0.000000,190,440,700,880,1500,3600,16000,22000,32000,35000,36000,41358,0,190,1119.4471477731172,34.90639999654377,36418.00820000208,4138.930267421055
1781268107,300,,Aggregated,59.300000,0.000000,190,440,700,880,1500,3600,16000,22000,32000,35000,36000,41390,0,190,1119.5502829644975,34.90639999654377,36418.00820000208,4139.188813723122
1781268108,300,,Aggregated,54.800000,0.000000,190,440,700,880,1500,3600,16000,22000,32000,35000,36000,41425,0,190,1119.49556403381,34.90639999654377,36418.00820000208,4139.600772480386
1781268109,300,,Aggregated,49.800000,0.000000,190,440,700,880,1500,3700,16000,22000,32000,35000,36000,41463,0,190,1125.0262728119192,34.90639999654377,36418.00820000208,4139.5275788051995
1781268110,300,,Aggregated,45.900000,0.000000,190,440,700,880,1500,3700,17000,22000,32000,35000,36000,41515,0,190,1128.3908263615704,34.90639999654377,36418.00820000208,4138.367433457786
1781268111,300,,Aggregated,43.300000,0.000000,190,440,700,880,1500,3700,17000,22000,32000,35000,36000,41551,0,190,1130.4646007845915,34.90639999654377,36418.00820000208,4137.858294625881
1781268112,300,,Aggregated,41.200000,0.000000,190,440,700,880,1500,3700,17000,22000,32000,35000,36000,41605,0,190,1131.5536355654508,34.90639999654377,36418.00820000208,4138.16659055402
1781268113,300,,Aggregated,40.300000,0.000000,190,440,700,880,1500,3800,17000,22000,32000,35000,36000,41659,0,190,1137.1733055210304,34.90639999654377,36418.00820000208,4137.697136273075
1781268114,300,,Aggregated,38.700000,0.000000,190,440,700,880,1500,3800,17000,22000,32000,35000,36000,41706,0,190,1141.7712213470627,34.90639999654377,36418.00820000208,4138.1165779504145
1781268115,300,,Aggregated,39.300000,0.000000,190,440,700,880,1500,3900,17000,22000,32000,35000,36000,41775,0,190,1149.4244541879252,34.90639999654377,36418.00820000208,4139.838276481149
1781268116,300,,Aggregated,40.600000,0.000000,190,440,700,890,1500,4000,17000,22000,32000,35000,36000,41858,0,190,1162.0344029289643,34.90639999654377,36418.00820000208,4141.897964546801
1781268117,300,,Aggregated,41.100000,0.000000,190,440,700,890,1500,4100,17000,22000,32000,35000,36000,41937,0,190,1169.882689119408,34.90639999654377,36418.00820000208,4142.2344707537495
1781268118,300,,Aggregated,44.900000,0.000000,190,440,700,890,1600,4300,18000,22000,32000,35000,36000,42033,0,190,1181.7134058573172,34.90639999654377,36418.00820000208,4143.767753907644
1781268119,300,,Aggregated,51.200000,0.000000,190,440,700,890,1600,4400,18000,22000,32000,35000,36000,42132,0,190,1189.3280963068603,34.90639999654377,36418.00820000208,4143.684230513624
1781268120,300,,Aggregated,55.300000,0.000000,190,440,700,890,1600,4400,18000,22000,32000,35000,36000,42222,0,190,1194.764010435333,34.90639999654377,36418.00820000208,4143.937804935816
1781268121,300,,Aggregated,61.000000,0.000000,190,440,700,890,1600,4400,18000,22000,32000,35000,36000,42316,0,190,1193.7776164051556,34.90639999654377,36418.00820000208,4143.047287078174
1781268122,300,,Aggregated,67.200000,0.000000,190,440,700,890,1600,4400,18000,23000,32000,35000,36000,42400,0,190,1195.8794060377493,34.90639999654377,36418.00820000208,4141.895094339623
1781268123,300,,Aggregated,71.200000,0.000000,190,440,700,890,1600,4500,18000,23000,32000,35000,36000,42500,0,190,1198.9592357058968,34.90639999654377,36418.00820000208,4140.813929411765
1781268124,300,,Aggregated,77.500000,0.000000,190,440,700,890,1600,4500,18000,23000,32000,35000,36000,42593,0,190,1202.4858675791947,34.90639999654377,36418.00820000208,4140.859953513488
1781268125,300,,Aggregated,80.600000,0.000000,190,440,700,890,1600,4600,18000,23000,32000,35000,36000,42718,0,190,1203.8004419448616,34.90639999654377,36418.00820000208,4140.952713142001
1781268126,300,,Aggregated,85.100000,0.000000,190,440,700,890,1600,4600,18000,23000,32000,35000,36000,42805,0,190,1203.1200138418537,34.90639999654377,36418.00820000208,4141.099030487093
1781268127,300,,Aggregated,89.500000,0.000000,180,430,700,890,1600,4600,18000,23000,32000,35000,36000,42925,0,180,1203.9463646290167,34.90639999654377,36418.00820000208,4140.6851718112985
1781268128,300,,Aggregated,94.400000,0.000000,180,430,700,890,1600,4600,18000,23000,32000,35000,36000,43029,0,180,1203.2752504636528,34.90639999654377,36418.00820000208,4139.647493550861
1781268129,300,,Aggregated,94.600000,0.000000,180,430,700,890,1600,4700,18000,23000,32000,35000,38000,43166,1,180,1205.2037615716192,34.90639999654377,37672.07359999884,4139.852430153362
1781268130,300,,Aggregated,98.600000,0.000000,180,430,700,890,1600,4700,18000,23000,32000,35000,38000,43280,1,180,1204.0856130614739,34.90639999654377,37672.07359999884,4139.921580406654
1781268131,300,,Aggregated,98.700000,0.000000,180,430,700,890,1600,4700,18000,23000,32000,35000,38000,43412,1,180,1202.4747453561358,34.90639999654377,37672.07359999884,4139.743066433244
1781268132,300,,Aggregated,102.300000,0.100000,180,430,700,890,1600,4700,18000,23000,32000,35000,38000,43540,1,180,1200.520403564551,34.90639999654377,37672.07359999884,4139.417478180983
1781268133,300,,Aggregated,105.500000,0.100000,180,430,690,890,1600,4600,18000,23000,32000,35000,38000,43673,1,180,1198.6006227577823,34.90639999654377,37672.07359999884,4140.191285233439
1781268134,300,,Aggregated,109.400000,0.100000,180,430,690,880,1600,4600,18000,22000,32000,35000,38000,43827,1,180,1195.4369836881517,34.90639999654377,37672.07359999884,4141.64884660141
1781268136,300,,Aggregated,117.000000,0.100000,180,430,690,880,1600,4600,18000,22000,32000,35000,38000,43963,1,180,1192.2119629188335,34.90639999654377,37672.07359999884,4140.225962741396
1781268137,300,,Aggregated,122.400000,0.100000,180,420,690,880,1600,4500,18000,22000,32000,35000,38000,44105,1,180,1189.2046666092451,34.90639999654377,37672.07359999884,4140.223285341798
1781268138,300,,Aggregated,121.200000,0.100000,180,420,690,880,1600,4500,18000,22000,32000,35000,38000,44253,1,180,1185.9735789167005,34.90639999654377,37672.07359999884,4140.2946240932815
1781268139,300,,Aggregated,126.100000,0.100000,180,420,680,870,1600,4500,18000,22000,32000,35000,38000,44389,1,180,1182.719098100896,34.90639999654377,37672.07359999884,4140.262970555768
1781268140,300,,Aggregated,129.800000,0.100000,180,420,680,870,1600,4500,18000,22000,32000,35000,38000,44530,1,180,1179.3688362721912,34.90639999654377,37672.07359999884,4141.235055019089
1781268141,300,,Aggregated,132.400000,0.100000,180,420,680,870,1600,4400,17000,22000,32000,35000,38000,44667,1,180,1176.117354042149,34.90639999654377,37672.07359999884,4141.014686457564
1781268142,300,,Aggregated,132.000000,0.000000,170,420,680,860,1600,4400,17000,22000,32000,35000,38000,44811,1,170,1172.631083925836,34.90639999654377,37672.07359999884,4141.635669813216
1781268143,300,,Aggregated,135.000000,0.000000,170,410,670,860,1600,4400,17000,22000,32000,35000,38000,44956,1,170,1169.178945159727,34.90639999654377,37672.07359999884,4141.472506450752
1781268144,300,,Aggregated,134.900000,0.000000,170,410,670,860,1500,4400,17000,22000,32000,35000,38000,45099,1,170,1165.908280316652,34.90639999654377,37672.07359999884,4141.225769972727
1781268145,300,,Aggregated,137.600000,0.000000,170,410,670,860,1500,4300,17000,22000,32000,35000,38000,45233,1,170,1162.7771991975044,34.90639999654377,37672.07359999884,4141.452788893065
1781268146,300,,Aggregated,137.400000,0.000000,170,410,670,850,1500,4300,17000,22000,32000,35000,38000,45377,1,170,1159.5328943782247,34.90639999654377,37672.07359999884,4140.786808294951
1781268147,300,,Aggregated,136.000000,0.000000,170,400,660,850,1500,4300,17000,22000,32000,35000,38000,45515,1,170,1156.309536368246,34.90639999654377,37672.07359999884,4140.794023948149
1781268148,300,,Aggregated,140.100000,0.000000,170,400,660,850,1500,4200,17000,22000,32000,35000,38000,45655,1,170,1153.0269847442933,34.90639999654377,37672.07359999884,4139.024904172599
1781268149,300,,Aggregated,140.700000,0.000000,170,400,660,850,1500,4200,17000,22000,32000,35000,38000,45806,1,170,1149.6244646509338,34.90639999654377,37672.07359999884,4138.88523337554
1781268150,300,,Aggregated,138.200000,0.000000,170,400,650,840,1500,4200,17000,22000,32000,35000,38000,45953,1,170,1146.3844942680716,34.90639999654377,37672.07359999884,4139.268187060692
1781268151,300,,Aggregated,141.000000,0.000000,170,400,650,840,1500,4200,17000,22000,32000,35000,38000,46094,1,170,1143.1494135744485,34.90639999654377,37672.07359999884,4138.874604069944
1781268152,300,,Aggregated,140.700000,0.000000,170,390,650,840,1500,4100,17000,22000,32000,35000,38000,46229,1,170,1140.0681142551355,34.90639999654377,37672.07359999884,4138.22741136516
1781268153,300,,Aggregated,140.100000,0.000000,160,390,650,830,1500,4100,17000,22000,32000,35000,38000,46378,1,160,1136.7101183341388,34.90639999654377,37672.07359999884,4137.1356462115655
1781268154,300,,Aggregated,141.700000,0.000000,160,390,650,830,1500,4100,17000,22000,32000,35000,38000,46522,1,160,1133.432540047733,34.90639999654377,37672.07359999884,4137.164008426121
1781268155,300,,Aggregated,141.200000,0.000000,160,390,640,830,1500,4000,17000,22000,32000,35000,38000,46661,1,160,1130.375351565562,34.90639999654377,37672.07359999884,4136.559717965753
1781268156,300,,Aggregated,140.300000,0.000000,160,380,640,830,1500,4000,17000,22000,32000,35000,38000,46820,1,160,1126.8436099359387,34.90639999654377,37672.07359999884,4135.2719137120885
1781268157,300,,Aggregated,141.900000,0.000000,160,380,640,820,1500,4000,17000,22000,32000,35000,38000,46947,1,160,1124.0460991032587,33.755500000552274,37672.07359999884,4133.951605001384
1781268158,300,,Aggregated,142.100000,0.000000,160,380,630,820,1500,3900,17000,22000,32000,35000,38000,47093,1,160,1120.7705357420564,33.755500000552274,37672.07359999884,4133.133374386852
1781268159,300,,Aggregated,140.400000,0.000000,160,380,630,820,1500,3900,17000,22000,32000,35000,38000,47243,1,160,1117.4856108587658,33.755500000552274,37672.07359999884,4132.347924560252
1781268160,300,,Aggregated,142.900000,0.000000,160,370,630,820,1500,3900,17000,22000,32000,35000,38000,47368,1,160,1114.7975261906925,33.755500000552274,37672.07359999884,4132.061159432528
1781268161,300,,Aggregated,142.000000,0.000000,160,370,630,810,1500,3800,17000,22000,32000,35000,38000,47529,1,160,1111.3233595783793,33.755500000552274,37672.07359999884,4132.654400471291
1781268162,300,,Aggregated,142.200000,0.000000,150,370,620,810,1500,3800,17000,22000,32000,35000,38000,47671,1,150,1108.2355154265856,33.755500000552274,37672.07359999884,4131.8982400201385
1781268163,300,,Aggregated,142.300000,0.000000,150,370,620,810,1500,3800,17000,22000,32000,35000,38000,47824,1,150,1104.9747086713942,33.755500000552274,37672.07359999884,4132.018338072934
1781268164,300,,Aggregated,141.700000,0.000000,150,360,620,810,1500,3800,17000,22000,32000,35000,38000,47944,1,150,1102.440876266076,33.755500000552274,37672.07359999884,4132.460662439513
1781268165,300,,Aggregated,141.600000,0.000000,150,360,620,800,1500,3800,17000,22000,31000,35000,38000,48108,1,150,1099.036638081,33.755500000552274,37672.07359999884,4132.396815498461
1781268166,300,,Aggregated,144.200000,0.000000,150,360,610,800,1500,3800,17000,22000,31000,35000,38000,48253,1,150,1095.9393067457092,33.755500000552274,37672.07359999884,4131.597330735913
1781268167,300,,Aggregated,141.200000,0.000000,150,360,610,800,1500,3700,17000,22000,31000,35000,38000,48393,1,150,1092.9675913706674,33.755500000552274,37672.07359999884,4130.549769594776
1781268168,300,,Aggregated,143.100000,0.000000,150,360,610,800,1500,3700,17000,22000,31000,35000,38000,48540,1,150,1089.8894456345433,33.755500000552274,37672.07359999884,4130.056345282242
1781268169,300,,Aggregated,145.200000,0.000000,150,350,610,790,1500,3700,17000,22000,31000,35000,38000,48699,1,150,1086.6165226123885,33.755500000552274,37672.07359999884,4129.751144787368
1781268170,300,,Aggregated,144.300000,0.000000,150,350,610,790,1400,3700,17000,22000,31000,35000,38000,48836,1,150,1083.8337912605607,33.755500000552274,37672.07359999884,4129.343517077566
1781268171,300,,Aggregated,143.500000,0.000000,150,350,600,790,1400,3700,17000,22000,31000,35000,38000,48991,1,150,1080.5849157661787,33.755500000552274,37672.07359999884,4128.064562878896
1781268172,300,,Aggregated,145.300000,0.000000,150,350,600,790,1400,3600,17000,22000,31000,35000,38000,49136,1,150,1077.5799178789675,33.755500000552274,37672.07359999884,4129.090910941061
1781268173,300,,Aggregated,145.700000,0.000000,150,340,600,780,1400,3600,17000,22000,31000,35000,38000,49263,1,150,1075.010891525099,33.755500000552274,37672.07359999884,4130.98875423746
1781268174,300,,Aggregated,145.700000,0.000000,140,340,600,780,1400,3600,17000,22000,31000,35000,38000,49414,1,140,1071.9660439450545,33.755500000552274,37672.07359999884,4132.20287772696
1781268175,300,,Aggregated,145.100000,0.000000,140,340,590,780,1400,3500,17000,22000,31000,35000,38000,49564,1,140,1068.9267258030206,33.755500000552274,37672.07359999884,4132.405959970946
1781268176,300,,Aggregated,144.600000,0.000000,140,340,590,770,1400,3500,17000,22000,31000,35000,38000,49711,1,140,1065.978860435336,33.755500000552274,37672.07359999884,4131.389933817465
1781268177,300,,Aggregated,146.100000,0.000000,140,340,590,770,1400,3500,17000,22000,31000,35000,38000,49830,1,140,1063.6262334517562,33.755500000552274,37672.07359999884,4129.899618703592
1781268178,300,,Aggregated,144.000000,0.000000,140,330,580,770,1400,3500,16000,22000,31000,35000,38000,50001,1,140,1060.2189679306616,33.755500000552274,37672.07359999884,4130.438451230975
1781268179,300,,Aggregated,143.400000,0.000000,140,330,580,770,1400,3500,16000,22000,31000,35000,38000,50145,1,140,1057.3433285193134,33.755500000552274,37672.07359999884,4129.1862399042775
1781268180,300,,Aggregated,144.100000,0.000000,140,330,580,760,1400,3500,16000,22000,31000,35000,38000,50292,1,140,1054.5199379881706,33.755500000552274,37672.07359999884,4128.738686073331
1781268181,300,,Aggregated,144.500000,0.000000,140,330,580,760,1400,3500,16000,21000,31000,35000,38000,50434,1,140,1051.7762370048204,33.755500000552274,37672.07359999884,4130.875718761154
1781268182,300,,Aggregated,141.700000,0.000000,140,330,580,760,1400,3400,16000,21000,31000,35000,38000,50601,1,140,1048.7726683267335,33.755500000552274,37672.07359999884,4132.415545147329
1781268183,300,,Aggregated,144.100000,0.000000,140,330,570,760,1400,3400,16000,21000,31000,35000,38000,50730,1,140,1046.292943847842,33.755500000552274,37672.07359999884,4134.199093238714
1781268184,300,,Aggregated,143.000000,0.000000,140,330,570,760,1400,3400,16000,21000,31000,35000,38000,50855,1,140,1043.8874597070312,33.755500000552274,37672.07359999884,4134.7416576541145
1781268185,300,,Aggregated,144.700000,0.000000,140,320,570,750,1400,3400,16000,21000,31000,35000,38000,51006,1,140,1041.0429477179357,33.755500000552274,37672.07359999884,4134.428204524957
1781268186,300,,Aggregated,143.500000,0.000000,140,320,570,750,1400,3400,16000,21000,31000,35000,38000,51153,1,140,1038.2517483236759,33.755500000552274,37672.07359999884,4134.643403123961
1781268187,300,,Aggregated,144.000000,0.000000,140,320,560,750,1400,3400,16000,21000,31000,35000,38000,51303,1,140,1035.4221567082016,33.755500000552274,37672.07359999884,4134.867200748494
1781268188,300,,Aggregated,142.700000,0.000000,130,320,560,740,1400,3400,16000,21000,31000,35000,38000,51420,1,130,1033.2329550855857,33.755500000552274,37672.07359999884,4134.3684753014395
1781268189,300,,Aggregated,144.700000,0.000000,130,320,560,740,1400,3300,16000,21000,31000,35000,38000,51586,1,130,1030.1842626391024,33.755500000552274,37672.07359999884,4134.4393052378555
1781268190,300,,Aggregated,142.800000,0.000000,130,320,560,740,1400,3300,16000,21000,31000,35000,38000,51728,1,130,1027.5208625077473,33.755500000552274,37672.07359999884,4133.468914321064
1781268191,300,,Aggregated,142.900000,0.000000,130,310,550,740,1400,3300,16000,21000,31000,35000,38000,51879,1,130,1024.725012716142,33.755500000552274,37672.07359999884,4132.49927716417
1781268192,300,,Aggregated,145.300000,0.000000,130,310,550,740,1400,3300,16000,21000,31000,35000,38000,52009,1,130,1022.4087743063849,33.755500000552274,37672.07359999884,4132.475148531985
1781268193,300,,Aggregated,141.800000,0.000000,130,310,550,730,1400,3300,16000,21000,31000,35000,38000,52159,1,130,1019.6653337334067,33.755500000552274,37672.07359999884,4133.006499357733
1781268194,300,,Aggregated,144.400000,0.000000,130,310,550,730,1400,3300,16000,21000,31000,35000,38000,52307,1,130,1017.0036746630619,33.755500000552274,37672.07359999884,4132.589079855468
1781268195,300,,Aggregated,141.400000,0.000000,130,310,540,730,1400,3200,16000,21000,31000,35000,38000,52450,1,130,1014.4262801487272,33.755500000552274,37672.07359999884,4132.081506196378
1781268196,300,,Aggregated,142.200000,0.000000,130,310,540,730,1400,3200,16000,21000,31000,35000,38000,52611,1,130,1011.5768116059521,33.755500000552274,37672.07359999884,4131.119043546027
1781268197,300,,Aggregated,143.300000,0.000000,130,300,540,730,1400,3200,16000,21000,31000,35000,38000,52752,1,130,1009.0369119521682,33.755500000552274,37672.07359999884,4131.886468759479
1781268198,300,,Aggregated,143.700000,0.000000,130,300,540,720,1400,3200,16000,21000,31000,35000,38000,52891,1,130,1006.5450446522245,33.755500000552274,37672.07359999884,4131.093437446824
1781268199,300,,Aggregated,143.200000,0.000000,130,300,530,720,1400,3200,16000,21000,31000,35000,38000,53031,1,130,1004.0833826403582,33.755500000552274,37672.07359999884,4130.975391751994
1781268200,300,,Aggregated,144.100000,0.000000,130,300,530,720,1300,3200,16000,21000,31000,35000,38000,53184,1,130,1001.3794308871239,33.755500000552274,37672.07359999884,4131.604975180506
1781268201,300,,Aggregated,144.000000,0.000000,130,300,530,720,1300,3100,16000,21000,31000,35000,38000,53327,1,130,998.8590490783433,33.755500000552274,37672.07359999884,4131.570761527932
1781268202,300,,Aggregated,142.500000,0.000000,130,300,530,710,1300,3100,16000,21000,31000,35000,38000,53464,1,130,996.4766871184511,33.755500000552274,37672.07359999884,4131.515056860691
1781268203,300,,Aggregated,145.500000,0.000000,130,290,530,710,1300,3100,16000,21000,31000,35000,38000,53613,1,130,993.897120004493,33.755500000552274,37672.07359999884,4131.032566728219
1781268204,300,,Aggregated,143.100000,0.000000,120,290,520,710,1300,3100,16000,21000,31000,35000,38000,53754,1,120,991.4744766771021,33.755500000552274,37672.07359999884,4130.608345425457
1781268205,300,,Aggregated,145.000000,0.000000,120,290,520,710,1300,3100,16000,21000,31000,35000,38000,53913,1,120,988.7523877061366,33.755500000552274,37672.07359999884,4131.75315786545
1781268206,300,,Aggregated,145.100000,0.000000,120,290,520,710,1300,3100,16000,21000,31000,35000,38000,54050,1,120,986.4617881720806,33.755500000552274,37672.07359999884,4133.387437557817
1781268207,300,,Aggregated,144.700000,0.000000,120,290,520,700,1300,3100,16000,21000,31000,35000,38000,54210,1,120,983.7889216307132,33.755500000552274,37672.07359999884,4133.8083010514665
1781268208,300,,Aggregated,143.700000,0.000000,120,290,520,700,1300,3000,16000,21000,31000,35000,38000,54350,1,120,981.4546750395747,33.755500000552274,37672.07359999884,4133.392879484821
1781268209,300,,Aggregated,143.400000,0.000000,120,280,510,700,1300,3000,16000,21000,31000,35000,38000,54480,1,120,979.3489552790185,33.755500000552274,37672.07359999884,4134.137812041116
1781268210,300,,Aggregated,145.400000,0.000000,120,280,510,700,1300,3000,16000,21000,31000,35000,38000,54635,1,120,976.8649052860067,33.755500000552274,37672.07359999884,4135.132625606297
1781268211,300,,Aggregated,144.000000,0.000000,120,280,510,700,1300,3000,16000,21000,31000,35000,38000,54770,1,120,974.6982161238072,33.755500000552274,37672.07359999884,4135.508946503561
1781268212,300,,Aggregated,145.700000,0.000000,120,280,510,690,1300,3000,16000,21000,31000,35000,38000,54918,1,120,972.3020802305413,33.755500000552274,37672.07359999884,4134.959139080083
1781268213,300,,Aggregated,142.800000,0.000000,120,280,500,690,1300,3000,16000,21000,31000,35000,38000,55065,1,120,969.871436987213,33.755500000552274,37672.07359999884,4134.161245800417
1781268214,300,,Aggregated,144.700000,0.000000,120,280,500,690,1300,2900,16000,21000,31000,35000,38000,55212,1,120,967.4322202836512,33.755500000552274,37672.07359999884,4134.91324349779
1781268215,300,,Aggregated,143.600000,0.000000,120,280,500,690,1300,2900,16000,21000,31000,35000,38000,55353,1,120,965.2180220421834,33.755500000552274,37672.07359999884,4135.21711560349
1781268216,300,,Aggregated,143.000000,0.000000,120,270,500,680,1300,2900,16000,21000,31000,35000,38000,55495,1,120,962.8965694981719,33.755500000552274,37672.07359999884,4135.0455176141995
1781268217,300,,Aggregated,142.400000,0.000000,120,270,500,680,1300,2900,15000,21000,31000,35000,38000,55648,1,120,960.5121137004218,33.755500000552274,37672.07359999884,4136.620255894192
1781268218,300,,Aggregated,144.900000,0.000000,120,270,490,680,1300,2900,15000,21000,31000,35000,38000,55793,1,120,958.1800185471487,33.755500000552274,37672.07359999884,4134.97825892137
1781268219,300,,Aggregated,144.700000,0.000000,120,270,490,680,1300,2900,15000,21000,31000,35000,38000,55922,1,120,956.1035620704014,33.755500000552274,37672.07359999884,4134.817299095168
1781268220,300,,Aggregated,142.300000,0.000000,120,270,490,680,1300,2900,15000,21000,31000,35000,38000,56093,1,120,953.3593996737713,33.755500000552274,37672.07359999884,4134.616101830888
1781268221,300,,Aggregated,144.000000,0.000000,120,270,490,670,1300,2800,15000,21000,31000,35000,38000,56225,1,120,951.2841431907675,33.755500000552274,37672.07359999884,4134.30964873277
1781268222,300,,Aggregated,144.100000,0.000000,120,260,480,670,1300,2800,15000,21000,31000,35000,38000,56381,1,120,948.8293310228784,33.755500000552274,37672.07359999884,4133.903584540892
1781268223,300,,Aggregated,144.300000,0.000000,120,260,480,670,1300,2800,15000,21000,31000,35000,38000,56531,1,120,946.48208938637,33.755500000552274,37672.07359999884,4134.433762006686
1781268224,300,,Aggregated,144.700000,0.000000,110,260,480,670,1300,2800,15000,21000,31000,35000,38000,56683,1,110,944.1040934566076,33.755500000552274,37672.07359999884,4134.080747314009
1781268225,300,,Aggregated,146.400000,0.000000,110,260,480,660,1300,2800,15000,20000,31000,35000,38000,56828,1,110,941.8338687161428,33.755500000552274,37672.07359999884,4133.708682339692
1781268226,300,,Aggregated,146.600000,0.000000,110,260,480,660,1300,2800,15000,20000,31000,35000,38000,56981,1,110,939.5275108264341,33.755500000552274,37672.07359999884,4134.302258647619
1781268227,300,,Aggregated,148.700000,0.000000,110,260,470,660,1300,2800,15000,20000,31000,35000,38000,57116,1,110,937.4299307199565,33.755500000552274,37672.07359999884,4134.457875201345
1781268228,300,,Aggregated,147.200000,0.000000,110,260,470,660,1300,2700,15000,20000,31000,35000,38000,57274,1,110,935.0013990903544,33.755500000552274,37672.07359999884,4135.335544924398
1781268229,300,,Aggregated,146.500000,0.000000,110,250,470,660,1300,2700,15000,20000,31000,35000,38000,57398,1,110,933.1069184309727,33.755500000552274,37672.07359999884,4134.541952681278
1781268230,300,,Aggregated,147.400000,0.000000,110,250,470,650,1300,2700,15000,20000,31000,35000,38000,57559,1,110,930.7033251915583,33.755500000552274,37672.07359999884,4135.107541826647
1781268231,300,,Aggregated,147.600000,0.000000,110,250,460,650,1300,2700,15000,20000,31000,35000,38000,57703,1,110,928.5213020882964,33.755500000552274,37672.07359999884,4133.475174600974
1781268232,300,,Aggregated,143.600000,0.000000,110,250,460,650,1300,2700,15000,20000,31000,35000,38000,57837,1,110,926.4909015682174,33.755500000552274,37672.07359999884,4134.183550322458
1781268233,300,,Aggregated,147.100000,0.000000,110,250,460,650,1300,2700,15000,20000,31000,35000,38000,57986,1,110,924.273576239109,33.755500000552274,37672.07359999884,4135.261373434967
1781268234,300,,Aggregated,145.500000,0.000000,110,250,460,650,1300,2700,15000,20000,31000,35000,38000,58139,1,110,921.9775915289396,33.755500000552274,37672.07359999884,4135.378781884793
1781268235,300,,Aggregated,144.400000,0.000000,110,250,460,640,1300,2700,15000,20000,31000,35000,38000,58295,1,110,919.6527313903598,33.755500000552274,37672.07359999884,4134.6766961145895
1781268236,300,,Aggregated,145.100000,0.000000,110,240,450,640,1300,2600,15000,20000,31000,35000,38000,58433,1,110,917.6129158934344,33.755500000552274,37672.07359999884,4135.174558896514
1781268237,300,,Aggregated,143.300000,0.000000,110,240,450,640,1300,2600,15000,20000,31000,35000,38000,58572,1,110,915.6738582326205,33.755500000552274,37672.07359999884,4135.81262377928
1781268238,300,,Aggregated,145.000000,0.000000,110,240,450,640,1200,2600,15000,20000,31000,35000,38000,58718,1,110,913.5387073418891,33.755500000552274,37672.07359999884,4134.782196260091
1781268239,300,,Aggregated,143.200000,0.000000,110,240,450,640,1200,2600,15000,20000,31000,35000,38000,58860,1,110,911.5409567771152,33.755500000552274,37672.07359999884,4134.637546721033
1781268240,300,,Aggregated,144.400000,0.000000,110,240,440,630,1200,2600,15000,20000,31000,35000,38000,59014,1,110,909.3931705612384,33.755500000552274,37672.07359999884,4134.69952892534
1781268241,300,,Aggregated,143.100000,0.000000,110,240,440,630,1200,2600,15000,20000,31000,35000,38000,59146,1,110,907.5113435397301,33.755500000552274,37672.07359999884,4134.3251783721635
1781268242,300,,Aggregated,146.600000,0.000000,110,240,440,630,1200,2600,15000,20000,31000,35000,38000,59310,1,110,905.1961914533949,33.755500000552274,37672.07359999884,4134.76808295397
1781268243,300,,Aggregated,144.600000,0.000000,110,240,440,630,1200,2600,15000,20000,31000,35000,38000,59459,1,110,903.0810221430033,33.755500000552274,37672.07359999884,4135.26450158933
1781268244,300,,Aggregated,143.900000,0.000000,110,240,440,620,1200,2500,15000,20000,31000,35000,38000,59600,1,110,901.1279001157862,33.755500000552274,37672.07359999884,4134.001241610738
1781268245,300,,Aggregated,145.600000,0.000000,110,230,430,620,1200,2500,15000,20000,31000,35000,38000,59751,1,110,899.0043116232515,33.755500000552274,37672.07359999884,4132.911650014225
1781268246,300,,Aggregated,145.200000,0.000000,110,230,430,620,1200,2500,15000,20000,31000,35000,38000,59889,1,110,897.0579098699409,33.755500000552274,37672.07359999884,4132.441082669606
1781268247,300,,Aggregated,145.800000,0.000000,100,230,430,620,1200,2500,15000,20000,31000,35000,38000,60037,1,100,895.0433398221251,33.755500000552274,37672.07359999884,4132.69627063311
1781268248,300,,Aggregated,144.900000,0.000000,100,230,430,620,1200,2500,14000,20000,31000,35000,38000,60182,1,100,893.075150184456,33.755500000552274,37672.07359999884,4133.060566282277
1781268249,300,,Aggregated,146.100000,0.000000,100,230,430,610,1200,2500,14000,20000,31000,35000,38000,60328,1,100,891.0421424628838,33.755500000552274,37672.07359999884,4132.331222649516
1781268250,300,,Aggregated,144.900000,0.000000,100,230,420,610,1200,2500,14000,20000,31000,35000,38000,60471,1,100,889.0966694366043,33.755500000552274,37672.07359999884,4131.970002149791
1781268252,300,,Aggregated,145.900000,0.000000,100,230,420,610,1200,2500,14000,20000,31000,35000,38000,60628,1,100,886.93976733689,33.755500000552274,37672.07359999884,4132.714653295507
1781268253,300,,Aggregated,144.700000,0.000000,100,230,420,610,1200,2400,14000,20000,31000,35000,38000,60775,1,100,884.9659605100936,33.755500000552274,37672.07359999884,4132.824664747018
1781268254,300,,Aggregated,146.900000,0.000000,100,230,420,610,1200,2400,14000,20000,31000,35000,38000,60930,1,100,882.850506364696,33.755500000552274,37672.07359999884,4133.6148859346795
1781268255,300,,Aggregated,146.100000,0.000000,100,220,420,610,1200,2400,14000,20000,31000,35000,38000,61065,1,100,881.0855864243168,33.755500000552274,37672.07359999884,4133.401359207402
