Timestamp,User Count,Type,Name,Requests/s,Failures/s,50%,66%,75%,80%,90%,95%,98%,99%,99.9%,99.99%,100%,Total Request Count,Total Failure Count,Total Median Response Time,Total Average Response Time,Total Min Response Time,Total Max Response Time,Total Average Content Size
1781263877,0,,Aggregated,0.000000,0.000000,N/A,N/A,N/A,N/A,N/A,N/A,N/A,N/A,N/A,N/A,N/A,0,0,0,0.0,0,0,0
1781263878,10,,Aggregated,0.000000,0.000000,230,230,240,260,310,310,310,310,310,310,310,10,0,230,223.03312999938498,157.62009999889415,306.960000001709,3923.2
1781263879,20,,Aggregated,0.000000,0.000000,210,210,230,230,260,280,310,310,310,310,310,24,0,200,186.59735416622425,48.6559999990277,306.960000001709,4667.541666666667
1781263880,30,,Aggregated,10.000000,0.000000,160,200,210,220,240,270,310,310,310,310,310,42,0,160,150.8571642854284,48.6559999990277,306.960000001709,4288.023809523809
1781263881,50,,Aggregated,10.000000,0.000000,100,160,200,200,230,260,280,310,310,310,310,66,0,100,123.51135606072741,45.31000000133645,306.960000001709,3984.409090909091
1781263882,50,,Aggregated,11.666667,0.000000,100,110,160,170,210,240,280,310,310,310,310,94,0,94,110.49623191502178,37.96570000122301,306.960000001709,4410.13829787234
1781263883,50,,Aggregated,14.250000,0.000000,66,110,120,160,210,260,310,1100,1100,1100,1100,120,0,65,117.9782958335636,37.96570000122301,1129.46149999334,4458.433333333333
1781263884,50,,Aggregated,16.200000,0.000000,63,100,110,140,210,240,310,1100,1100,1100,1100,140,0,63,109.49663000012931,37.96570000122301,1129.46149999334,4425.885714285714
1781263885,50,,Aggregated,17.000000,0.000000,60,87,110,110,200,230,280,1100,1100,1100,1100,167,0,60,100.89804910187482,37.96570000122301,1129.46149999334,4377.077844311377
1781263886,50,,Aggregated,18.428571,0.000000,60,68,100,110,200,230,280,1100,1100,1100,1100,190,0,60,95.35709473696586,37.96570000122301,1129.46149999334,4239.494736842105
1781263887,50,,Aggregated,19.125000,0.000000,59,64,94,100,170,220,270,310,1100,1100,1100,218,0,59,89.83466559637887,37.96570000122301,1129.46149999334,4144.01376146789
1781263888,50,,Aggregated,19.444444,0.000000,58,63,76,100,160,210,270,310,1100,1100,1100,246,0,58,85.6434065040307,37.96570000122301,1129.46149999334,4140.178861788618
1781263889,50,,Aggregated,19.900000,0.000000,57,61,68,94,150,210,260,310,1100,1100,1100,268,0,57,82.90889776115147,37.96570000122301,1129.46149999334,4189.787313432836
1781263890,50,,Aggregated,21.500000,0.000000,57,61,66,83,140,210,260,310,1100,1100,1100,292,0,57,80.51502465754659,37.96570000122301,1129.46149999334,4292.0445205479455
1781263891,50,,Aggregated,23.300000,0.000000,56,60,65,71,110,200,240,280,1100,1100,1100,320,0,56,78.19689187499534,37.96570000122301,1129.46149999334,4403.93125
1781263892,50,,Aggregated,24.100000,0.000000,56,61,66,76,120,200,240,280,1100,1100,1100,342,0,56,78.0116672514574,37.96570000122301,1129.46149999334,4419.868421052632
1781263893,50,,Aggregated,24.100000,0.000000,56,60,65,71,110,200,230,280,1100,1100,1100,369,0,56,76.17646043363888,37.96570000122301,1129.46149999334,4329.119241192412
1781263894,50,,Aggregated,23.900000,0.000000,55,60,64,69,110,200,230,280,1100,1100,1100,395,0,55,74.55901189878895,37.96570000122301,1129.46149999334,4340.711392405064
1781263895,50,,Aggregated,24.400000,0.000000,55,60,63,68,110,170,230,270,1100,1100,1100,411,0,55,73.72259318739289,37.96570000122301,1129.46149999334,4311.688564476885
1781263896,50,,Aggregated,24.400000,0.000000,55,60,63,66,110,170,230,270,1100,1100,1100,437,0,55,72.6088610984665,37.96570000122301,1129.46149999334,4362.322654462243
1781263897,50,,Aggregated,24.700000,0.000000,55,59,63,66,110,160,230,270,1100,1100,1100,465,0,55,71.62224666671753,37.96570000122301,1129.46149999334,4313.550537634409
1781263898,50,,Aggregated,24.300000,0.000000,55,59,62,65,110,160,230,270,1100,1100,1100,486,0,55,70.90370617288312,37.96570000122301,1129.46149999334,4328.609053497942
1781263899,50,,Aggregated,24.500000,0.000000,55,59,62,65,100,160,220,260,1100,1100,1100,512,0,55,70.13281582030118,37.96570000122301,1129.46149999334,4296.48828125
1781263900,50,,Aggregated,24.500000,0.000000,55,59,63,66,110,160,220,260,1100,1100,1100,535,0,55,71.01306934582851,37.96570000122301,1129.46149999334,4230.865420560747
1781263901,50,,Aggregated,24.100000,0.000000,55,59,63,66,110,160,210,260,1100,1100,1100,559,0,55,70.90791717355664,37.96570000122301,1129.46149999334,4194.212880143113
1781263902,50,,Aggregated,24.300000,0.000000,55,59,62,65,110,160,210,260,1100,1100,1100,585,0,55,70.05687914533753,37.96570000122301,1129.46149999334,4194.558974358974
1781263903,50,,Aggregated,24.500000,0.000000,55,59,62,65,110,150,210,240,1100,1100,1100,615,0,55,69.0944495935294,37.96570000122301,1129.46149999334,4143.359349593496
1781263904,50,,Aggregated,24.500000,0.000000,54,59,61,64,100,150,210,240,1100,1100,1100,634,0,54,68.53463974765634,37.96570000122301,1129.46149999334,4096.821766561514
1781263905,50,,Aggregated,24.200000,0.000000,54,58,61,64,100,140,210,240,1100,1100,1100,663,0,54,68.13261191554503,37.96570000122301,1129.46149999334,4127.538461538462
1781263906,50,,Aggregated,24.800000,0.000000,54,59,62,65,110,160,210,270,1100,1100,1100,684,0,54,69.64405760236173,37.96570000122301,1129.46149999334,4122.608187134503
1781263907,50,,Aggregated,24.300000,0.000000,54,59,61,65,110,160,220,280,1100,1100,1100,706,0,54,70.42586827194445,37.96570000122301,1129.46149999334,4152.645892351275
1781263908,50,,Aggregated,24.600000,0.000000,54,58,61,64,110,160,220,280,1100,1100,1100,734,0,54,69.65208160760551,37.96570000122301,1129.46149999334,4105.476839237057
1781263909,50,,Aggregated,24.700000,0.000000,54,59,61,65,100,160,210,280,1100,1100,1100,755,0,54,69.60285788077,37.96570000122301,1129.46149999334,4128.969536423841
1781263910,50,,Aggregated,23.900000,0.000000,55,59,63,67,110,150,210,280,1100,1100,1100,781,0,55,70.0096551856437,37.96570000122301,1129.46149999334,4123.087067861716
1781263911,50,,Aggregated,24.400000,0.000000,55,60,64,69,110,150,210,270,1100,1100,1100,803,0,55,70.37281855540287,37.96570000122301,1129.46149999334,4116.039850560399
1781263912,50,,Aggregated,24.000000,0.000000,55,60,65,71,110,140,210,270,1100,1100,1100,828,0,55,70.70200253621218,37.96570000122301,1129.46149999334,4142.314009661835
1781263913,50,,Aggregated,23.900000,0.000000,55,60,65,71,110,140,210,270,1100,1100,1100,852,0,55,70.4502210093881,37.96570000122301,1129.46149999334,4142.902582159624
1781263914,50,,Aggregated,24.100000,0.000000,55,60,65,70,110,140,210,270,1100,1100,1100,877,0,55,69.90130695552976,37.96570000122301,1129.46149999334,4132.953249714938
1781263915,50,,Aggregated,24.600000,0.000000,55,60,64,70,110,140,210,260,1100,1100,1100,902,0,55,69.62598968957113,37.96570000122301,1129.46149999334,4100.178492239468
1781263916,50,,Aggregated,23.300000,0.000000,55,60,64,69,100,140,210,260,1100,1100,1100,921,0,55,69.27483029315707,37.96570000122301,1129.46149999334,4088.7958740499457
1781263917,50,,Aggregated,23.700000,0.000000,55,60,64,69,100,130,200,260,1100,1100,1100,951,0,55,68.85323091485078,37.96570000122301,1129.46149999334,4109.1041009463725
1781263918,50,,Aggregated,24.000000,0.000000,55,59,63,68,100,130,200,260,1100,1100,1100,975,0,55,68.44101692308845,37.96570000122301,1129.46149999334,4123.671794871795
1781263919,50,,Aggregated,23.000000,0.000000,54,59,63,68,100,130,200,260,1100,1100,1100,997,0,54,68.01983821465306,37.02060000068741,1129.46149999334,4127.39518555667
1781263920,50,,Aggregated,24.300000,0.000000,54,59,63,68,100,120,200,240,1100,1100,1100,1024,0,54,67.57110361331087,37.02060000068741,1129.46149999334,4131.5146484375
1781263921,50,,Aggregated,24.000000,0.000000,54,59,63,68,100,120,200,240,1100,1100,1100,1045,0,54,67.49912373208174,37.02060000068741,1129.46149999334,4147.472727272727
1781263922,50,,Aggregated,23.800000,0.000000,54,59,63,68,99,120,200,240,1100,1100,1100,1076,0,54,67.3334704461148,37.02060000068741,1129.46149999334,4145.983271375465
1781263924,50,,Aggregated,24.200000,0.000000,54,59,63,68,99,120,200,270,1100,1100,1100,1095,0,54,67.63294894976774,37.02060000068741,1129.46149999334,4178.524200913242
1781263925,50,,Aggregated,24.300000,0.000000,54,59,63,68,100,130,200,270,1100,1100,1100,1128,0,54,68.03017597517702,37.02060000068741,1129.46149999334,4160.304078014185
1781263926,50,,Aggregated,23.900000,0.000000,54,59,63,68,100,120,200,270,1100,1100,1100,1153,0,54,67.7094748482288,37.02060000068741,1129.46149999334,4162.410234171726
1781263927,50,,Aggregated,24.100000,0.000000,54,59,63,68,99,120,200,270,1100,1100,1100,1174,0,54,67.45013637138433,37.02060000068741,1129.46149999334,4175.021294718909
1781263928,50,,Aggregated,24.500000,0.000000,54,59,63,67,98,120,200,270,1100,1100,1100,1199,0,54,67.1055737281333,37.02060000068741,1129.46149999334,4178.939115929941
1781263929,50,,Aggregated,24.700000,0.000000,54,59,63,68,97,120,200,260,1100,1100,1100,1222,0,54,67.05260245501266,37.02060000068741,1129.46149999334,4172.25286415712
1781263930,50,,Aggregated,24.100000,0.000000,54,59,63,68,97,120,200,260,1100,1100,1100,1248,0,54,66.91472684294753,37.02060000068741,1129.46149999334,4174.630608974359
1781263931,50,,Aggregated,23.500000,0.000000,54,59,63,67,94,120,200,260,1100,1100,1100,1278,0,54,66.56641643190576,37.02060000068741,1129.46149999334,4145.2363067292645
1781263932,50,,Aggregated,24.800000,0.000000,54,59,63,67,97,120,200,260,1100,1100,1100,1300,0,54,66.55874469229624,37.02060000068741,1129.46149999334,4149.370769230769
1781263933,50,,Aggregated,24.000000,0.000000,54,58,62,67,94,120,200,240,1100,1100,1100,1325,0,54,66.24057396226628,37.02060000068741,1129.46149999334,4140.000754716981
1781263934,50,,Aggregated,24.000000,0.000000,54,58,62,66,94,120,200,240,1100,1100,1100,1353,0,54,65.94181544715333,37.02060000068741,1129.46149999334,4134.3983739837395
1781263935,50,,Aggregated,24.100000,0.000000,54,58,62,66,94,120,200,240,1100,1100,1100,1377,0,54,65.89200711692874,37.02060000068741,1129.46149999334,4129.010893246187
1781263936,50,,Aggregated,25.000000,0.000000,54,58,62,66,93,120,190,230,1100,1100,1100,1402,0,54,65.66770185450572,37.02060000068741,1129.46149999334,4131.956490727532
1781263937,50,,Aggregated,24.600000,0.000000,54,58,62,65,91,120,190,230,1100,1100,1100,1431,0,54,65.383437456313,37.02060000068741,1129.46149999334,4124.180992313068
1781263938,50,,Aggregated,24.300000,0.000000,54,58,62,65,91,120,190,230,1100,1100,1100,1454,0,54,65.20781925721049,37.02060000068741,1129.46149999334,4130.348693259973
1781263939,50,,Aggregated,25.300000,0.000000,54,58,61,65,90,120,190,230,1100,1100,1100,1474,0,54,65.00017896878626,37.02060000068741,1129.46149999334,4122.06512890095
1781263940,50,,Aggregated,24.700000,0.000000,54,58,61,65,89,120,190,230,1100,1100,1100,1499,0,54,64.80217685121237,37.02060000068741,1129.46149999334,4118.7498332221485
1781263941,50,,Aggregated,25.400000,0.000000,54,58,61,65,89,120,190,230,1100,1100,1100,1527,0,54,64.6138776686052,37.02060000068741,1129.46149999334,4129.3562540929925
1781263942,50,,Aggregated,24.300000,0.000000,54,58,61,65,88,120,180,230,1100,1100,1100,1552,0,54,64.44022951029521,37.02060000068741,1129.46149999334,4127.229381443299
1781263943,50,,Aggregated,25.200000,0.000000,54,58,61,64,88,120,180,230,1100,1100,1100,1578,0,54,64.27521432191513,37.02060000068741,1129.46149999334,4120.768060836502
1781263944,50,,Aggregated,25.500000,0.000000,53,58,61,64,88,120,190,230,1100,1100,1100,1601,0,53,64.41221667706529,37.02060000068741,1129.46149999334,4121.95690193629
1781263945,50,,Aggregated,24.600000,0.000000,53,57,60,64,87,110,190,230,1100,1100,1100,1625,0,53,64.19788418460834,37.02060000068741,1129.46149999334,4107.857846153846
1781263946,50,,Aggregated,24.500000,0.000000,53,57,60,64,87,110,190,230,1100,1100,1100,1650,0,53,64.01295630300989,37.02060000068741,1129.46149999334,4110.56
1781263947,50,,Aggregated,24.800000,0.000000,53,57,60,63,85,110,180,230,1100,1100,1100,1671,0,53,63.87293153798672,37.02060000068741,1129.46149999334,4114.6636744464395
1781263948,50,,Aggregated,24.800000,0.000000,53,57,60,63,85,110,180,230,1100,1100,1100,1696,0,53,63.7182841391317,37.02060000068741,1129.46149999334,4108.876179245283
1781263949,50,,Aggregated,24.000000,0.000000,53,57,60,63,84,110,170,230,1100,1100,1100,1722,0,53,63.540203484290004,37.02060000068741,1129.46149999334,4108.167247386759
1781263950,50,,Aggregated,24.200000,0.000000,53,57,60,63,84,110,170,230,1100,1100,1100,1745,0,53,63.37800011458076,37.02060000068741,1129.46149999334,4101.3048710601715
1781263951,50,,Aggregated,24.300000,0.000000,53,57,60,63,83,110,170,230,1100,1100,1100,1767,0,53,63.26372490091483,37.02060000068741,1129.46149999334,4109.099603848331
1781263952,50,,Aggregated,24.200000,0.000000,53,57,60,63,83,110,170,230,1100,1100,1100,1791,0,53,63.077102345010644,37.02060000068741,1129.46149999334,4104.074260189838
1781263953,50,,Aggregated,23.700000,0.000000,53,57,60,63,82,110,170,230,1100,1100,1100,1822,0,53,62.89364154771568,37.02060000068741,1129.46149999334,4104.777716794731
1781263954,50,,Aggregated,23.500000,0.000000,53,57,60,62,82,110,170,230,1100,1100,1100,1845,0,53,62.72948189697867,37.02060000068741,1129.46149999334,4126.760433604336
1781263955,50,,Aggregated,24.100000,0.000000,53,57,60,62,82,110,170,230,1100,1100,1100,1870,0,53,62.578020641672204,37.02060000068741,1129.46149999334,4125.91871657754
1781263956,50,,Aggregated,24.600000,0.000000,53,56,59,62,81,110,170,230,1100,1100,1100,1894,0,53,62.42700791971831,37.02060000068741,1129.46149999334,4131.375923970433
1781263957,50,,Aggregated,23.700000,0.000000,53,56,59,62,81,110,170,220,1100,1100,1100,1917,0,53,62.31440516428403,37.02060000068741,1129.46149999334,4141.557642149191
1781263958,50,,Aggregated,24.200000,0.000000,53,56,59,62,80,110,170,220,1100,1100,1100,1937,0,53,62.1962283943908,37.02060000068741,1129.46149999334,4135.601961796593
1781263959,50,,Aggregated,24.000000,0.000000,53,56,59,62,80,110,160,220,1100,1100,1100,1966,0,53,62.053065615429944,37.02060000068741,1129.46149999334,4135.448626653103
1781263960,50,,Aggregated,24.100000,0.000000,53,56,59,61,79,110,160,220,1100,1100,1100,1994,0,53,61.906913139382056,37.02060000068741,1129.46149999334,4141.085757271815
1781263961,50,,Aggregated,24.000000,0.000000,53,56,59,61,78,110,160,210,530,1100,1100,2011,0,53,61.843812531050034,37.02060000068741,1129.46149999334,4148.830432620587
1781263962,50,,Aggregated,24.900000,0.000000,53,56,59,61,78,110,160,210,530,1100,1100,2043,0,53,61.72075487024864,37.02060000068741,1129.46149999334,4150.373959862946
1781263964,50,,Aggregated,24.300000,0.000000,53,56,59,61,78,110,160,220,990,1100,1100,2054,0,53,62.12955632907832,37.02060000068741,1129.46149999334,4150.643622200584
1781263965,50,,Aggregated,24.600000,0.000000,53,56,59,62,83,120,210,330,990,1100,1100,2083,0,53,66.04305021600423,37.02060000068741,1129.46149999334,4155.330772923668
1781263966,50,,Aggregated,21.900000,0.000000,53,57,60,63,87,120,210,330,990,1100,1100,2113,0,53,67.23629772831003,37.02060000068741,1129.46149999334,4172.705158542357
1781263967,50,,Aggregated,22.900000,0.000000,53,57,60,63,86,120,210,330,990,1100,1100,2142,0,53,67.01465910361483,37.02060000068741,1129.46149999334,4157.532679738562
1781263968,50,,Aggregated,22.600000,0.000000,53,57,60,62,86,120,210,330,990,1100,1100,2164,0,53,66.87932486133857,37.02060000068741,1129.46149999334,4139.978743068392
1781263969,50,,Aggregated,22.000000,0.000000,53,56,60,62,85,120,210,330,990,1100,1100,2194,0,53,66.6663781221202,37.02060000068741,1129.46149999334,4134.839562443027
1781263970,50,,Aggregated,23.000000,0.000000,53,56,60,62,85,120,210,330,990,1100,1100,2216,0,53,66.59534381765872,37.02060000068741,1129.46149999334,4139.697653429603
1781263971,50,,Aggregated,22.300000,0.000000,53,56,59,62,84,120,210,330,990,1100,1100,2242,0,53,66.4390191346711,37.02060000068741,1129.46149999334,4140.172167707404
1781263972,50,,Aggregated,22.100000,0.000000,53,56,59,62,84,120,210,330,990,1100,1100,2266,0,53,66.42252233007375,37.02060000068741,1129.46149999334,4144.22374227714
1781263973,50,,Aggregated,22.900000,0.000000,53,56,59,62,83,120,210,330,990,1100,1100,2291,0,53,66.27375512872939,37.02060000068741,1129.46149999334,4143.267568747272
1781263974,50,,Aggregated,23.000000,0.000000,53,56,59,62,84,120,210,330,990,1100,1100,2314,0,53,66.25772057040734,37.02060000068741,1129.46149999334,4149.396283491789
1781263975,50,,Aggregated,22.100000,0.000000,53,56,59,62,84,120,210,330,990,1100,1100,2340,0,53,66.17706076920932,37.02060000068741,1129.46149999334,4138.010683760684
1781263976,50,,Aggregated,24.200000,0.000000,53,57,60,63,85,120,200,330,990,1100,1100,2364,0,53,66.26172195428623,37.02060000068741,1129.46149999334,4144.993654822335
1781263977,50,,Aggregated,24.200000,0.000000,53,57,60,63,85,120,200,330,990,1100,1100,2388,0,53,66.2747731574206,37.02060000068741,1129.46149999334,4143.091708542714
1781263978,50,,Aggregated,23.800000,0.000000,53,57,60,63,87,120,200,330,990,1100,1100,2412,0,53,66.4618837479063,37.02060000068741,1129.46149999334,4140.215174129353
1781263979,50,,Aggregated,25.200000,0.000000,53,57,60,63,88,120,200,330,990,1100,1100,2436,0,53,66.56632319374339,37.02060000068741,1129.46149999334,4137.614532019705
1781263980,50,,Aggregated,24.300000,0.000000,53,57,61,64,89,120,200,330,990,1100,1100,2468,0,53,66.74688776336174,37.02060000068741,1129.46149999334,4131.683549432739
1781263981,50,,Aggregated,24.700000,0.000000,53,57,61,64,89,120,200,330,990,1100,1100,2487,0,53,66.70660434257496,37.02060000068741,1129.46149999334,4129.197024527543
1781263982,50,,Aggregated,23.900000,0.000000,53,57,61,65,89,120,200,330,990,1100,1100,2517,0,53,66.74226507746162,37.02060000068741,1129.46149999334,4118.310290027811
1781263983,50,,Aggregated,24.500000,0.000000,54,57,61,65,89,120,200,330,990,1100,1100,2539,0,54,66.73926585269201,37.02060000068741,1129.46149999334,4121.022843639228
1781263984,50,,Aggregated,24.700000,0.000000,54,58,61,65,93,120,200,330,990,1100,1100,2571,0,54,67.32835993776926,37.02060000068741,1129.46149999334,4127.408012446519
1781263985,50,,Aggregated,24.500000,0.000000,54,58,61,66,93,120,200,330,990,1100,1100,2590,0,54,67.3307691891898,37.02060000068741,1129.46149999334,4116.361776061776
1781263986,50,,Aggregated,24.600000,0.000000,54,58,62,66,93,120,200,330,990,1100,1100,2616,0,54,67.37332985474896,37.02060000068741,1129.46149999334,4113.089831804281
1781263987,50,,Aggregated,25.400000,0.000000,54,58,62,67,94,120,200,330,990,1100,1100,2639,0,54,67.42407574839594,37.02060000068741,1129.46149999334,4094.4012883668056
1781263988,50,,Aggregated,25.200000,0.000000,54,58,62,67,94,120,200,330,990,1100,1100,2660,0,54,67.41885830827626,37.02060000068741,1129.46149999334,4100.065789473684
1781263989,50,,Aggregated,24.700000,0.000000,54,58,62,67,96,120,200,330,990,1100,1100,2688,0,54,67.6493241815457,37.02060000068741,1129.46149999334,4106.640997023809
1781263990,50,,Aggregated,24.600000,0.000000,54,58,63,67,98,120,200,330,990,1100,1100,2713,0,54,68.00680803538017,37.02060000068741,1129.46149999334,4105.527460375967
1781263991,50,,Aggregated,24.200000,0.000000,54,58,63,68,98,120,200,330,990,1100,1100,2735,0,54,67.9972111882949,37.02060000068741,1129.46149999334,4104.6511882998175
1781263992,50,,Aggregated,25.500000,0.000000,54,58,62,67,98,120,200,330,990,1100,1100,2758,0,54,67.84972313269819,37.02060000068741,1129.46149999334,4117.52538071066
1781263993,50,,Aggregated,24.400000,0.000000,54,58,62,67,97,120,200,330,990,1100,1100,2784,0,54,67.68465675287482,37.02060000068741,1129.46149999334,4128.0323275862065
1781263994,50,,Aggregated,24.000000,0.000000,54,58,62,67,97,120,200,330,990,1100,1100,2814,0,54,67.59040856432858,37.02060000068741,1129.46149999334,4122.184790334044
1781263995,50,,Aggregated,24.700000,0.000000,54,58,62,67,97,120,200,330,990,1100,1100,2836,0,54,67.49489749647915,37.02060000068741,1129.46149999334,4116.818758815232
1781263996,50,,Aggregated,24.600000,0.000000,54,58,62,67,96,120,200,330,990,1100,1100,2859,0,54,67.35276253935403,37.02060000068741,1129.46149999334,4113.693599160546
1781263997,50,,Aggregated,24.100000,0.000000,54,58,62,67,95,120,200,330,990,1100,1100,2881,0,54,67.2319179451549,37.02060000068741,1129.46149999334,4111.161749392572
1781263998,50,,Aggregated,24.000000,0.000000,54,58,62,67,95,120,200,330,990,1100,1100,2900,0,54,67.12033437930774,37.02060000068741,1129.46149999334,4114.2
1781263999,50,,Aggregated,24.300000,0.000000,54,58,62,67,95,120,200,320,990,1100,1100,2931,0,54,67.14314162401386,37.02060000068741,1129.46149999334,4123.943022859093
1781264000,50,,Aggregated,24.100000,0.000000,54,58,62,67,96,120,200,320,990,1100,1100,2954,0,54,67.1268838523961,37.02060000068741,1129.46149999334,4118.025050778605
1781264001,50,,Aggregated,24.000000,0.000000,54,58,62,67,95,120,200,320,990,1100,1100,2976,0,54,67.00557127015277,37.02060000068741,1129.46149999334,4127.629704301075
1781264002,50,,Aggregated,23.900000,0.000000,54,58,62,66,95,120,200,320,960,1100,1100,3006,0,54,66.84896327344191,37.02060000068741,1129.46149999334,4131.649367930805
1781264003,50,,Aggregated,24.300000,0.000000,54,58,62,66,95,120,200,320,960,1100,1100,3026,0,54,66.72829709185292,37.02060000068741,1129.46149999334,4134.866490416392
1781264004,50,,Aggregated,24.100000,0.000000,53,58,61,66,94,120,200,320,960,1100,1100,3049,0,53,66.59552768118384,37.02060000068741,1129.46149999334,4141.597900951131
1781264005,50,,Aggregated,24.300000,0.000000,53,57,61,66,94,120,190,320,960,1100,1100,3071,0,53,66.48051761639208,37.02060000068741,1129.46149999334,4144.877238684468
1781264006,50,,Aggregated,24.000000,0.000000,53,57,61,66,93,120,190,320,960,1100,1100,3097,0,53,66.35910636097545,37.02060000068741,1129.46149999334,4140.841459476913
1781264007,50,,Aggregated,23.400000,0.000000,53,57,61,65,93,120,190,320,960,1100,1100,3121,0,53,66.28924956743133,37.02060000068741,1129.46149999334,4139.175264338353
1781264008,50,,Aggregated,23.400000,0.000000,53,57,61,65,93,120,190,320,960,1100,1100,3145,0,53,66.18995249600789,37.02060000068741,1129.46149999334,4140.7379968203495
1781264009,50,,Aggregated,23.600000,0.000000,53,57,61,65,92,120,190,320,960,1100,1100,3176,0,53,66.0307872480835,37.02060000068741,1129.46149999334,4137.827455919395
1781264011,50,,Aggregated,23.800000,0.000000,53,57,61,65,92,120,190,320,960,1100,1100,3198,0,53,65.93621563475264,37.02060000068741,1129.46149999334,4143.664790494059
1781264012,50,,Aggregated,24.300000,0.000000,53,57,61,65,91,120,190,320,960,1100,1100,3223,0,53,65.82916149548461,37.02060000068741,1129.46149999334,4137.35681042507
1781264013,50,,Aggregated,24.300000,0.000000,53,57,61,65,91,120,190,320,960,1100,1100,3250,0,53,65.70721824613597,37.02060000068741,1129.46149999334,4136.536
1781264014,50,,Aggregated,24.300000,0.000000,53,57,61,64,90,120,190,320,960,1100,1100,3270,0,53,65.7027134556371,37.02060000068741,1129.46149999334,4134.96880733945
1781264015,50,,Aggregated,24.300000,0.000000,53,57,61,64,90,120,190,320,960,1100,1100,3297,0,53,65.57901825900409,37.02060000068741,1129.46149999334,4130.704276615104
1781264016,50,,Aggregated,24.300000,0.000000,53,57,61,64,90,120,190,320,960,1100,1100,3323,0,53,65.53048898584194,37.02060000068741,1129.46149999334,4121.674691543786
1781264017,50,,Aggregated,24.400000,0.000000,53,57,61,64,89,120,190,320,960,1100,1100,3347,0,53,65.43115395875732,37.02060000068741,1129.46149999334,4116.551837466388
1781264018,50,,Aggregated,25.100000,0.000000,53,57,61,64,89,120,190,320,960,1100,1100,3375,0,53,65.35259442961197,37.02060000068741,1129.46149999334,4116.732148148149
1781264019,50,,Aggregated,24.700000,0.000000,53,57,60,64,89,120,190,310,960,1100,1100,3401,0,53,65.25413593059267,37.02060000068741,1129.46149999334,4116.536018817995
1781264020,50,,Aggregated,25.000000,0.000000,53,57,60,64,89,120,190,310,960,1100,1100,3422,0,53,65.16114678549054,37.02060000068741,1129.46149999334,4115.698421975453
1781264021,50,,Aggregated,25.200000,0.000000,53,57,60,63,88,120,190,310,960,1100,1100,3449,0,53,65.04715703100621,37.02060000068741,1129.46149999334,4116.4035952449985
1781264022,50,,Aggregated,24.400000,0.000000,53,57,60,63,88,120,190,310,960,1100,1100,3473,0,53,64.93165237544412,37.02060000068741,1129.46149999334,4108.864670313849
1781264023,50,,Aggregated,25.000000,0.000000,53,57,60,63,88,120,190,310,960,1100,1100,3500,0,53,64.83852734283677,37.02060000068741,1129.46149999334,4110.686571428571
1781264024,50,,Aggregated,24.900000,0.000000,53,57,60,63,88,120,190,280,960,1100,1100,3522,0,53,64.82207578078408,37.02060000068741,1129.46149999334,4112.51192504259
1781264025,50,,Aggregated,24.900000,0.000000,53,57,60,63,88,120,190,280,960,1100,1100,3543,0,53,64.82703598643442,37.02060000068741,1129.46149999334,4110.493084956252
1781264026,50,,Aggregated,24.700000,0.000000,53,57,60,63,88,120,190,280,960,1100,1100,3570,0,53,64.7512726890676,37.02060000068741,1129.46149999334,4109.126610644258
1781264027,50,,Aggregated,24.400000,0.000000,53,57,60,63,88,120,190,280,960,1100,1100,3589,0,53,64.8411363053678,37.02060000068741,1129.46149999334,4111.860406798551
1781264028,50,,Aggregated,24.300000,0.000000,53,57,60,63,89,120,190,280,960,1100,1100,3608,0,53,64.93744179600226,37.02060000068741,1129.46149999334,4110.665188470067
1781264029,50,,Aggregated,24.100000,0.000000,53,57,60,64,89,120,190,320,990,1100,1100,3622,0,53,65.75363233019384,37.02060000068741,1129.46149999334,4102.633075648813
1781264030,50,,Aggregated,24.100000,0.000000,53,57,60,64,89,120,190,320,990,1100,1100,3629,0,53,65.87649217414099,37.02060000068741,1129.46149999334,4103.157068062827
1781264031,50,,Aggregated,22.100000,0.000000,53,57,60,63,89,120,190,320,990,1100,1100,3637,0,53,65.84588493262672,37.02060000068741,1129.46149999334,4102.109705801485
1781264032,50,,Aggregated,20.900000,0.000000,53,57,60,63,89,120,190,320,990,1100,1100,3645,0,53,65.89750913579422,37.02060000068741,1129.46149999334,4101.229903978052
1781264033,50,,Aggregated,18.800000,0.000000,53,57,60,63,89,120,190,320,990,1100,1100,3651,0,53,65.87938167624644,37.02060000068741,1129.46149999334,4100.203505888798
1781264034,50,,Aggregated,18.800000,0.000000,53,57,60,63,89,120,190,320,990,1100,1100,3651,0,53,65.87938167624644,37.02060000068741,1129.46149999334,4100.203505888798
1781264035,50,,Aggregated,17.300000,0.000000,53,57,60,63,89,120,190,320,990,1100,1100,3654,0,53,65.86839923370952,37.02060000068741,1129.46149999334,4102.084017515052
1781264036,50,,Aggregated,15.100000,0.000000,53,57,60,63,89,120,190,320,990,1100,1100,3655,0,53,65.86501797536847,37.02060000068741,1129.46149999334,4102.797537619699
1781264037,50,,Aggregated,13.500000,0.000000,53,57,60,63,89,120,190,320,990,1100,1100,3657,0,53,65.85696931910776,37.02060000068741,1129.46149999334,4100.9907027618265
1781264038,50,,Aggregated,8.900000,0.000000,53,57,60,63,89,120,190,320,990,1100,1100,3658,0,53,65.85331030617144,37.02060000068741,1129.46149999334,4102.209677419355
1781264039,50,,Aggregated,8.900000,0.000000,53,57,60,63,89,120,190,320,990,1100,1100,3658,0,53,65.85331030617144,37.02060000068741,1129.46149999334,4102.209677419355
1781264040,50,,Aggregated,8.900000,0.000000,53,57,60,63,89,120,190,320,990,1100,1100,3658,0,53,65.85331030617144,37.02060000068741,1129.46149999334,4102.209677419355
1781264041,50,,Aggregated,8.900000,0.000000,53,57,60,63,89,120,190,320,990,1100,1100,3658,0,53,65.85331030617144,37.02060000068741,1129.46149999334,4102.209677419355
1781264042,50,,Aggregated,2.900000,0.000000,53,57,61,64,93,120,220,420,14000,15000,15000,3679,0,53,137.76791731448634,37.02060000068741,14586.69540000119,4097.63223702093
1781264043,50,,Aggregated,2.200000,0.000000,53,57,61,64,94,120,320,1100,14000,15000,15000,3693,0,53,175.96028960194423,37.02060000068741,14586.69540000119,4093.8532358516113
1781264044,50,,Aggregated,2.600000,0.000000,53,57,61,65,95,130,330,5800,14000,15000,15000,3712,0,53,187.328201643309,37.02060000068741,14586.69540000119,4093.9445043103447
1781264045,50,,Aggregated,3.600000,0.000000,53,57,61,65,99,140,420,10000,15000,18000,18000,3740,0,53,224.33404243313626,37.02060000068741,17773.865899995144,4101.840374331551
1781264046,50,,Aggregated,5.300000,0.000000,53,57,61,66,100,150,430,10000,17000,18000,18000,3760,0,53,229.3147198404053,37.02060000068741,17773.865899995144,4104.438563829787
1781264047,50,,Aggregated,6.500000,0.000000,53,57,61,66,100,160,510,10000,17000,18000,18000,3780,0,53,229.03951817458477,37.02060000068741,17773.865899995144,4108.551851851852
1781264048,50,,Aggregated,9.600000,0.000000,53,57,61,66,100,160,580,10000,17000,18000,18000,3802,0,53,229.0903172540592,37.02060000068741,17773.865899995144,4108.80352446081
1781264049,50,,Aggregated,11.300000,0.000000,53,57,62,67,100,170,580,10000,17000,18000,18000,3824,0,53,228.69302983785198,37.02060000068741,17773.865899995144,4108.207374476988
1781264050,50,,Aggregated,13.300000,0.000000,53,57,62,67,100,170,580,10000,17000,18000,18000,3848,0,53,228.08204103428878,37.02060000068741,17773.865899995144,4107.20841995842
1781264051,50,,Aggregated,15.800000,0.000000,53,58,62,67,110,180,570,10000,17000,18000,18000,3869,0,53,227.76932698370888,37.02060000068741,17773.865899995144,4108.34530886534
1781264052,50,,Aggregated,17.800000,0.000000,53,58,62,68,110,190,570,10000,17000,18000,18000,3893,0,53,227.15152699716634,37.02060000068741,17773.865899995144,4103.946313896738
1781264053,50,,Aggregated,20.300000,0.000000,53,58,62,68,110,190,560,10000,17000,18000,18000,3918,0,53,226.32888534965463,37.02060000068741,17773.865899995144,4099.679173047473
1781264054,50,,Aggregated,21.300000,0.000000,53,58,62,68,110,190,560,10000,17000,18000,18000,3944,0,53,225.8381499492782,37.02060000068741,17773.865899995144,4106.182555780933
1781264055,50,,Aggregated,22.200000,0.000000,53,58,62,68,110,190,530,10000,17000,18000,18000,3967,0,53,225.06315576000125,37.02060000068741,17773.865899995144,4104.2021678850515
1781264056,50,,Aggregated,22.400000,0.000000,53,58,62,68,110,190,530,10000,17000,18000,18000,3993,0,53,224.22599977458546,37.02060000068741,17773.865899995144,4101.185324317556
1781264057,50,,Aggregated,23.600000,0.000000,54,58,63,68,110,190,520,9800,15000,18000,18000,4016,0,54,223.52869477089862,37.02060000068741,17773.865899995144,4098.148655378486
1781264058,50,,Aggregated,22.900000,0.000000,54,58,63,69,110,190,520,9800,15000,18000,18000,4038,0,54,222.86229744921593,37.02060000068741,17773.865899995144,4096.785042100049
1781264059,50,,Aggregated,23.100000,0.000000,54,58,63,69,110,190,510,9800,15000,18000,18000,4065,0,54,221.9059091758791,37.02060000068741,17773.865899995144,4094.2553505535057
1781264060,50,,Aggregated,23.700000,0.000000,54,58,63,69,110,190,510,9800,15000,18000,18000,4090,0,54,221.11364550120783,37.02060000068741,17773.865899995144,4101.01662591687
1781264061,50,,Aggregated,23.200000,0.000000,54,58,63,69,110,190,510,9400,15000,18000,18000,4106,0,54,220.64635051143,37.02060000068741,17773.865899995144,4103.945445689235
1781264062,50,,Aggregated,24.500000,0.000000,54,58,63,69,110,190,510,9400,15000,18000,18000,4138,0,54,219.6105715321241,37.02060000068741,17773.865899995144,4102.4821169647175
1781264063,50,,Aggregated,23.500000,0.000000,54,58,63,70,110,190,490,9400,15000,18000,18000,4160,0,54,218.93478475959776,37.02060000068741,17773.865899995144,4105.793509615384
1781264064,50,,Aggregated,23.700000,0.000000,54,58,63,70,110,190,490,9400,15000,18000,18000,4179,0,54,218.25081998083735,37.02060000068741,17773.865899995144,4105.276860492941
1781264065,50,,Aggregated,24.300000,0.000000,54,58,63,70,120,200,480,9200,15000,18000,18000,4210,0,54,217.35788384796254,37.02060000068741,17773.865899995144,4106.785510688836
1781264066,50,,Aggregated,23.900000,0.000000,54,58,63,70,120,190,480,9200,15000,18000,18000,4228,0,54,216.65346135286447,37.02060000068741,17773.865899995144,4112.596026490066
1781264067,50,,Aggregated,24.100000,0.000000,54,58,63,70,120,200,480,9200,15000,18000,18000,4259,0,54,215.65740795959783,37.02060000068741,17773.865899995144,4109.60342803475
1781264068,50,,Aggregated,23.800000,0.000000,54,58,63,70,120,190,480,9200,15000,18000,18000,4283,0,54,214.83929880922642,37.02060000068741,17773.865899995144,4113.909175811347
1781264069,50,,Aggregated,23.800000,0.000000,54,58,63,70,120,190,480,8800,15000,18000,18000,4307,0,54,214.06525971672158,37.02060000068741,17773.865899995144,4122.824936150453
1781264070,50,,Aggregated,24.300000,0.000000,54,58,63,71,120,190,480,8800,15000,18000,18000,4335,0,54,213.18086546711234,37.02060000068741,17773.865899995144,4131.892733564014
1781264071,50,,Aggregated,24.000000,0.000000,54,58,63,70,120,190,440,8800,15000,18000,18000,4351,0,54,212.6108323373837,37.02060000068741,17773.865899995144,4132.9970121811075
1781264072,50,,Aggregated,23.600000,0.000000,54,58,63,71,120,190,440,8800,15000,18000,18000,4381,0,54,211.6570217758381,37.02060000068741,17773.865899995144,4136.709427071445
1781264073,50,,Aggregated,24.500000,0.000000,54,58,63,71,120,190,440,8800,15000,18000,18000,4400,0,54,211.0185564772573,37.02060000068741,17773.865899995144,4139.375227272727
1781264074,50,,Aggregated,24.000000,0.000000,54,58,63,71,120,190,430,8300,15000,18000,18000,4421,0,54,210.3708228907255,37.02060000068741,17773.865899995144,4138.871974666365
1781264075,50,,Aggregated,23.500000,0.000000,54,58,63,70,120,190,430,8300,15000,18000,18000,4449,0,54,209.4097869633437,37.02060000068741,17773.865899995144,4141.494717914138
1781264076,50,,Aggregated,24.200000,0.000000,54,58,63,70,120,190,430,8300,15000,18000,18000,4473,0,54,208.62383758102274,37.02060000068741,17773.865899995144,4139.555108428348
1781264077,50,,Aggregated,23.500000,0.000000,54,58,63,70,120,190,430,8300,15000,18000,18000,4496,0,54,207.89757499998174,37.02060000068741,17773.865899995144,4142.288478647687
1781264078,50,,Aggregated,24.100000,0.000000,54,58,63,70,120,190,430,8100,15000,18000,18000,4522,0,54,207.00415373726312,37.02060000068741,17773.865899995144,4142.1377708978325
1781264079,50,,Aggregated,24.200000,0.000000,54,58,63,70,120,190,430,8100,15000,18000,18000,4546,0,54,206.20582837657122,37.02060000068741,17773.865899995144,4140.393972723273
1781264080,50,,Aggregated,23.500000,0.000000,54,58,63,70,120,190,430,8100,15000,18000,18000,4569,0,54,205.4420110746108,37.02060000068741,17773.865899995144,4144.5103961479535
1781264081,50,,Aggregated,24.300000,0.000000,54,58,63,70,120,190,430,8100,15000,18000,18000,4592,0,54,204.74614991286796,37.02060000068741,17773.865899995144,4142.270034843205
1781264082,50,,Aggregated,23.600000,0.000000,54,58,63,70,120,190,420,7300,15000,18000,18000,4619,0,54,203.97707789562062,37.02060000068741,17773.865899995144,4138.084866854298
1781264083,50,,Aggregated,23.700000,0.000000,54,58,63,70,110,190,420,7300,15000,18000,18000,4638,0,54,203.38779409225324,37.02060000068741,17773.865899995144,4136.88206123329
1781264084,50,,Aggregated,24.000000,0.000000,54,58,63,70,110,190,420,7300,15000,18000,18000,4667,0,54,202.49928395112056,37.02060000068741,17773.865899995144,4132.5388900792805
1781264085,50,,Aggregated,23.500000,0.000000,54,58,63,70,110,190,420,7300,15000,18000,18000,4685,0,54,201.92042196368854,37.02060000068741,17773.865899995144,4128.870437566702
1781264086,50,,Aggregated,23.100000,0.000000,54,58,63,70,110,190,420,5800,15000,18000,18000,4717,0,54,200.9233896544136,37.02060000068741,17773.865899995144,4131.9639601441595
1781264087,50,,Aggregated,24.100000,0.000000,54,58,63,70,110,190,420,5800,15000,18000,18000,4740,0,54,200.20085409280153,37.02060000068741,17773.865899995144,4130.763502109705
1781264088,50,,Aggregated,23.300000,0.000000,54,58,63,70,110,180,420,5800,15000,18000,18000,4766,0,54,199.4256962232245,37.02060000068741,17773.865899995144,4134.093159882501
1781264089,50,,Aggregated,24.000000,0.000000,54,58,63,69,110,180,420,5800,15000,18000,18000,4785,0,54,198.84378652035375,37.02060000068741,17773.865899995144,4129.44514106583
1781264090,50,,Aggregated,24.200000,0.000000,54,58,63,69,110,180,420,5800,15000,18000,18000,4811,0,54,198.07771841610636,37.02060000068741,17773.865899995144,4133.666805237996
1781264091,50,,Aggregated,24.000000,0.000000,54,58,63,69,110,180,420,5800,15000,18000,18000,4837,0,54,197.33498399832092,37.02060000068741,17773.865899995144,4133.341740748398
1781264092,50,,Aggregated,23.600000,0.000000,54,58,63,69,110,180,410,5800,15000,18000,18000,4865,0,54,196.53402487150214,37.02060000068741,17773.865899995144,4133.324152106886
1781264093,50,,Aggregated,23.600000,0.000000,54,58,63,69,110,180,410,5800,15000,18000,18000,4891,0,54,195.78375344507526,37.02060000068741,17773.865899995144,4131.912696790023
1781264094,50,,Aggregated,24.000000,0.000000,54,58,63,69,110,180,410,3600,15000,18000,18000,4909,0,54,195.25242739863154,37.02060000068741,17773.865899995144,4132.3454878794055
1781264095,50,,Aggregated,24.800000,0.000000,54,58,63,69,110,180,410,3600,15000,18000,18000,4941,0,54,194.32895944139145,37.02060000068741,17773.865899995144,4128.175672940701
1781264096,50,,Aggregated,25.200000,0.000000,54,58,63,69,110,180,410,3600,15000,18000,18000,4959,0,54,193.81282563014912,37.02060000068741,17773.865899995144,4126.311756402501
1781264097,50,,Aggregated,24.100000,0.000000,54,58,63,69,110,180,410,3600,15000,18000,18000,4984,0,54,193.1368353731763,37.02060000068741,17773.865899995144,4123.938804173355
1781264098,50,,Aggregated,24.900000,0.000000,54,58,63,69,110,170,410,1500,15000,18000,18000,5009,0,54,192.43629377118873,37.02060000068741,17773.865899995144,4121.265721700938
1781264099,50,,Aggregated,23.900000,0.000000,54,58,63,69,110,180,410,1500,15000,18000,18000,5029,0,54,192.0986977331263,37.02060000068741,17773.865899995144,4124.449194670909
1781264100,50,,Aggregated,24.400000,0.000000,54,58,63,69,110,180,410,1500,15000,18000,18000,5056,0,54,191.35061641611506,37.02060000068741,17773.865899995144,4126.966969936709
1781264101,50,,Aggregated,24.000000,0.000000,54,58,63,69,110,180,410,1500,15000,18000,18000,5080,0,54,190.78674216532724,37.02060000068741,17773.865899995144,4129.774409448819
1781264102,50,,Aggregated,24.200000,0.000000,54,58,63,69,110,170,410,1500,15000,18000,18000,5094,0,54,190.4356010207805,37.02060000068741,17773.865899995144,4129.515901060071
1781264103,50,,Aggregated,24.500000,0.000000,54,58,63,69,110,170,400,1400,15000,18000,18000,5123,0,54,189.66020409913276,37.02060000068741,17773.865899995144,4126.627366777279
1781264104,50,,Aggregated,24.100000,0.000000,54,58,63,69,110,170,400,1400,15000,18000,18000,5147,0,54,189.0253821837712,37.02060000068741,17773.865899995144,4119.698465125316
1781264105,50,,Aggregated,22.600000,0.000000,54,58,63,69,110,170,400,1400,15000,18000,18000,5166,0,54,188.52864446377805,37.02060000068741,17773.865899995144,4117.382500967867
1781264106,50,,Aggregated,23.300000,0.000000,54,58,63,69,110,170,400,1400,15000,18000,18000,5192,0,54,187.84994801615264,37.02060000068741,17773.865899995144,4113.325115562404
1781264107,50,,Aggregated,23.500000,0.000000,54,58,63,68,110,170,400,1100,15000,18000,18000,5217,0,54,187.20843001722318,37.02060000068741,17773.865899995144,4113.244201648457
1781264108,50,,Aggregated,22.700000,0.000000,54,58,63,68,110,170,400,1100,15000,18000,18000,5243,0,54,186.5410918748541,37.02060000068741,17773.865899995144,4115.5191684150295
1781264109,50,,Aggregated,23.200000,0.000000,54,58,63,68,110,170,390,1100,15000,18000,18000,5264,0,54,185.9968073897917,37.02060000068741,17773.865899995144,4114.8476443769
1781264111,50,,Aggregated,22.600000,0.000000,54,58,63,69,110,170,390,1100,15000,18000,18000,5291,0,54,185.4870810243579,37.02060000068741,17773.865899995144,4110.695520695521
1781264112,50,,Aggregated,23.200000,0.000000,54,58,63,69,110,170,390,1100,15000,18000,18000,5319,0,54,184.9010111110826,37.02060000068741,17773.865899995144,4110.074262079338
1781264113,50,,Aggregated,23.300000,0.000000,54,58,63,69,110,170,390,1100,15000,18000,18000,5337,0,54,184.5223319842303,37.02060000068741,17773.865899995144,4110.197489226157
1781264114,50,,Aggregated,23.200000,0.000000,54,58,63,69,110,170,380,1100,15000,18000,18000,5364,0,54,184.0177362788617,37.02060000068741,17773.865899995144,4112.514168530947
1781264115,50,,Aggregated,24.200000,0.000000,54,58,63,69,110,170,380,1100,15000,18000,18000,5389,0,54,183.41302839112726,37.02060000068741,17773.865899995144,4109.9695676377805
1781264116,50,,Aggregated,23.900000,0.000000,54,58,63,69,110,170,380,1100,15000,18000,18000,5412,0,54,182.85846347002405,37.02060000068741,17773.865899995144,4112.081116038433
1781264117,50,,Aggregated,24.000000,0.000000,54,58,63,69,110,170,380,1100,15000,18000,18000,5440,0,54,182.1809188234889,37.02060000068741,17773.865899995144,4111.106985294117
1781264118,50,,Aggregated,24.000000,0.000000,54,58,63,69,110,170,370,1100,15000,18000,18000,5461,0,54,181.68486454856856,37.02060000068741,17773.865899995144,4111.44991759751
1781264119,50,,Aggregated,24.600000,0.000000,54,58,63,69,110,170,370,1100,15000,18000,18000,5494,0,54,180.9545421550311,37.02060000068741,17773.865899995144,4106.156170367673
1781264120,50,,Aggregated,24.000000,0.000000,54,58,63,69,110,160,370,1100,15000,18000,18000,5516,0,54,180.45365603693566,37.02060000068741,17773.865899995144,4099.174583031182
1781264121,50,,Aggregated,24.700000,0.000000,54,58,63,69,110,170,370,1100,15000,18000,18000,5537,0,54,180.16609416646673,37.02060000068741,17773.865899995144,4100.073324905184
1781264122,50,,Aggregated,25.100000,0.000000,54,58,63,69,110,170,370,1100,15000,18000,18000,5560,0,54,179.65652026973422,37.02060000068741,17773.865899995144,4105.8312949640285
1781264123,50,,Aggregated,23.900000,0.000000,54,58,63,69,110,160,370,1100,15000,18000,18000,5589,0,54,179.00450212913438,37.02060000068741,17773.865899995144,4106.081946680981
1781264124,50,,Aggregated,23.800000,0.000000,54,58,63,69,110,160,360,990,15000,18000,18000,5612,0,54,178.5074977191254,37.02060000068741,17773.865899995144,4102.680149679259
1781264125,50,,Aggregated,24.600000,0.000000,54,58,63,69,110,160,360,990,15000,18000,18000,5633,0,54,178.04838721812996,37.02060000068741,17773.865899995144,4103.529202911415
1781264126,50,,Aggregated,24.100000,0.000000,54,58,63,69,110,160,360,990,15000,18000,18000,5657,0,54,177.5484087855259,37.02060000068741,17773.865899995144,4103.864592540216
1781264127,50,,Aggregated,24.000000,0.000000,54,58,63,69,110,160,360,990,15000,18000,18000,5686,0,54,176.9721328877413,37.02060000068741,17773.865899995144,4104.537108688006
1781264128,50,,Aggregated,24.500000,0.000000,54,58,63,69,110,160,350,990,15000,18000,18000,5711,0,54,176.47437711428992,37.02060000068741,17773.865899995144,4102.357730695149
1781264129,50,,Aggregated,23.800000,0.000000,54,58,63,69,110,160,350,990,15000,18000,18000,5734,0,54,175.98722345652433,37.02060000068741,17773.865899995144,4105.337111963725
1781264130,50,,Aggregated,25.100000,0.000000,54,58,63,69,110,160,350,990,15000,18000,18000,5765,0,54,175.37621018208998,37.02060000068741,17773.865899995144,4102.598959236773
1781264131,50,,Aggregated,23.900000,0.000000,54,58,63,69,110,160,350,990,15000,18000,18000,5789,0,54,174.94418105022538,37.02060000068741,17773.865899995144,4100.635342891691
1781264132,50,,Aggregated,24.100000,0.000000,54,58,63,69,110,160,340,960,15000,18000,18000,5812,0,54,174.48998774944278,37.02060000068741,17773.865899995144,4103.587921541638
1781264133,50,,Aggregated,24.900000,0.000000,54,58,63,69,110,160,340,960,15000,18000,18000,5837,0,54,174.05187354801222,37.02060000068741,17773.865899995144,4104.482268288504
1781264134,50,,Aggregated,24.900000,0.000000,54,58,63,69,110,160,340,960,15000,18000,18000,5861,0,54,173.55333956658208,37.02060000068741,17773.865899995144,4104.552465449582
1781264135,50,,Aggregated,24.600000,0.000000,54,58,63,69,110,160,340,960,15000,18000,18000,5886,0,54,173.07289317019158,37.02060000068741,17773.865899995144,4100.862385321101
1781264136,50,,Aggregated,24.700000,0.000000,54,58,63,69,110,160,330,930,15000,18000,18000,5909,0,54,172.59563169736927,37.02060000068741,17773.865899995144,4098.08817058724
1781264137,50,,Aggregated,25.200000,0.000000,54,58,63,68,110,160,330,930,15000,18000,18000,5929,0,54,172.19739181982686,37.02060000068741,17773.865899995144,4100.058694552201
1781264138,50,,Aggregated,24.900000,0.000000,54,58,63,69,110,160,330,930,15000,18000,18000,5955,0,54,171.73654752304756,37.02060000068741,17773.865899995144,4104.7298068849705
1781264139,50,,Aggregated,24.800000,0.000000,54,58,63,68,110,160,330,930,15000,18000,18000,5981,0,54,171.2280462965629,37.02060000068741,17773.865899995144,4103.209496739676
1781264140,50,,Aggregated,24.000000,0.000000,54,58,63,68,110,160,330,930,15000,18000,18000,6003,0,54,170.78445798762823,37.02060000068741,17773.865899995144,4101.066633349992
1781264141,50,,Aggregated,24.300000,0.000000,54,58,63,68,110,160,330,930,15000,18000,18000,6024,0,54,170.38202338973076,37.02060000068741,17773.865899995144,4101.930444887118
1781264142,50,,Aggregated,23.600000,0.000000,54,58,63,68,110,160,330,930,15000,18000,18000,6051,0,54,169.88452191368955,37.02060000068741,17773.865899995144,4102.053214344736
1781264143,50,,Aggregated,24.000000,0.000000,54,58,63,68,100,160,330,930,15000,18000,18000,6076,0,54,169.43488602694447,37.02060000068741,17773.865899995144,4105.297564186965
1781264144,50,,Aggregated,23.900000,0.000000,54,58,63,68,100,160,330,930,15000,18000,18000,6099,0,54,169.0073121494818,37.02060000068741,17773.865899995144,4102.156910969012
1781264145,50,,Aggregated,23.700000,0.000000,54,58,63,68,100,160,330,910,15000,18000,18000,6121,0,54,168.5838431628332,37.02060000068741,17773.865899995144,4101.818820454174
1781264146,50,,Aggregated,23.900000,0.000000,54,58,63,68,100,160,330,910,15000,18000,18000,6150,0,54,168.04754455280158,37.02060000068741,17773.865899995144,4105.520162601626
1781264147,50,,Aggregated,23.000000,0.000000,54,58,63,68,100,160,330,910,15000,18000,18000,6168,0,54,167.70649568737636,37.02060000068741,17773.865899995144,4105.14088845655
1781264148,50,,Aggregated,23.800000,0.000000,54,58,63,68,100,160,330,910,15000,18000,18000,6195,0,54,167.2313876351434,37.02060000068741,17773.865899995144,4104.102502017757
1781264149,50,,Aggregated,23.800000,0.000000,54,58,63,68,110,160,330,900,15000,18000,18000,6217,0,54,167.42629398419012,37.02060000068741,17773.865899995144,4103.931156506354
1781264150,50,,Aggregated,23.500000,0.000000,54,58,63,68,110,160,330,900,15000,18000,18000,6251,0,54,166.90496234198324,37.02060000068741,17773.865899995144,4105.776515757479
1781264151,50,,Aggregated,24.200000,0.000000,54,58,63,68,110,160,330,900,15000,18000,18000,6267,0,54,166.64979071321812,37.02060000068741,17773.865899995144,4109.148555927876
1781264152,50,,Aggregated,23.600000,0.000000,54,58,63,68,110,160,330,900,15000,18000,18000,6296,0,54,166.15648627695845,37.02060000068741,17773.865899995144,4106.677414231258
1781264153,50,,Aggregated,23.400000,0.000000,54,58,63,68,110,160,330,890,15000,18000,18000,6320,0,54,165.7439873575484,37.02060000068741,17773.865899995144,4105.77246835443
1781264154,50,,Aggregated,22.900000,0.000000,54,58,63,68,110,160,330,890,15000,18000,18000,6343,0,54,165.33575212040287,37.02060000068741,17773.865899995144,4108.883651269116
1781264155,50,,Aggregated,23.700000,0.000000,54,58,63,68,110,160,330,890,15000,18000,18000,6368,0,54,164.90664478638575,37.02060000068741,17773.865899995144,4105.51601758794
1781264156,50,,Aggregated,23.300000,0.000000,54,58,63,68,100,160,330,890,15000,18000,18000,6396,0,54,164.42163336455744,37.02060000068741,17773.865899995144,4104.318792995622
1781264157,50,,Aggregated,23.900000,0.000000,54,58,63,68,100,160,330,870,15000,18000,18000,6413,0,54,164.1200527053964,37.02060000068741,17773.865899995144,4101.302354592234
1781264158,50,,Aggregated,22.900000,0.000000,54,58,63,68,100,160,330,870,15000,18000,18000,6443,0,54,163.59388980284285,37.02060000068741,17773.865899995144,4102.5761291323915
1781264159,50,,Aggregated,23.600000,0.000000,54,58,63,68,100,160,330,870,15000,18000,18000,6463,0,54,163.24900072717244,37.02060000068741,17773.865899995144,4098.1298158749805
1781264160,50,,Aggregated,23.500000,0.000000,54,58,63,68,100,160,330,870,15000,18000,18000,6486,0,54,162.86590684546914,37.02060000068741,17773.865899995144,4097.978260869565
1781264161,50,,Aggregated,23.100000,0.000000,54,58,63,68,100,160,330,860,15000,18000,18000,6507,0,54,162.56711310891373,37.02060000068741,17773.865899995144,4100.7846934071
1781264162,50,,Aggregated,23.500000,0.000000,54,58,63,68,100,160,330,860,15000,18000,18000,6530,0,54,162.2150378406882,37.02060000068741,17773.865899995144,4096.499081163859
1781264163,50,,Aggregated,23.500000,0.000000,54,58,63,68,100,150,320,860,15000,18000,18000,6564,0,54,161.66623353133565,37.02060000068741,17773.865899995144,4100.573583180987
1781264164,50,,Aggregated,23.400000,0.000000,54,58,63,68,100,150,320,860,15000,18000,18000,6581,0,54,161.38309185529423,37.02060000068741,17773.865899995144,4101.676340981614
1781264165,50,,Aggregated,22.800000,0.000000,54,58,62,68,100,150,320,800,15000,18000,18000,6605,0,54,160.9846241029028,37.02060000068741,17773.865899995144,4102.375018925057
1781264166,50,,Aggregated,24.000000,0.000000,54,58,62,68,100,150,320,800,15000,18000,18000,6636,0,54,160.48804578054273,37.02060000068741,17773.865899995144,4099.395117540687
1781264168,50,,Aggregated,23.200000,0.000000,54,58,62,68,100,150,320,800,15000,18000,18000,6659,0,54,160.1288179906426,37.02060000068741,17773.865899995144,4099.914401561796
1781264169,50,,Aggregated,23.600000,0.000000,54,58,62,68,100,150,320,800,15000,18000,18000,6686,0,54,159.7001948997421,37.02060000068741,17773.865899995144,4105.469039784624
1781264170,50,,Aggregated,24.100000,0.000000,54,58,62,68,100,150,320,780,15000,18000,18000,6714,0,54,159.26876480483648,37.02060000068741,17773.865899995144,4106.6620494489125
1781264171,50,,Aggregated,24.100000,0.000000,54,58,62,68,100,150,320,780,15000,18000,18000,6732,0,54,158.9856666666109,37.02060000068741,17773.865899995144,4106.180629827689
1781264172,50,,Aggregated,24.100000,0.000000,54,58,62,68,100,150,320,780,15000,18000,18000,6765,0,54,158.46569942344792,37.02060000068741,17773.865899995144,4109.335994087213
1781264173,50,,Aggregated,24.400000,0.000000,54,58,62,67,100,150,320,780,15000,18000,18000,6787,0,54,158.13818034472118,37.02060000068741,17773.865899995144,4113.427140120819
1781264174,50,,Aggregated,24.400000,0.000000,54,58,62,67,100,150,320,780,15000,18000,18000,6806,0,54,157.84087932701186,37.02060000068741,17773.865899995144,4109.731119600353
1781264175,50,,Aggregated,25.500000,0.000000,54,58,62,67,100,150,320,780,15000,18000,18000,6829,0,54,157.5004823399682,37.02060000068741,17773.865899995144,4107.996924879191
1781264176,50,,Aggregated,24.200000,0.000000,54,58,62,67,100,150,320,780,15000,18000,18000,6855,0,54,157.12360586428312,37.02060000068741,17773.865899995144,4105.774617067834
1781264177,50,,Aggregated,24.600000,0.000000,54,58,62,67,100,150,320,780,15000,18000,18000,6881,0,54,156.76318279314913,37.02060000068741,17773.865899995144,4106.194739136753
1781264178,50,,Aggregated,24.900000,0.000000,54,58,62,68,100,150,320,770,15000,18000,18000,6901,0,54,156.5564038834483,37.02060000068741,17773.865899995144,4106.540501376612
1781264179,50,,Aggregated,24.100000,0.000000,54,58,62,68,100,150,320,770,15000,18000,18000,6921,0,54,156.3005965900434,37.02060000068741,17773.865899995144,4107.507152145644
1781264180,50,,Aggregated,23.800000,0.000000,54,58,62,68,100,150,320,780,15000,18000,18000,6938,0,54,156.21486189098886,37.02060000068741,17773.865899995144,4107.65883539925
1781264181,50,,Aggregated,23.800000,0.000000,54,58,62,68,100,150,320,780,15000,18000,18000,6955,0,54,156.09472212792,37.02060000068741,17773.865899995144,4106.248741912294
1781264182,50,,Aggregated,23.300000,0.000000,54,58,62,68,100,150,320,780,15000,18000,18000,6966,0,54,155.99581347971252,37.02060000068741,17773.865899995144,4105.550100488085
1781264183,50,,Aggregated,22.300000,0.000000,54,58,62,68,100,150,320,780,15000,18000,18000,6975,0,54,155.8642892185909,37.02060000068741,17773.865899995144,4106.214910394266
1781264184,50,,Aggregated,20.100000,0.000000,54,58,62,68,100,150,320,780,15000,18000,18000,6982,0,54,155.75823246916025,37.02060000068741,17773.865899995144,4109.303637926096
1781264185,50,,Aggregated,18.800000,0.000000,54,58,62,68,100,150,320,780,15000,18000,18000,6991,0,54,155.68455163777463,37.02060000068741,17773.865899995144,4108.616649978544
1781264186,50,,Aggregated,17.500000,0.000000,54,58,62,68,100,150,320,780,15000,18000,18000,6997,0,54,155.60044859220653,37.02060000068741,17773.865899995144,4109.871516364156
1781264187,50,,Aggregated,17.500000,0.000000,54,58,62,68,100,150,320,770,14000,18000,18000,7001,0,54,155.54283059558162,37.02060000068741,17773.865899995144,4108.857591772604
1781264188,50,,Aggregated,14.200000,0.000000,54,58,62,68,100,150,320,770,14000,18000,18000,7005,0,54,155.48718271230186,37.02060000068741,17773.865899995144,4108.795003568879
1781264189,50,,Aggregated,12.300000,0.000000,54,58,62,67,100,150,320,770,14000,18000,18000,7009,0,54,155.43137354824873,37.02060000068741,17773.865899995144,4110.101298330717
1781264190,50,,Aggregated,12.300000,0.000000,54,58,62,67,100,150,320,770,14000,18000,18000,7010,0,54,155.41618791721478,37.02060000068741,17773.865899995144,4110.736091298146
1781264191,50,,Aggregated,8.900000,0.000000,54,58,62,67,100,150,320,770,14000,18000,18000,7013,0,54,155.37478251813477,37.02060000068741,17773.865899995144,4110.436617709967
1781264192,50,,Aggregated,7.300000,0.000000,54,58,62,67,100,150,320,770,14000,18000,18000,7016,0,54,155.32970900793666,37.02060000068741,17773.865899995144,4110.019669327252
1781264193,50,,Aggregated,5.700000,0.000000,54,58,62,67,100,150,320,780,14000,18000,18000,7019,0,54,158.45861954690042,37.02060000068741,17773.865899995144,4110.709075366862
1781264194,50,,Aggregated,4.800000,0.000000,54,58,62,68,100,150,330,930,15000,18000,18000,7029,0,54,171.66403626400498,37.02060000068741,17773.865899995144,4116.512590695689
1781264195,50,,Aggregated,4.300000,0.000000,54,58,62,68,100,150,330,1100,15000,18000,18000,7034,0,54,178.53189226609206,37.02060000068741,17773.865899995144,4119.105914131362
1781264196,50,,Aggregated,4.600000,0.000000,54,58,63,68,100,160,400,9400,16000,18000,18000,7058,0,54,212.59782186167266,37.02060000068741,17773.865899995144,4114.75857183338
1781264197,50,,Aggregated,4.500000,0.000000,54,58,63,68,110,170,480,10000,16000,18000,18000,7090,0,54,235.30843799713756,37.02060000068741,17773.865899995144,4115.104513399154
1781264198,50,,Aggregated,5.600000,0.000000,54,58,63,68,110,170,480,10000,16000,18000,18000,7103,0,54,235.07607883988553,37.02060000068741,17773.865899995144,4115.1730254821905
1781264199,50,,Aggregated,8.000000,0.000000,54,58,63,68,110,170,480,10000,16000,18000,18000,7130,0,54,234.57042283306035,37.02060000068741,17773.865899995144,4116.581626928471
1781264200,50,,Aggregated,9.600000,0.000000,54,58,63,68,110,170,480,10000,16000,18000,18000,7156,0,54,234.0722405393683,37.02060000068741,17773.865899995144,4113.6948015651205
1781264201,50,,Aggregated,11.600000,0.000000,54,58,63,68,110,170,480,10000,16000,18000,18000,7180,0,54,233.5576035932727,37.02060000068741,17773.865899995144,4116.328830083566
1781264202,50,,Aggregated,13.600000,0.000000,54,58,63,68,110,170,470,10000,16000,18000,18000,7201,0,54,233.16064374388492,37.02060000068741,17773.865899995144,4115.477017080961
1781264203,50,,Aggregated,15.700000,0.000000,54,58,63,68,110,170,470,10000,16000,18000,18000,7228,0,54,232.6708979523696,37.02060000068741,17773.865899995144,4116.706281128943
1781264204,50,,Aggregated,18.100000,0.000000,54,58,63,68,110,170,460,10000,16000,18000,18000,7253,0,54,232.13309278915568,37.02060000068741,17773.865899995144,4115.767682338343
1781264205,50,,Aggregated,20.200000,0.000000,54,58,63,69,110,170,460,10000,16000,18000,18000,7275,0,54,231.66329994498182,37.02060000068741,17773.865899995144,4114.236013745704
1781264206,50,,Aggregated,21.600000,0.000000,54,58,63,69,110,170,440,10000,16000,18000,18000,7303,0,54,231.10423461587644,37.02060000068741,17773.865899995144,4112.526085170478
1781264207,50,,Aggregated,23.500000,0.000000,54,58,63,69,110,170,440,10000,16000,18000,18000,7326,0,54,230.66989982251346,37.02060000068741,17773.865899995144,4111.941850941851
1781264208,50,,Aggregated,23.600000,0.000000,54,58,63,69,110,170,440,10000,16000,18000,18000,7351,0,54,230.15635026523572,37.02060000068741,17773.865899995144,4111.71826962318
1781264209,50,,Aggregated,24.100000,0.000000,54,58,63,69,110,170,440,10000,16000,18000,18000,7374,0,54,229.6673516679892,37.02060000068741,17773.865899995144,4111.049227013832
1781264210,50,,Aggregated,24.000000,0.000000,54,58,63,69,110,170,430,9800,16000,18000,18000,7403,0,54,229.04107569900592,37.02060000068741,17773.865899995144,4109.55720653789
1781264211,50,,Aggregated,24.200000,0.000000,54,58,63,69,110,170,430,9800,16000,18000,18000,7425,0,54,228.5494062491213,37.02060000068741,17773.865899995144,4106.8973737373735
1781264212,50,,Aggregated,24.500000,0.000000,54,58,63,69,110,170,430,9800,16000,18000,18000,7449,0,54,228.0034761578395,37.02060000068741,17773.865899995144,4110.901060545039
1781264213,50,,Aggregated,24.200000,0.000000,54,58,63,69,110,170,430,9800,16000,18000,18000,7477,0,54,227.4709167045272,37.02060000068741,17773.865899995144,4111.316303330213
1781264214,50,,Aggregated,24.200000,0.000000,54,58,63,69,110,170,430,9800,16000,18000,18000,7497,0,54,227.02951695341713,37.02060000068741,17773.865899995144,4113.434440442844
1781264215,50,,Aggregated,24.900000,0.000000,54,58,63,69,110,170,430,9700,16000,18000,18000,7522,0,54,226.47701249664706,37.02060000068741,17773.865899995144,4116.690773730391
1781264216,50,,Aggregated,24.200000,0.000000,54,58,63,69,110,170,430,9700,16000,18000,18000,7542,0,54,226.01541577827638,37.02060000068741,17773.865899995144,4117.411031556616
1781264217,50,,Aggregated,24.600000,0.000000,54,58,63,69,110,170,430,9700,16000,18000,18000,7571,0,54,225.40030315675077,37.02060000068741,17773.865899995144,4115.266015057456
1781264218,50,,Aggregated,24.400000,0.000000,54,58,63,69,110,170,430,9700,16000,18000,18000,7590,0,54,225.0021538866609,37.02060000068741,17773.865899995144,4113.222134387352
1781264219,50,,Aggregated,23.200000,0.000000,54,58,63,69,110,170,420,9700,16000,18000,18000,7616,0,54,224.44170024944242,37.02060000068741,17773.865899995144,4115.144826680672
1781264220,50,,Aggregated,24.100000,0.000000,54,58,63,69,110,170,420,9700,16000,18000,18000,7641,0,54,223.91915869647525,37.02060000068741,17773.865899995144,4117.4640753828035
1781264221,50,,Aggregated,24.100000,0.000000,54,58,63,69,110,170,420,9700,16000,18000,18000,7663,0,54,223.44463903168267,37.02060000068741,17773.865899995144,4120.296881117056
1781264222,50,,Aggregated,23.600000,0.000000,54,58,63,69,110,170,420,9700,16000,18000,18000,7688,0,54,222.92452180018088,37.02060000068741,17773.865899995144,4117.464750260146
1781264223,50,,Aggregated,24.500000,0.000000,54,58,63,69,110,170,420,9400,16000,18000,18000,7715,0,54,222.3337570965405,37.02060000068741,17773.865899995144,4118.552171095269
1781264224,50,,Aggregated,24.000000,0.000000,54,58,63,69,110,170,420,9400,16000,18000,18000,7740,0,54,221.81254764854862,37.02060000068741,17773.865899995144,4116.563824289406
1781264225,50,,Aggregated,23.300000,0.000000,54,58,63,69,110,170,420,9400,16000,18000,18000,7765,0,54,221.26677584027726,37.02060000068741,17773.865899995144,4117.023438506118
1781264226,50,,Aggregated,24.400000,0.000000,54,58,63,69,110,170,420,9400,16000,18000,18000,7786,0,54,220.83419473410657,37.02060000068741,17773.865899995144,4117.377472386334
1781264227,50,,Aggregated,23.400000,0.000000,54,58,63,69,110,170,420,9400,16000,18000,18000,7813,0,54,220.27945118389277,37.02060000068741,17773.865899995144,4115.9197491360555
1781264228,50,,Aggregated,24.500000,0.000000,54,58,63,68,110,170,420,9400,16000,18000,18000,7838,0,54,219.75664200047956,37.02060000068741,17773.865899995144,4118.5094411839755
1781264229,50,,Aggregated,24.400000,0.000000,54,58,63,68,110,160,410,9400,16000,18000,18000,7862,0,54,219.25317672344966,37.02060000068741,17773.865899995144,4118.902187738489
1781264230,50,,Aggregated,24.700000,0.000000,54,58,63,68,110,160,410,9400,16000,18000,18000,7886,0,54,218.7664169667443,37.02060000068741,17773.865899995144,4122.865711387269
1781264231,50,,Aggregated,23.800000,0.000000,54,58,63,68,110,160,410,9300,16000,18000,18000,7905,0,54,218.37159060084994,37.02060000068741,17773.865899995144,4121.6232764073375
1781264232,50,,Aggregated,24.400000,0.000000,54,58,63,68,110,160,410,9300,16000,18000,18000,7935,0,54,217.76323236291273,37.02060000068741,17773.865899995144,4122.48531821046
1781264233,50,,Aggregated,23.800000,0.000000,54,58,63,68,110,160,410,9300,16000,18000,18000,7960,0,54,217.2672859421743,37.02060000068741,17773.865899995144,4124.5412060301505
1781264234,50,,Aggregated,24.000000,0.000000,54,58,63,68,110,160,410,9300,16000,18000,18000,7981,0,54,216.83739125419368,37.02060000068741,17773.865899995144,4124.5029444931715
1781264235,50,,Aggregated,24.200000,0.000000,54,58,63,68,110,160,410,9200,16000,18000,18000,8008,0,54,216.29145955291264,37.02060000068741,17773.865899995144,4126.401223776224
1781264236,50,,Aggregated,24.000000,0.000000,54,58,63,68,110,160,410,9200,16000,18000,18000,8033,0,54,215.78606973729833,37.02060000068741,17773.865899995144,4126.707581227437
1781264237,50,,Aggregated,24.500000,0.000000,54,58,63,68,110,160,410,9200,16000,18000,18000,8056,0,54,215.3200084284648,37.02060000068741,17773.865899995144,4127.10042204568
1781264238,50,,Aggregated,24.100000,0.000000,54,58,63,68,110,160,410,9200,16000,18000,18000,8080,0,54,214.85098340343214,37.02060000068741,17773.865899995144,4125.704950495049
1781264239,50,,Aggregated,23.900000,0.000000,54,58,63,68,100,160,400,9200,16000,18000,18000,8103,0,54,214.39920308524358,37.02060000068741,17773.865899995144,4123.020979883993
1781264240,50,,Aggregated,23.800000,0.000000,54,58,63,68,100,160,400,9200,16000,18000,18000,8127,0,54,213.93516397191206,37.02060000068741,17773.865899995144,4121.264058078012
1781264241,50,,Aggregated,24.300000,0.000000,54,58,63,68,100,160,400,9200,16000,18000,18000,8154,0,54,213.41371288934872,37.02060000068741,17773.865899995144,4124.772872209958
1781264242,50,,Aggregated,23.800000,0.000000,54,58,63,68,100,160,400,9200,16000,18000,18000,8174,0,54,213.07847018592227,37.02060000068741,17773.865899995144,4125.184854416442
1781264243,50,,Aggregated,24.100000,0.000000,54,58,63,68,100,160,400,9100,16000,18000,18000,8207,0,54,212.55935431944698,37.02060000068741,17773.865899995144,4127.723528695016
1781264244,50,,Aggregated,24.400000,0.000000,54,58,63,68,100,160,400,9100,16000,18000,18000,8228,0,54,212.22155430234605,37.02060000068741,17773.865899995144,4127.887335926106
1781264245,50,,Aggregated,23.800000,0.000000,54,58,63,69,100,160,400,9100,16000,18000,18000,8250,0,54,211.8634872242047,37.02060000068741,17773.865899995144,4127.851515151515
1781264246,50,,Aggregated,24.100000,0.000000,54,59,63,69,100,160,390,9100,16000,18000,18000,8278,0,54,211.41688387287965,37.02060000068741,17773.865899995144,4127.789441894177
1781264247,50,,Aggregated,24.100000,0.000000,54,59,63,69,100,160,390,9000,16000,18000,18000,8301,0,54,210.97997237678445,37.02060000068741,17773.865899995144,4129.127815925792
1781264248,50,,Aggregated,24.000000,0.000000,54,59,63,69,100,160,390,9000,16000,18000,18000,8326,0,54,210.50710021615157,37.02060000068741,17773.865899995144,4129.494955560894
1781264249,50,,Aggregated,24.500000,0.000000,54,58,63,69,100,160,380,9000,16000,18000,18000,8354,0,54,209.97915027527853,37.02060000068741,17773.865899995144,4127.848096720134
1781264250,50,,Aggregated,23.900000,0.000000,54,58,63,69,100,160,380,9000,16000,18000,18000,8373,0,54,209.62784430905006,37.02060000068741,17773.865899995144,4126.764719933119
1781264251,50,,Aggregated,24.100000,0.000000,54,58,63,69,100,160,380,9000,16000,18000,18000,8390,0,54,209.30595035752816,37.02060000068741,17773.865899995144,4124.45041716329
1781264252,50,,Aggregated,24.500000,0.000000,54,58,63,69,100,160,380,8800,16000,18000,18000,8420,0,54,208.74811071254956,37.02060000068741,17773.865899995144,4127.146437054632
1781264253,50,,Aggregated,24.300000,0.000000,54,58,63,68,100,160,380,8800,16000,18000,18000,8444,0,54,208.30864426807705,37.02060000068741,17773.865899995144,4128.627072477499
1781264254,50,,Aggregated,23.500000,0.000000,54,58,63,68,100,160,370,8800,16000,18000,18000,8462,0,54,207.98068048919993,37.02060000068741,17773.865899995144,4127.095012999291
1781264255,50,,Aggregated,24.500000,0.000000,54,58,63,68,100,160,370,8800,16000,18000,18000,8494,0,54,207.40282232159583,37.02060000068741,17773.865899995144,4123.2696020720505
1781264256,50,,Aggregated,23.700000,0.000000,54,58,63,68,100,160,370,8800,16000,18000,18000,8515,0,54,207.0201889136386,37.02060000068741,17773.865899995144,4124.057780387551
1781264257,50,,Aggregated,23.100000,0.000000,54,58,63,68,100,160,370,8800,16000,18000,18000,8537,0,54,206.62599524418587,37.02060000068741,17773.865899995144,4123.366053648822
1781264258,50,,Aggregated,24.200000,0.000000,54,58,63,68,100,160,370,8800,16000,18000,18000,8563,0,54,206.15430706523802,37.02060000068741,17773.865899995144,4122.771925726965
1781264259,50,,Aggregated,23.500000,0.000000,54,58,63,68,100,150,370,8800,16000,18000,18000,8590,0,54,205.67564788121223,37.02060000068741,17773.865899995144,4125.135506402794
1781264260,50,,Aggregated,23.600000,0.000000,54,58,63,68,100,150,370,8300,16000,18000,18000,8614,0,54,205.2587931970789,37.02060000068741,17773.865899995144,4126.531808683539
1781264261,50,,Aggregated,23.500000,0.000000,54,58,63,68,100,150,370,8300,16000,18000,18000,8636,0,54,204.86875201477994,37.02060000068741,17773.865899995144,4124.210977304308
1781264262,50,,Aggregated,23.700000,0.000000,54,58,63,68,100,150,360,8300,16000,18000,18000,8658,0,54,204.49254915680913,37.02060000068741,17773.865899995144,4123.788288288289
1781264263,50,,Aggregated,23.800000,0.000000,54,58,63,68,100,150,360,8300,16000,18000,18000,8689,0,54,203.97713540104368,37.02060000068741,17773.865899995144,4127.640004603521
1781264264,50,,Aggregated,24.100000,0.000000,54,58,63,68,100,150,360,8100,16000,18000,18000,8712,0,54,203.58812238288414,37.02060000068741,17773.865899995144,4127.752640036731
1781264265,50,,Aggregated,23.200000,0.000000,54,58,63,68,100,150,360,8100,16000,18000,18000,8739,0,54,203.14034785440862,37.02060000068741,17773.865899995144,4131.962352671931
1781264266,50,,Aggregated,24.300000,0.000000,54,58,63,68,100,150,360,8100,16000,18000,18000,8760,0,54,202.78149149539772,37.02060000068741,17773.865899995144,4133.396803652968
1781264268,50,,Aggregated,24.900000,0.000000,54,58,63,68,100,150,360,8100,16000,18000,18000,8783,0,54,202.39768595009608,37.02060000068741,17773.865899995144,4132.113059319139
1781264269,50,,Aggregated,23.900000,0.000000,54,58,63,68,100,150,350,7300,16000,18000,18000,8814,0,54,201.87452190829376,37.02060000068741,17773.865899995144,4131.295098706603
1781264270,50,,Aggregated,24.300000,0.000000,54,58,63,68,100,150,350,7300,16000,18000,18000,8838,0,54,201.4625941954842,37.02060000068741,17773.865899995144,4130.398393301652
1781264271,50,,Aggregated,24.300000,0.000000,54,58,63,68,100,150,350,7300,16000,18000,18000,8867,0,54,200.97526085482036,37.02060000068741,17773.865899995144,4129.343295364836
1781264272,50,,Aggregated,24.600000,0.000000,54,58,63,68,100,150,350,7300,16000,18000,18000,8889,0,54,200.6133127010565,37.02060000068741,17773.865899995144,4130.0516368545395
1781264273,50,,Aggregated,25.100000,0.000000,54,58,63,68,100,150,340,6500,16000,18000,18000,8914,0,54,200.2152425622287,37.02060000068741,17773.865899995144,4130.115548575275
1781264274,50,,Aggregated,25.000000,0.000000,54,58,63,68,100,150,340,6500,16000,18000,18000,8938,0,54,199.81772939132912,37.02060000068741,17773.865899995144,4132.825128664131
1781264275,50,,Aggregated,25.000000,0.000000,54,58,63,68,100,150,340,6500,16000,18000,18000,8964,0,54,199.39459776881867,37.02060000068741,17773.865899995144,4133.551093261936
1781264276,50,,Aggregated,24.700000,0.000000,54,58,63,68,100,150,340,6500,16000,18000,18000,8987,0,54,199.0185270835312,37.02060000068741,17773.865899995144,4134.405474574385
1781264277,50,,Aggregated,25.000000,0.000000,54,58,63,68,100,150,340,5900,16000,18000,18000,9014,0,54,198.57257567114826,37.02060000068741,17773.865899995144,4131.040603505658
1781264278,50,,Aggregated,24.600000,0.000000,54,58,63,68,100,150,340,5900,16000,18000,18000,9044,0,54,198.08574056830216,37.02060000068741,17773.865899995144,4130.236399823087
1781264279,50,,Aggregated,24.600000,0.000000,54,58,63,68,100,150,330,5900,16000,18000,18000,9060,0,54,197.83675196464958,37.02060000068741,17773.865899995144,4128.031898454746
1781264280,50,,Aggregated,25.900000,0.000000,54,58,63,67,100,150,330,5900,16000,18000,18000,9083,0,54,197.47060168443682,37.02060000068741,17773.865899995144,4130.3210393041945
1781264281,50,,Aggregated,24.600000,0.000000,54,58,63,67,100,150,330,5800,16000,18000,18000,9110,0,54,197.05324198679966,37.02060000068741,17773.865899995144,4130.930186608123
1781264282,50,,Aggregated,24.300000,0.000000,54,58,63,67,99,150,330,5800,16000,18000,18000,9138,0,54,196.6345352702726,37.02060000068741,17773.865899995144,4132.126176406216
1781264283,50,,Aggregated,24.200000,0.000000,54,58,63,67,99,150,330,5800,16000,18000,18000,9161,0,54,196.27611326271685,37.02060000068741,17773.865899995144,4132.356729614671
1781264284,50,,Aggregated,24.800000,0.000000,54,58,62,67,99,150,330,5800,16000,18000,18000,9184,0,54,195.91444061408356,37.02060000068741,17773.865899995144,4131.906032229966
1781264285,50,,Aggregated,24.300000,0.000000,54,58,62,67,99,150,330,5800,16000,18000,18000,9209,0,54,195.53182057766557,37.02060000068741,17773.865899995144,4130.659029210555
1781264286,50,,Aggregated,24.100000,0.000000,54,58,62,67,99,150,330,5800,16000,18000,18000,9235,0,54,195.12697998914123,37.02060000068741,17773.865899995144,4130.716513264753
1781264287,50,,Aggregated,24.100000,0.000000,54,58,62,67,99,150,330,5800,16000,18000,18000,9258,0,54,194.7858542449449,37.02060000068741,17773.865899995144,4130.662562108447
1781264288,50,,Aggregated,24.300000,0.000000,54,58,62,67,99,140,330,5800,16000,18000,18000,9278,0,54,194.4848478982205,37.02060000068741,17773.865899995144,4132.0396637206295
1781264289,50,,Aggregated,23.900000,0.000000,54,58,62,67,99,140,330,4400,16000,18000,18000,9306,0,54,194.0640994626804,37.02060000068741,17773.865899995144,4134.356651622609
1781264290,50,,Aggregated,23.200000,0.000000,54,58,62,67,99,140,330,4400,16000,18000,18000,9329,0,54,193.7121323828612,37.02060000068741,17773.865899995144,4135.633079644121
1781264291,50,,Aggregated,24.000000,0.000000,54,58,62,67,98,140,330,4400,16000,18000,18000,9356,0,54,193.30803865965154,37.02060000068741,17773.865899995144,4136.045425395469
1781264292,50,,Aggregated,24.500000,0.000000,54,58,62,67,98,140,330,4400,16000,18000,18000,9374,0,54,193.03850520585542,37.02060000068741,17773.865899995144,4135.483464902923
1781264293,50,,Aggregated,24.200000,0.000000,54,58,62,67,98,140,330,3600,16000,18000,18000,9406,0,54,192.57869383369214,37.02060000068741,17773.865899995144,4133.971401233255
1781264294,50,,Aggregated,23.500000,0.000000,54,58,62,67,98,140,330,3600,16000,18000,18000,9430,0,54,192.23103845172014,37.02060000068741,17773.865899995144,4133.434358430541
1781264295,50,,Aggregated,24.200000,0.000000,54,58,62,67,98,140,330,3600,16000,18000,18000,9455,0,54,191.8624796932559,37.02060000068741,17773.865899995144,4136.194288736118
1781264296,50,,Aggregated,24.800000,0.000000,54,58,62,67,97,140,330,3600,16000,18000,18000,9483,0,54,191.4525803015651,37.02060000068741,17773.865899995144,4137.555309501213
1781264297,50,,Aggregated,24.600000,0.000000,54,58,62,67,97,140,330,3400,16000,18000,18000,9505,0,54,191.12641418198248,37.02060000068741,17773.865899995144,4138.025355076275
1781264298,50,,Aggregated,24.300000,0.000000,54,58,62,67,97,140,330,3400,16000,18000,18000,9529,0,54,190.78512978274057,37.02060000068741,17773.865899995144,4139.497009130024
1781264299,50,,Aggregated,24.400000,0.000000,54,58,62,67,97,140,330,3400,16000,18000,18000,9550,0,54,190.47833048164938,37.02060000068741,17773.865899995144,4138.118638743455
1781264300,50,,Aggregated,24.600000,0.000000,54,58,62,67,97,140,330,3400,16000,18000,18000,9576,0,54,190.09728414784286,37.02060000068741,17773.865899995144,4140.539473684211
1781264301,50,,Aggregated,24.200000,0.000000,54,58,62,67,96,140,330,3400,16000,18000,18000,9598,0,54,189.77914419667948,37.02060000068741,17773.865899995144,4138.224838508023
1781264302,50,,Aggregated,24.500000,0.000000,54,58,62,67,96,140,330,2500,16000,18000,18000,9631,0,54,189.29598386457772,37.02060000068741,17773.865899995144,4136.03945592358
1781264303,50,,Aggregated,23.900000,0.000000,54,58,62,67,96,140,320,2500,16000,18000,18000,9653,0,54,189.00023781205422,37.02060000068741,17773.865899995144,4136.209468558997
1781264304,50,,Aggregated,24.700000,0.000000,54,58,62,67,96,140,320,2500,16000,18000,18000,9678,0,54,188.6719797685244,37.02060000068741,17773.865899995144,4136.957739202315
1781264305,50,,Aggregated,24.700000,0.000000,54,58,62,67,96,140,320,2300,16000,18000,18000,9705,0,54,188.2947730654063,37.02060000068741,17773.865899995144,4137.032972694487
1781264306,50,,Aggregated,24.000000,0.000000,54,58,62,67,96,140,320,2300,16000,18000,18000,9724,0,54,188.03185732206617,37.02060000068741,17773.865899995144,4135.698580830934
1781264307,50,,Aggregated,24.100000,0.000000,54,58,62,66,96,140,320,2300,16000,18000,18000,9749,0,54,187.68426592468572,37.02060000068741,17773.865899995144,4133.41122166376
1781264308,50,,Aggregated,24.200000,0.000000,54,58,62,66,95,140,320,2300,16000,18000,18000,9775,0,54,187.33995119179073,37.02060000068741,17773.865899995144,4133.950076726343
1781264309,50,,Aggregated,24.600000,0.000000,54,58,62,66,95,140,320,2300,16000,18000,18000,9799,0,54,187.01836059799422,37.02060000068741,17773.865899995144,4133.6323094193285
1781264310,50,,Aggregated,24.800000,0.000000,54,58,62,66,95,140,320,1500,16000,18000,18000,9825,0,54,186.66135931804055,37.02060000068741,17773.865899995144,4131.675623409669
1781264311,50,,Aggregated,24.300000,0.000000,54,58,62,66,95,140,320,1500,16000,18000,18000,9850,0,54,186.36242206088764,37.02060000068741,17773.865899995144,4131.723553299493
1781264312,50,,Aggregated,24.300000,0.000000,54,58,62,66,95,140,320,1500,16000,18000,18000,9872,0,54,186.0827441247716,37.02060000068741,17773.865899995144,4132.895056726094
1781264313,50,,Aggregated,24.800000,0.000000,54,58,62,66,95,140,320,1500,16000,18000,18000,9898,0,54,185.76611849865827,37.02060000068741,17773.865899995144,4132.182966255809
1781264314,50,,Aggregated,24.400000,0.000000,54,58,62,67,95,140,320,1400,16000,18000,18000,9924,0,54,185.47649863963605,37.02060000068741,17773.865899995144,4131.387545344619
1781264315,50,,Aggregated,24.100000,0.000000,54,58,62,67,95,140,320,1400,16000,18000,18000,9947,0,54,185.207008987609,37.02060000068741,17773.865899995144,4130.874333970041
1781264316,50,,Aggregated,23.900000,0.000000,54,58,62,67,95,140,320,1400,16000,18000,18000,9968,0,54,184.9290296247754,37.02060000068741,17773.865899995144,4130.569923756019
1781264317,50,,Aggregated,24.500000,0.000000,54,58,62,67,95,140,320,1400,16000,18000,18000,9993,0,54,184.5949485039282,37.02060000068741,17773.865899995144,4131.633243270289
1781264318,50,,Aggregated,24.300000,0.000000,54,58,62,67,95,140,320,1200,16000,18000,18000,10019,0,54,184.25203865652762,37.02060000068741,17773.865899995144,4129.664038327179
1781264319,50,,Aggregated,23.900000,0.000000,54,58,62,66,95,140,320,1200,16000,18000,18000,10046,0,54,183.9114548277657,37.02060000068741,17773.865899995144,4129.915190125423
1781264320,50,,Aggregated,23.600000,0.000000,54,58,62,66,95,140,320,1200,16000,18000,18000,10071,0,54,183.5955991460365,37.02060000068741,17773.865899995144,4131.477112501241
1781264321,50,,Aggregated,24.100000,0.000000,54,58,62,66,94,140,320,1200,16000,18000,18000,10100,0,54,183.223580861359,37.02060000068741,17773.865899995144,4132.399900990099
1781264322,50,,Aggregated,24.200000,0.000000,54,58,62,66,94,140,320,1100,16000,18000,18000,10116,0,54,183.0348244266247,37.02060000068741,17773.865899995144,4134.258797943851
1781264323,50,,Aggregated,24.100000,0.000000,54,58,62,66,94,140,320,1100,16000,18000,18000,10147,0,54,182.63901285106053,37.02060000068741,17773.865899995144,4133.199172169114
1781264324,50,,Aggregated,24.600000,0.000000,54,58,62,66,94,140,320,1100,16000,18000,18000,10166,0,54,182.40361739127795,37.02060000068741,17773.865899995144,4134.782510328546
1781264325,50,,Aggregated,23.900000,0.000000,54,58,62,66,94,140,320,1100,16000,18000,18000,10192,0,54,182.09188345758616,37.02060000068741,17773.865899995144,4135.249607535322
1781264326,50,,Aggregated,24.800000,0.000000,54,58,62,66,94,140,310,1100,16000,18000,18000,10215,0,54,181.8127573568032,37.02060000068741,17773.865899995144,4133.443857072932
1781264327,50,,Aggregated,24.400000,0.000000,54,58,62,66,94,140,310,1100,16000,18000,18000,10241,0,54,181.5414424470024,37.02060000068741,17773.865899995144,4133.68430817303
1781264328,50,,Aggregated,24.300000,0.000000,54,58,62,66,94,140,310,1100,16000,18000,18000,10267,0,54,181.23298430892768,37.02060000068741,17773.865899995144,4132.3872601538915
1781264329,50,,Aggregated,24.400000,0.000000,54,58,62,66,94,140,310,1100,16000,18000,18000,10292,0,54,180.94776019235846,37.02060000068741,17773.865899995144,4135.595122425185
1781264330,50,,Aggregated,24.400000,0.000000,54,58,62,66,94,140,310,1100,16000,18000,18000,10317,0,54,180.64445018898274,37.02060000068741,17773.865899995144,4133.780653290685
1781264331,50,,Aggregated,24.900000,0.000000,54,58,62,66,94,130,310,1100,16000,18000,18000,10350,0,54,180.23981283089012,37.02060000068741,17773.865899995144,4133.351111111111
1781264332,50,,Aggregated,24.300000,0.000000,54,58,62,66,94,130,310,1100,16000,18000,18000,10368,0,54,180.0203099922584,37.02060000068741,17773.865899995144,4132.827160493827
1781264333,50,,Aggregated,24.500000,0.000000,54,58,62,66,94,130,310,1100,16000,18000,18000,10392,0,54,179.7238618456233,37.02060000068741,17773.865899995144,4130.776270207853
1781264334,50,,Aggregated,24.800000,0.000000,54,58,62,66,94,130,310,1100,16000,18000,18000,10420,0,54,179.38951164104648,37.02060000068741,17773.865899995144,4130.522744721689
1781264335,50,,Aggregated,25.300000,0.000000,54,58,62,66,94,130,310,1100,16000,18000,18000,10441,0,54,179.1365197298815,37.02060000068741,17773.865899995144,4129.020879226127
1781264336,50,,Aggregated,24.800000,0.000000,54,58,62,66,94,130,310,1100,16000,18000,18000,10470,0,54,178.80192039156614,37.02060000068741,17773.865899995144,4128.548997134671
1781264337,50,,Aggregated,24.400000,0.000000,54,58,62,66,94,130,310,1100,16000,18000,18000,10491,0,54,178.56241509862573,37.02060000068741,17773.865899995144,4127.53074063483
1781264338,50,,Aggregated,24.900000,0.000000,54,58,62,66,93,130,300,990,16000,18000,18000,10521,0,54,178.19724733387187,37.02060000068741,17773.865899995144,4127.232772550138
1781264339,50,,Aggregated,25.000000,0.000000,54,58,62,66,93,130,300,990,16000,18000,18000,10544,0,54,177.9250177256897,37.02060000068741,17773.865899995144,4126.088865705615
1781264340,50,,Aggregated,25.000000,0.000000,54,58,62,66,93,130,300,990,16000,18000,18000,10567,0,54,177.66439335664552,37.02060000068741,17773.865899995144,4123.367370114507
1781264341,50,,Aggregated,24.800000,0.000000,54,58,62,66,93,130,300,990,16000,18000,18000,10595,0,54,177.3696186030814,37.02060000068741,17773.865899995144,4125.922982538934
1781264342,50,,Aggregated,25.200000,0.000000,54,58,62,66,93,130,300,990,16000,18000,18000,10620,0,54,177.08875692087096,37.02060000068741,17773.865899995144,4123.95461393597
1781264343,50,,Aggregated,25.000000,0.000000,54,58,62,66,93,130,300,990,16000,18000,18000,10645,0,54,176.80330422730427,37.02060000068741,17773.865899995144,4123.927289807421
1781264344,50,,Aggregated,24.500000,0.000000,54,58,62,66,93,130,290,990,16000,18000,18000,10664,0,54,176.58153432104555,37.02060000068741,17773.865899995144,4123.389441110277
1781264345,50,,Aggregated,24.400000,0.000000,54,58,62,66,93,130,290,990,16000,18000,18000,10688,0,54,176.29750836448798,37.02060000068741,17773.865899995144,4126.394273952096
1781264346,50,,Aggregated,24.800000,0.000000,54,58,62,66,93,130,290,960,16000,18000,18000,10714,0,54,176.0013666510792,37.02060000068741,17773.865899995144,4127.421597909278
1781264347,50,,Aggregated,24.500000,0.000000,54,58,62,66,93,130,290,960,16000,18000,18000,10740,0,54,175.69932352883197,37.02060000068741,17773.865899995144,4125.708379888269
1781264348,50,,Aggregated,24.400000,0.000000,54,58,62,66,93,130,280,960,16000,18000,18000,10760,0,54,175.47391960963307,37.02060000068741,17773.865899995144,4125.869609665428
1781264349,50,,Aggregated,24.000000,0.000000,54,58,62,66,92,130,280,960,16000,18000,18000,10785,0,54,175.19651111725943,37.02060000068741,17773.865899995144,4125.898006490496
1781264350,50,,Aggregated,24.700000,0.000000,54,58,62,66,92,130,280,930,16000,18000,18000,10810,0,54,174.9221534874788,37.02060000068741,17773.865899995144,4124.79861239593
1781264351,50,,Aggregated,23.800000,0.000000,54,58,62,66,92,130,280,930,16000,18000,18000,10839,0,54,174.5928361472115,37.02060000068741,17773.865899995144,4125.158686225666
1781264352,50,,Aggregated,23.900000,0.000000,54,58,62,66,92,130,280,930,16000,18000,18000,10857,0,54,174.39415953759098,37.02060000068741,17773.865899995144,4124.306438242608
1781264353,50,,Aggregated,23.800000,0.000000,54,58,62,66,92,130,280,930,16000,18000,18000,10886,0,54,174.08007003487606,37.02060000068741,17773.865899995144,4126.344295425317
1781264354,50,,Aggregated,24.100000,0.000000,54,58,61,66,92,130,280,930,16000,18000,18000,10906,0,54,173.8569678341887,37.02060000068741,17773.865899995144,4127.325142123602
1781264355,50,,Aggregated,23.800000,0.000000,54,58,61,66,92,130,280,930,16000,18000,18000,10938,0,54,173.5147423477456,37.02060000068741,17773.865899995144,4128.652953007862
1781264356,50,,Aggregated,23.800000,0.000000,54,58,61,65,91,130,280,930,16000,18000,18000,10955,0,54,173.33108195341225,37.02060000068741,17773.865899995144,4128.997900502054
1781264357,50,,Aggregated,24.000000,0.000000,54,58,61,65,91,130,280,930,16000,18000,18000,10984,0,54,173.0130410687924,37.02060000068741,17773.865899995144,4129.69774217043
1781264358,50,,Aggregated,24.600000,0.000000,54,58,61,65,91,130,280,910,16000,18000,18000,11005,0,54,172.7836864606651,37.02060000068741,17773.865899995144,4130.367469332122
1781264359,50,,Aggregated,24.200000,0.000000,54,58,61,65,91,130,280,910,16000,18000,18000,11030,0,54,172.51474360830701,37.02060000068741,17773.865899995144,4132.579238440617
1781264361,50,,Aggregated,24.100000,0.000000,54,58,61,65,91,130,280,910,16000,18000,18000,11055,0,54,172.24667188599233,37.02060000068741,17773.865899995144,4135.509362279511
1781264362,50,,Aggregated,24.400000,0.000000,54,58,61,65,91,130,280,910,16000,18000,18000,11075,0,54,172.0299156387967,37.02060000068741,17773.865899995144,4133.971196388262
1781264363,50,,Aggregated,24.100000,0.000000,54,58,61,65,91,130,280,910,16000,18000,18000,11098,0,54,171.83314167414446,37.02060000068741,17773.865899995144,4133.447377905929
1781264364,50,,Aggregated,23.400000,0.000000,54,58,61,65,91,130,280,900,16000,18000,18000,11124,0,54,171.5632945972351,37.02060000068741,17773.865899995144,4130.78631787127
1781264365,50,,Aggregated,23.800000,0.000000,54,58,61,65,91,130,280,900,16000,18000,18000,11147,0,54,171.325667076311,37.02060000068741,17773.865899995144,4129.618731497264
1781264366,50,,Aggregated,23.400000,0.000000,54,58,61,65,91,130,280,900,16000,18000,18000,11175,0,54,171.02980127960984,37.02060000068741,17773.865899995144,4129.256644295302
1781264367,50,,Aggregated,23.500000,0.000000,54,58,61,65,91,130,280,900,16000,18000,18000,11200,0,54,170.76250543746846,37.02060000068741,17773.865899995144,4127.7353571428575
1781264368,50,,Aggregated,23.400000,0.000000,54,58,61,65,90,130,280,890,16000,18000,18000,11226,0,54,170.49343901653722,35.575299996708054,17773.865899995144,4126.921343310173
1781264369,50,,Aggregated,24.200000,0.000000,54,58,61,65,90,130,270,890,16000,18000,18000,11253,0,54,170.20882391359024,35.575299996708054,17773.865899995144,4126.841819959122
1781264370,50,,Aggregated,24.200000,0.000000,54,58,61,65,90,130,270,890,16000,18000,18000,11275,0,54,169.9833886030724,35.575299996708054,17773.865899995144,4127.685942350333
1781264371,50,,Aggregated,24.400000,0.000000,54,58,61,65,90,130,270,890,16000,18000,18000,11299,0,54,169.73996117352266,35.575299996708054,17773.865899995144,4127.358881316931
1781264372,50,,Aggregated,24.500000,0.000000,54,58,61,65,90,130,270,870,16000,18000,18000,11327,0,54,169.46462643238448,35.575299996708054,17773.865899995144,4127.62593802419
1781264373,50,,Aggregated,23.800000,0.000000,54,58,61,65,90,130,270,870,16000,18000,18000,11351,0,54,169.2142856135688,35.575299996708054,17773.865899995144,4126.505241828913
1781264374,50,,Aggregated,24.800000,0.000000,54,58,61,65,90,130,270,870,16000,18000,18000,11371,0,54,169.00710922519195,35.575299996708054,17773.865899995144,4125.209040541729
1781264375,50,,Aggregated,24.900000,0.000000,54,58,61,65,90,130,270,860,16000,18000,18000,11404,0,54,168.68727913886818,35.575299996708054,17773.865899995144,4124.758944230095
1781264376,50,,Aggregated,24.800000,0.000000,54,58,61,65,90,130,270,860,16000,18000,18000,11422,0,54,168.50615707403594,35.575299996708054,17773.865899995144,4126.658903869725
1781264377,50,,Aggregated,25.100000,0.000000,54,58,61,65,90,130,270,860,16000,18000,18000,11447,0,54,168.2580685244734,35.575299996708054,17773.865899995144,4127.79042543898
1781264378,50,,Aggregated,24.400000,0.000000,54,58,61,65,90,130,270,860,16000,18000,18000,11472,0,54,168.00830789745808,35.575299996708054,17773.865899995144,4130.265951882845
1781264379,50,,Aggregated,24.400000,0.000000,54,58,61,65,90,130,270,860,16000,18000,18000,11500,0,54,167.75150476518536,35.575299996708054,17773.865899995144,4131.611739130435
1781264380,50,,Aggregated,24.200000,0.000000,54,58,61,65,89,130,260,800,16000,18000,18000,11526,0,54,167.4878176209976,35.575299996708054,17773.865899995144,4132.480218636127
1781264381,50,,Aggregated,24.500000,0.000000,54,58,61,65,89,130,260,800,16000,18000,18000,11551,0,54,167.2469655007886,35.575299996708054,17773.865899995144,4132.090728075491
1781264382,50,,Aggregated,24.700000,0.000000,54,58,61,65,89,130,260,800,16000,18000,18000,11572,0,54,167.06979610262846,35.575299996708054,17773.865899995144,4132.659436571033
1781264383,50,,Aggregated,25.100000,0.000000,54,58,61,65,90,130,260,800,16000,18000,18000,11596,0,54,166.8534059761672,35.575299996708054,17773.865899995144,4132.677216281476
1781264384,50,,Aggregated,24.200000,0.000000,54,58,61,65,89,130,260,780,16000,18000,18000,11623,0,54,166.58913592873174,35.575299996708054,17773.865899995144,4133.059537124666
1781264385,50,,Aggregated,24.400000,0.000000,54,58,61,65,89,130,260,780,16000,18000,18000,11641,0,54,166.41965090625112,35.575299996708054,17773.865899995144,4134.114165449703
1781264386,50,,Aggregated,24.900000,0.000000,54,57,61,65,89,130,260,780,16000,18000,18000,11670,0,54,166.13981247640587,35.575299996708054,17773.865899995144,4137.145929734362
1781264387,50,,Aggregated,23.900000,0.000000,54,58,61,65,89,130,260,780,16000,18000,18000,11700,0,54,165.86020532475786,35.575299996708054,17773.865899995144,4138.900341880342
1781264388,50,,Aggregated,25.300000,0.000000,54,57,61,65,89,130,260,780,16000,18000,18000,11723,0,54,165.63640661943776,35.575299996708054,17773.865899995144,4137.738036338821
1781264389,50,,Aggregated,25.500000,0.000000,54,57,61,65,89,130,260,780,16000,18000,18000,11751,0,54,165.36783640538312,35.575299996708054,17773.865899995144,4138.055484639605
1781264390,50,,Aggregated,24.900000,0.000000,54,57,61,65,89,130,260,780,16000,18000,18000,11768,0,54,165.2063482409646,35.575299996708054,17773.865899995144,4139.333956492183
1781264391,50,,Aggregated,25.200000,0.000000,54,57,61,65,89,130,260,780,16000,18000,18000,11795,0,54,164.9583641966669,35.575299996708054,17773.865899995144,4140.037812632471
1781264392,50,,Aggregated,24.200000,0.000000,54,57,61,65,89,130,260,770,16000,18000,18000,11820,0,54,164.72750704735125,35.575299996708054,17773.865899995144,4140.3910321489
1781264393,50,,Aggregated,24.600000,0.000000,54,57,61,65,89,130,260,770,16000,18000,18000,11845,0,54,164.4900608948643,35.575299996708054,17773.865899995144,4138.440185732376
1781264394,50,,Aggregated,24.500000,0.000000,54,57,61,65,89,120,260,770,16000,18000,18000,11867,0,54,164.2990530799415,35.575299996708054,17773.865899995144,4140.0426392517065
1781264395,50,,Aggregated,24.900000,0.000000,54,57,61,65,89,120,260,770,16000,18000,18000,11891,0,54,164.0699438818994,35.575299996708054,17773.865899995144,4140.831385081154
1781264396,50,,Aggregated,24.300000,0.000000,54,57,61,64,89,120,260,720,16000,18000,18000,11916,0,54,163.8419058576405,35.575299996708054,17773.865899995144,4142.46131252098
1781264397,50,,Aggregated,24.900000,0.000000,54,57,61,64,89,120,260,720,16000,18000,18000,11939,0,54,163.62655930141932,35.575299996708054,17773.865899995144,4142.939777200771
1781264398,50,,Aggregated,24.100000,0.000000,54,57,61,64,89,120,260,720,16000,18000,18000,11966,0,54,163.38273731402572,35.575299996708054,17773.865899995144,4144.692879826174
1781264399,50,,Aggregated,23.800000,0.000000,54,57,61,64,88,120,260,720,16000,18000,18000,11991,0,54,163.15698006001432,35.575299996708054,17773.865899995144,4144.9599699774835
1781264400,50,,Aggregated,24.300000,0.000000,54,57,61,64,88,120,260,670,16000,18000,18000,12012,0,54,162.96387698964696,35.575299996708054,17773.865899995144,4145.265401265401
1781264401,50,,Aggregated,23.400000,0.000000,54,57,61,64,88,120,260,670,16000,18000,18000,12033,0,54,162.77964252469525,35.575299996708054,17773.865899995144,4145.4404554142775
1781264402,50,,Aggregated,24.200000,0.000000,54,57,61,64,88,120,260,670,16000,18000,18000,12059,0,54,162.59871507584842,35.575299996708054,17773.865899995144,4144.8213782237335
1781264403,50,,Aggregated,23.800000,0.000000,54,57,61,64,88,120,260,670,16000,18000,18000,12090,0,54,162.32025012404165,35.575299996708054,17773.865899995144,4143.92688172043
1781264404,50,,Aggregated,24.100000,0.000000,54,57,61,64,88,120,250,650,16000,18000,18000,12113,0,54,162.10982718564094,35.575299996708054,17773.865899995144,4143.4447288037645
1781264405,50,,Aggregated,23.600000,0.000000,54,57,61,64,88,120,250,650,16000,18000,18000,12140,0,54,161.87269702633102,35.575299996708054,17773.865899995144,4141.766639209226
1781264406,50,,Aggregated,24.400000,0.000000,54,57,61,64,88,120,250,650,16000,18000,18000,12164,0,54,161.66123426501608,35.575299996708054,17773.865899995144,4140.400279513318
1781264407,50,,Aggregated,24.500000,0.000000,54,57,61,64,88,120,250,650,16000,18000,18000,12189,0,54,161.44627127735444,35.575299996708054,17773.865899995144,4138.907703667241
1781264408,50,,Aggregated,24.500000,0.000000,54,57,61,64,88,120,250,640,16000,18000,18000,12211,0,54,161.25805859468426,35.575299996708054,17773.865899995144,4139.677831463435
1781264409,50,,Aggregated,24.600000,0.000000,54,57,61,64,88,120,250,640,16000,18000,18000,12236,0,54,161.03826505391436,35.575299996708054,17773.865899995144,4140.775988885257
1781264410,50,,Aggregated,24.400000,0.000000,54,57,61,64,88,120,250,640,16000,18000,18000,12263,0,54,160.79737149145393,35.575299996708054,17773.865899995144,4141.651308815135
1781264411,50,,Aggregated,24.800000,0.000000,54,57,61,64,88,120,250,640,16000,18000,18000,12285,0,54,160.62022112329734,35.575299996708054,17773.865899995144,4142.759137159137
1781264412,50,,Aggregated,24.800000,0.000000,54,57,61,64,88,120,250,640,16000,18000,18000,12308,0,54,160.41608837339194,35.575299996708054,17773.865899995144,4143.934351641209
1781264413,50,,Aggregated,25.000000,0.000000,54,57,61,64,88,120,250,640,16000,18000,18000,12340,0,54,160.19021825767302,35.575299996708054,17773.865899995144,4144.359967585089
1781264414,50,,Aggregated,24.700000,0.000000,54,57,61,64,88,120,250,640,16000,18000,18000,12361,0,54,160.0089624301993,35.575299996708054,17773.865899995144,4145.006391068684
1781264415,50,,Aggregated,25.300000,0.000000,54,57,61,64,88,120,250,640,16000,18000,18000,12389,0,54,159.76461261600699,35.575299996708054,17773.865899995144,4143.3687141819355
1781264416,50,,Aggregated,24.700000,0.000000,54,57,61,64,88,120,250,630,16000,18000,18000,12413,0,54,159.6171031096189,35.575299996708054,17773.865899995144,4142.940465640861
1781264417,50,,Aggregated,24.900000,0.000000,54,57,61,64,88,120,250,630,16000,18000,18000,12435,0,54,159.43215974263788,35.575299996708054,17773.865899995144,4139.831684760756
1781264418,50,,Aggregated,25.500000,0.000000,54,57,61,64,88,120,250,630,16000,18000,18000,12458,0,54,159.237535888563,35.575299996708054,17773.865899995144,4140.28656285118
1781264419,50,,Aggregated,24.000000,0.000000,54,57,61,64,88,120,250,630,16000,18000,18000,12483,0,54,159.0272600015798,35.575299996708054,17773.865899995144,4141.252343186734
1781264420,50,,Aggregated,24.900000,0.000000,54,57,61,64,87,120,250,620,16000,18000,18000,12506,0,54,158.83644990402286,35.575299996708054,17773.865899995144,4143.955061570447
1781264421,50,,Aggregated,24.000000,0.000000,54,57,61,64,87,120,250,620,16000,18000,18000,12526,0,54,158.66896936769103,35.575299996708054,17773.865899995144,4142.732157113204
1781264422,50,,Aggregated,24.200000,0.000000,54,57,61,64,87,120,250,620,16000,18000,18000,12555,0,54,158.42674590997225,35.575299996708054,17773.865899995144,4143.648586220629
1781264423,50,,Aggregated,24.000000,0.000000,54,57,61,64,87,120,250,620,16000,18000,18000,12579,0,54,158.2214923761585,35.575299996708054,17773.865899995144,4144.010334684792
1781264424,50,,Aggregated,24.600000,0.000000,54,57,61,64,87,120,240,600,16000,18000,18000,12603,0,54,158.0199086169714,35.575299996708054,17773.865899995144,4143.828770927557
1781264425,50,,Aggregated,23.300000,0.000000,54,57,61,64,87,120,240,600,16000,18000,18000,12626,0,54,157.8286485585034,35.575299996708054,17773.865899995144,4144.95897354665
1781264426,50,,Aggregated,24.200000,0.000000,54,57,61,64,87,120,240,600,16000,18000,18000,12652,0,54,157.61434664082202,35.575299996708054,17773.865899995144,4145.52094530509
1781264427,50,,Aggregated,23.400000,0.000000,54,57,61,64,87,120,240,600,16000,18000,18000,12674,0,54,157.44348227865453,35.575299996708054,17773.865899995144,4145.703960864763
1781264428,50,,Aggregated,22.900000,0.000000,54,57,61,64,87,120,240,600,16000,18000,18000,12703,0,54,157.20571614576716,35.575299996708054,17773.865899995144,4145.606234747697
1781264429,50,,Aggregated,23.900000,0.000000,54,57,61,64,87,120,240,600,16000,18000,18000,12722,0,54,157.04595360003617,35.575299996708054,17773.865899995144,4145.408347744065
1781264430,50,,Aggregated,23.700000,0.000000,54,57,61,64,87,120,240,600,16000,18000,18000,12749,0,54,156.84242936698288,35.575299996708054,17773.865899995144,4145.431641697388
1781264431,50,,Aggregated,24.300000,0.000000,54,57,61,64,87,120,240,600,16000,18000,18000,12772,0,54,156.65730716408342,35.575299996708054,17773.865899995144,4142.665283432509
1781264432,50,,Aggregated,23.400000,0.000000,54,57,61,64,87,120,240,600,16000,18000,18000,12798,0,54,156.44635343801124,35.575299996708054,17773.865899995144,4141.163306766683
1781264433,50,,Aggregated,24.300000,0.000000,54,57,61,64,86,120,240,600,16000,18000,18000,12820,0,54,156.27178997657373,35.575299996708054,17773.865899995144,4141.016458658346
1781264434,50,,Aggregated,23.700000,0.000000,54,57,61,64,86,120,240,600,16000,18000,18000,12847,0,54,156.06605433172436,35.575299996708054,17773.865899995144,4141.7790145559275
1781264435,50,,Aggregated,24.200000,0.000000,54,57,61,64,86,120,240,600,16000,18000,18000,12868,0,54,155.9071375738012,35.575299996708054,17773.865899995144,4141.135452284738
1781264436,50,,Aggregated,23.500000,0.000000,54,57,61,64,86,120,240,600,16000,18000,18000,12894,0,54,155.70222715213765,35.575299996708054,17773.865899995144,4142.929734760353
1781264437,50,,Aggregated,24.200000,0.000000,54,57,61,64,86,120,240,580,16000,18000,18000,12919,0,54,155.49710199703244,35.575299996708054,17773.865899995144,4143.367830327425
1781264438,50,,Aggregated,24.000000,0.000000,54,57,61,64,86,120,240,580,16000,18000,18000,12947,0,54,155.27542945081217,35.575299996708054,17773.865899995144,4143.59751293736
1781264439,50,,Aggregated,24.400000,0.000000,54,57,61,64,86,120,240,580,16000,18000,18000,12972,0,54,155.09709570611187,35.575299996708054,17773.865899995144,4143.600909651557
1781264440,50,,Aggregated,24.300000,0.000000,54,57,61,64,86,120,240,580,16000,18000,18000,12994,0,54,154.9298022086874,35.575299996708054,17773.865899995144,4143.785362474989
1781264441,50,,Aggregated,23.800000,0.000000,54,57,61,64,86,120,240,570,15000,18000,18000,13017,0,54,154.7500889836133,35.575299996708054,17773.865899995144,4142.619651225321
1781264442,50,,Aggregated,24.800000,0.000000,54,57,61,64,86,120,240,570,15000,18000,18000,13043,0,54,154.56220588819306,35.575299996708054,17773.865899995144,4143.2600628689715
1781264443,50,,Aggregated,23.900000,0.000000,54,57,61,64,86,120,230,570,15000,18000,18000,13063,0,54,154.41029279642558,35.575299996708054,17773.865899995144,4144.389879813213
1781264444,50,,Aggregated,24.400000,0.000000,54,57,61,64,86,120,230,570,15000,18000,18000,13085,0,54,154.23625645393318,35.575299996708054,17773.865899995144,4142.583186855178
1781264445,50,,Aggregated,24.600000,0.000000,54,57,61,64,86,120,230,560,15000,18000,18000,13113,0,54,154.01753927398187,35.575299996708054,17773.865899995144,4142.313658201784
1781264446,50,,Aggregated,24.000000,0.000000,54,57,61,64,86,120,230,560,15000,18000,18000,13135,0,54,153.85061948227766,35.575299996708054,17773.865899995144,4143.142824514655
1781264447,50,,Aggregated,23.800000,0.000000,54,57,61,64,86,120,230,560,15000,18000,18000,13161,0,54,153.64588760730356,35.575299996708054,17773.865899995144,4143.078337512347
1781264448,50,,Aggregated,23.500000,0.000000,54,57,61,64,86,120,230,560,15000,18000,18000,13179,0,54,153.5065061233569,35.575299996708054,17773.865899995144,4142.311480385461
1781264449,50,,Aggregated,23.600000,0.000000,53,57,61,64,85,120,230,550,15000,18000,18000,13210,0,53,153.2688226343457,35.575299996708054,17773.865899995144,4143.447615442847
1781264450,50,,Aggregated,23.900000,0.000000,53,57,61,64,85,120,230,550,15000,18000,18000,13232,0,53,153.10361956617925,35.575299996708054,17773.865899995144,4143.430622732769
1781264451,50,,Aggregated,23.800000,0.000000,53,57,61,64,85,120,230,550,15000,18000,18000,13256,0,53,152.924116890442,35.575299996708054,17773.865899995144,4144.316762220881
1781264452,50,,Aggregated,23.500000,0.000000,53,57,61,64,85,120,230,550,15000,18000,18000,13277,0,53,152.7716580251334,35.575299996708054,17773.865899995144,4143.328387436921
1781264453,50,,Aggregated,23.500000,0.000000,53,57,60,64,85,120,230,530,15000,18000,18000,13305,0,53,152.55834358509603,35.575299996708054,17773.865899995144,4144.61059751973
1781264454,50,,Aggregated,23.400000,0.000000,53,57,60,64,85,120,230,530,15000,18000,18000,13324,0,53,152.42124669015985,35.575299996708054,17773.865899995144,4145.176148303813
1781264455,50,,Aggregated,23.400000,0.000000,53,57,60,63,85,120,230,530,15000,18000,18000,13352,0,53,152.20823758236315,35.575299996708054,17773.865899995144,4145.317031156381
1781264456,50,,Aggregated,23.900000,0.000000,53,57,60,63,85,120,230,530,15000,18000,18000,13375,0,53,152.03955011586592,35.575299996708054,17773.865899995144,4143.648971962617
1781264457,50,,Aggregated,23.800000,0.000000,53,57,60,63,85,120,230,530,15000,18000,18000,13394,0,53,151.90056288634457,35.575299996708054,17773.865899995144,4143.354412423473
1781264458,50,,Aggregated,24.100000,0.000000,53,57,60,63,85,120,230,530,15000,18000,18000,13423,0,53,151.68990306188684,35.575299996708054,17773.865899995144,4144.076957461074
1781264459,50,,Aggregated,23.500000,0.000000,53,57,60,63,85,120,230,530,15000,18000,18000,13448,0,53,151.51475632062076,35.575299996708054,17773.865899995144,4145.451888756693
1781264460,50,,Aggregated,23.500000,0.000000,53,57,60,63,85,120,230,530,15000,18000,18000,13473,0,53,151.33352433012013,35.575299996708054,17773.865899995144,4144.504416239887
1781264461,50,,Aggregated,24.100000,0.000000,53,57,60,63,85,120,230,530,15000,18000,18000,13495,0,53,151.18611424229022,35.575299996708054,17773.865899995144,4144.227269359022
1781264462,50,,Aggregated,24.000000,0.000000,53,57,60,63,85,120,230,520,15000,18000,18000,13524,0,53,150.97352111059752,35.575299996708054,17773.865899995144,4142.833185448092
1781264463,50,,Aggregated,24.200000,0.000000,53,57,60,63,85,120,230,520,15000,18000,18000,13550,0,53,150.7880688413072,35.575299996708054,17773.865899995144,4142.212324723248
1781264464,50,,Aggregated,24.400000,0.000000,53,57,60,63,84,120,230,520,15000,18000,18000,13577,0,53,150.58808723574603,35.575299996708054,17773.865899995144,4143.651395742801
1781264465,50,,Aggregated,24.300000,0.000000,53,57,60,63,84,120,230,520,15000,18000,18000,13598,0,53,150.43598291658324,35.575299996708054,17773.865899995144,4142.780850125018
1781264466,50,,Aggregated,24.500000,0.000000,53,57,60,63,84,120,230,510,15000,18000,18000,13624,0,53,150.26558027009202,35.575299996708054,17773.865899995144,4143.03038755138
1781264467,50,,Aggregated,24.900000,0.000000,53,57,60,63,84,120,230,510,15000,18000,18000,13648,0,53,150.09729831475119,35.575299996708054,17773.865899995144,4143.941090269636
1781264468,50,,Aggregated,24.300000,0.000000,53,57,60,63,84,120,230,510,15000,18000,18000,13674,0,53,149.9161614084939,35.575299996708054,17773.865899995144,4143.129735264005
1781264469,50,,Aggregated,25.100000,0.000000,53,57,60,63,84,120,230,510,15000,18000,18000,13699,0,53,149.74845455870903,35.575299996708054,17773.865899995144,4141.455726695379
1781264470,50,,Aggregated,24.700000,0.000000,53,57,60,63,84,120,220,510,15000,18000,18000,13728,0,53,149.54770942597554,35.575299996708054,17773.865899995144,4141.493371212121
1781264471,50,,Aggregated,24.900000,0.000000,53,57,60,63,84,120,220,510,15000,18000,18000,13751,0,53,149.38402959783033,35.575299996708054,17773.865899995144,4139.814049887281
1781264472,50,,Aggregated,24.700000,0.000000,53,57,60,63,84,120,220,510,15000,18000,18000,13774,0,53,149.21968471030712,35.575299996708054,17773.865899995144,4139.687962828518
1781264474,50,,Aggregated,25.100000,0.000000,53,57,60,63,84,120,220,510,15000,18000,18000,13800,0,53,149.03761083331636,35.575299996708054,17773.865899995144,4140.290072463768
1781264475,50,,Aggregated,24.800000,0.000000,53,57,60,63,84,120,220,500,15000,18000,18000,13827,0,53,148.85080651621857,35.575299996708054,17773.865899995144,4139.629565343169
