Timestamp,User Count,Type,Name,Requests/s,Failures/s,50%,66%,75%,80%,90%,95%,98%,99%,99.9%,99.99%,100%,Total Request Count,Total Failure Count,Total Median Response Time,Total Average Response Time,Total Min Response Time,Total Max Response Time,Total Average Content Size
1781266160,0,,Aggregated,0.000000,0.000000,N/A,N/A,N/A,N/A,N/A,N/A,N/A,N/A,N/A,N/A,N/A,0,0,0,0.0,0,0,0
1781266161,20,,Aggregated,0.000000,0.000000,300,310,360,360,400,420,420,420,420,420,420,16,0,290,292.3527749999266,182.51379999856,421.5442999993684,3542.4375
1781266162,40,,Aggregated,0.000000,0.000000,300,400,400,410,500,1600,1600,1600,1600,1600,1600,44,0,300,397.9970477271722,71.82440000178758,1580.8963000017684,4649.795454545455
1781266163,80,,Aggregated,16.000000,0.000000,270,310,330,400,410,550,1600,1600,1600,1600,1600,86,0,260,304.6527662792319,54.98269999952754,1580.8963000017684,4297.430232558139
1781266164,100,,Aggregated,20.500000,0.000000,200,270,310,320,400,420,1600,1600,1600,1600,1600,123,0,200,253.87223170738008,47.54810000304133,1580.8963000017684,4091.829268292683
1781266165,100,,Aggregated,27.000000,0.000000,170,220,260,300,400,410,1500,1600,1600,1600,1600,179,0,170,216.88778324025213,41.190500000084285,1580.8963000017684,4023.3296089385476
1781266166,100,,Aggregated,29.750000,0.000000,130,200,230,250,320,400,550,1600,1600,1600,1600,237,0,130,181.46052700418286,39.905500001623295,1580.8963000017684,4244.135021097047
1781266167,100,,Aggregated,32.800000,0.000000,97,170,210,230,310,400,500,1600,1600,1600,1600,283,0,97,160.8458144875178,39.905500001623295,1580.8963000017684,4142.296819787985
1781266168,100,,Aggregated,36.166667,0.000000,74,140,190,220,310,400,420,1500,1600,1600,1600,330,0,73,145.99696424232786,39.905500001623295,1580.8963000017684,4156.339393939394
1781266169,100,,Aggregated,37.714286,0.000000,65,110,170,200,290,360,410,1500,1600,1600,1600,386,0,65,132.85936010354396,39.29449999850476,1580.8963000017684,4046.2331606217617
1781266170,100,,Aggregated,39.250000,0.000000,62,96,140,180,270,330,410,550,1600,1600,1600,434,0,62,124.53183917048273,39.29449999850476,1580.8963000017684,4119.467741935484
1781266171,100,,Aggregated,40.666667,0.000000,60,81,120,170,250,320,410,550,1600,1600,1600,483,0,60,117.31723581774446,39.29449999850476,1580.8963000017684,4053.3105590062114
1781266172,100,,Aggregated,41.300000,0.000000,59,72,110,150,240,320,410,500,1600,1600,1600,526,0,59,112.02475532320348,39.29449999850476,1580.8963000017684,4072.532319391635
1781266173,100,,Aggregated,44.300000,0.000000,58,67,100,130,230,310,400,500,1600,1600,1600,572,0,58,107.1002809440978,39.29449999850476,1580.8963000017684,4131.206293706294
1781266174,100,,Aggregated,46.600000,0.000000,58,65,91,120,220,310,400,420,1600,1600,1600,618,0,58,103.15573851136058,39.29449999850476,1580.8963000017684,4140.883495145631
1781266175,100,,Aggregated,46.700000,0.000000,58,65,86,110,210,300,400,420,1600,1600,1600,665,0,58,100.36081082705772,39.29449999850476,1580.8963000017684,4100.481203007519
1781266176,100,,Aggregated,48.400000,0.000000,58,66,86,110,210,300,400,410,1600,1600,1600,718,0,58,98.35031392759247,39.29449999850476,1580.8963000017684,4153.927576601672
1781266177,100,,Aggregated,48.600000,0.000000,58,65,82,100,200,290,400,410,1600,1600,1600,764,0,58,95.93484240836791,39.29449999850476,1580.8963000017684,4164.037958115183
1781266178,100,,Aggregated,47.600000,0.000000,57,64,77,95,190,280,400,410,1600,1600,1600,820,0,57,93.08983731700609,38.24900000472553,1580.8963000017684,4129.510975609756
1781266179,100,,Aggregated,47.700000,0.000000,57,63,74,90,180,270,400,410,1600,1600,1600,865,0,57,91.09149514442623,38.24900000472553,1580.8963000017684,4091.0057803468208
1781266180,100,,Aggregated,46.900000,0.000000,57,62,72,88,170,260,380,410,1600,1600,1600,918,0,57,89.1998971676958,38.24900000472553,1580.8963000017684,4109.7864923747275
1781266181,100,,Aggregated,47.000000,0.000000,56,62,70,86,170,250,360,410,1600,1600,1600,965,0,56,87.66574777198751,38.24900000472553,1580.8963000017684,4067.7098445595857
1781266182,100,,Aggregated,47.600000,0.000000,56,62,69,82,160,240,360,410,1600,1600,1600,1020,0,56,85.94741607836006,38.24900000472553,1580.8963000017684,4100.246078431373
1781266183,100,,Aggregated,47.000000,0.000000,56,61,68,79,150,240,330,410,1600,1600,1600,1061,0,56,84.6500616399071,38.24900000472553,1580.8963000017684,4086.625824693685
1781266184,100,,Aggregated,47.500000,0.000000,55,61,67,78,140,240,330,400,1600,1600,1600,1112,0,55,83.14681780568941,38.24900000472553,1580.8963000017684,4087.9208633093526
1781266185,100,,Aggregated,48.900000,0.000000,55,60,66,75,130,230,320,400,1600,1600,1600,1164,0,55,81.74718530922307,38.24900000472553,1580.8963000017684,4079.15206185567
1781266186,100,,Aggregated,48.100000,0.000000,55,60,66,74,130,220,320,400,1600,1600,1600,1202,0,55,80.90476322790657,38.24900000472553,1580.8963000017684,4096.193011647255
1781266187,100,,Aggregated,47.900000,0.000000,55,60,67,78,130,230,320,400,1600,1600,1600,1256,0,55,81.67913614647225,38.24900000472553,1580.8963000017684,4054.4761146496817
1781266188,100,,Aggregated,48.400000,0.000000,55,60,67,78,130,220,320,400,1600,1600,1600,1312,0,55,81.02475815546934,38.24900000472553,1580.8963000017684,4068.3963414634145
1781266189,100,,Aggregated,48.400000,0.000000,55,60,66,77,130,220,310,400,1600,1600,1600,1362,0,55,80.01335301024628,38.24900000472553,1580.8963000017684,4050.7092511013216
1781266190,100,,Aggregated,49.200000,0.000000,54,60,65,74,120,220,310,400,1600,1600,1600,1415,0,54,78.9417621201242,37.38270000030752,1580.8963000017684,4048.5604240282687
1781266191,100,,Aggregated,48.800000,0.000000,54,59,65,72,120,220,310,400,1600,1600,1600,1455,0,54,78.1432115463502,37.38270000030752,1580.8963000017684,4040.1051546391755
1781266192,100,,Aggregated,48.800000,0.000000,54,59,64,71,120,210,310,400,1600,1600,1600,1505,0,54,77.22673641191041,37.38270000030752,1580.8963000017684,4030.748837209302
1781266193,100,,Aggregated,49.700000,0.000000,54,59,64,71,120,210,310,400,1600,1600,1600,1559,0,54,76.77471141750542,37.38270000030752,1580.8963000017684,4025.5965362411803
1781266194,100,,Aggregated,48.900000,0.000000,54,59,64,71,120,210,310,400,1600,1600,1600,1611,0,54,76.4334790191841,37.38270000030752,1580.8963000017684,4002.199255121043
1781266195,100,,Aggregated,48.500000,0.000000,54,58,64,69,110,200,300,400,1600,1600,1600,1671,0,54,75.54421639729323,37.38270000030752,1580.8963000017684,4026.362657091562
1781266196,100,,Aggregated,48.400000,0.000000,54,58,63,69,110,200,300,400,1600,1600,1600,1706,0,54,75.03977233285384,37.38270000030752,1580.8963000017684,4039.388042203986
1781266197,100,,Aggregated,49.000000,0.000000,54,58,62,68,110,200,300,400,1600,1600,1600,1758,0,53,74.34416228659857,37.38270000030752,1580.8963000017684,4048.1160409556314
1781266198,100,,Aggregated,49.900000,0.000000,53,58,62,67,110,190,300,380,1600,1600,1600,1809,0,53,73.66267938078998,37.38270000030752,1580.8963000017684,4053.6959646213377
1781266199,100,,Aggregated,49.800000,0.000000,53,57,62,67,110,190,300,380,1600,1600,1600,1851,0,53,73.21020653690061,37.38270000030752,1580.8963000017684,4056.094003241491
1781266200,100,,Aggregated,49.300000,0.000000,53,57,62,66,110,180,290,360,1600,1600,1600,1908,0,53,72.66814549255581,37.38270000030752,1580.8963000017684,4060.1787211740043
1781266201,100,,Aggregated,49.300000,0.000000,53,58,62,68,110,200,300,390,1600,1600,1600,1942,0,53,74.53448177125655,37.38270000030752,1580.8963000017684,4073.446446961895
1781266202,100,,Aggregated,49.000000,0.000000,54,58,64,74,130,220,310,390,1600,1600,1600,2006,0,54,77.81346729800211,37.38270000030752,1580.8963000017684,4080.8574277168495
1781266203,100,,Aggregated,49.000000,0.000000,54,59,64,74,120,220,310,390,1600,1600,1600,2051,0,54,77.46019117494826,37.38270000030752,1580.8963000017684,4080.7508532423208
1781266204,100,,Aggregated,49.100000,0.000000,54,58,64,73,120,220,310,390,1600,1600,1600,2101,0,54,76.96968662534569,37.38270000030752,1580.8963000017684,4073.05711565921
1781266205,100,,Aggregated,49.200000,0.000000,53,58,64,72,120,210,310,390,1600,1600,1600,2151,0,53,76.34239456059323,37.38270000030752,1580.8963000017684,4075.141329614133
1781266206,100,,Aggregated,48.700000,0.000000,53,58,63,71,120,210,310,390,1600,1600,1600,2197,0,53,75.84056281285957,37.38270000030752,1580.8963000017684,4084.6140191169775
1781266207,100,,Aggregated,48.700000,0.000000,53,58,63,69,120,210,300,380,1600,1600,1600,2254,0,53,75.28530488014741,37.38270000030752,1580.8963000017684,4105.315882874889
1781266208,100,,Aggregated,47.700000,0.000000,53,58,63,69,110,210,300,380,1600,1600,1600,2295,0,53,74.91726361648566,37.38270000030752,1580.8963000017684,4109.862745098039
1781266209,100,,Aggregated,48.900000,0.000000,53,58,63,68,110,210,300,380,1600,1600,1600,2345,0,53,74.50359756922732,37.38270000030752,1580.8963000017684,4119.082729211087
1781266210,100,,Aggregated,48.900000,0.000000,53,58,63,68,110,210,300,380,1600,1600,1600,2396,0,53,74.57575863934255,37.38270000030752,1580.8963000017684,4133.682387312187
1781266211,100,,Aggregated,48.100000,0.000000,53,58,62,68,110,210,300,380,1600,1600,1600,2440,0,53,74.16778401633654,37.38270000030752,1580.8963000017684,4149.88237704918
1781266212,100,,Aggregated,47.800000,0.000000,53,58,62,68,110,200,300,380,1600,1600,1600,2492,0,53,74.08771717491385,37.38270000030752,1580.8963000017684,4116.7110754414125
1781266213,100,,Aggregated,48.700000,0.000000,53,58,62,68,110,200,300,380,1600,1600,1600,2547,0,53,73.86613199838186,37.38270000030752,1580.8963000017684,4114.995681193561
1781266214,100,,Aggregated,48.500000,0.000000,53,57,62,68,110,200,300,380,1600,1600,1600,2593,0,53,73.50584612413408,37.38270000030752,1580.8963000017684,4119.70998843039
1781266215,100,,Aggregated,48.300000,0.000000,53,58,62,68,110,200,300,370,1600,1600,1600,2634,0,53,73.34459908878897,37.38270000030752,1580.8963000017684,4117.886484434321
1781266216,100,,Aggregated,49.600000,0.000000,53,57,62,67,110,190,290,370,1600,1600,1600,2685,0,53,72.9415895344004,37.38270000030752,1580.8963000017684,4120.708752327747
1781266217,100,,Aggregated,49.200000,0.000000,53,57,62,67,110,190,290,370,1600,1600,1600,2724,0,53,72.62733590302376,37.38270000030752,1580.8963000017684,4120.6997063142435
1781266219,100,,Aggregated,48.400000,0.000000,53,57,62,67,110,180,290,370,1600,1600,1600,2786,0,53,72.2303708901107,37.38270000030752,1580.8963000017684,4110.084709260589
1781266220,100,,Aggregated,47.300000,0.000000,53,57,62,68,110,190,290,360,1600,1600,1600,2829,0,53,72.94205666308639,37.38270000030752,1580.8963000017684,4120.108518911276
1781266221,100,,Aggregated,48.800000,0.000000,53,58,62,68,110,190,290,380,1600,1600,1600,2865,0,53,73.31536771376025,37.38270000030752,1580.8963000017684,4120.4184991274
1781266222,100,,Aggregated,48.300000,0.000000,54,58,64,71,120,220,310,380,1600,1600,1600,2940,0,54,75.83764935371947,37.38270000030752,1580.8963000017684,4120.013265306123
1781266223,100,,Aggregated,45.900000,0.000000,53,58,63,70,120,210,310,380,1600,1600,1600,2983,0,53,75.49180214546503,37.38270000030752,1580.8963000017684,4128.274220583306
1781266224,100,,Aggregated,47.900000,0.000000,53,58,63,69,120,210,300,370,1500,1600,1600,3028,0,53,75.11443147289343,37.38270000030752,1580.8963000017684,4118.397291941876
1781266225,100,,Aggregated,47.000000,0.000000,53,58,63,69,120,210,300,370,1500,1600,1600,3081,0,53,74.76923515089271,37.38270000030752,1580.8963000017684,4121.31223628692
1781266226,100,,Aggregated,46.000000,0.000000,53,57,62,69,120,210,300,370,1500,1600,1600,3131,0,53,74.38232462469163,37.38270000030752,1580.8963000017684,4118.950175662728
1781266227,100,,Aggregated,46.800000,0.000000,53,58,63,70,120,210,300,370,1500,1600,1600,3164,0,53,74.57681475976382,37.38270000030752,1580.8963000017684,4119.695322376739
1781266228,100,,Aggregated,47.500000,0.000000,54,58,64,72,120,210,300,360,1500,1600,1600,3221,0,54,75.31188882332475,37.38270000030752,1580.8963000017684,4126.211114560695
1781266229,100,,Aggregated,46.300000,0.000000,54,58,65,75,120,210,300,360,1500,1600,1600,3270,0,54,75.46425611618007,37.38270000030752,1580.8963000017684,4131.924770642202
1781266230,100,,Aggregated,47.200000,0.000000,54,59,66,77,120,210,300,360,1500,1600,1600,3318,0,54,75.65896142251783,37.38270000030752,1580.8963000017684,4128.33031946956
1781266231,100,,Aggregated,45.800000,0.000000,54,59,67,78,120,200,290,360,1500,1600,1600,3362,0,54,75.70678152882917,37.38270000030752,1580.8963000017684,4131.03747769185
1781266232,100,,Aggregated,47.300000,0.000000,54,59,67,78,120,200,290,360,1500,1600,1600,3422,0,54,75.64551312094984,37.38270000030752,1580.8963000017684,4132.642314436002
1781266233,100,,Aggregated,48.600000,0.000000,54,59,67,77,120,200,290,360,1500,1600,1600,3477,0,54,75.25556542993913,37.38270000030752,1580.8963000017684,4137.942479148692
1781266234,100,,Aggregated,47.400000,0.000000,54,59,66,77,120,200,290,360,1500,1600,1600,3525,0,54,74.94647234039016,37.38270000030752,1580.8963000017684,4128.178156028369
1781266235,100,,Aggregated,48.200000,0.000000,54,59,66,76,120,200,290,360,1500,1600,1600,3573,0,54,74.654390680054,37.38270000030752,1580.8963000017684,4140.965575146935
1781266236,100,,Aggregated,49.300000,0.000000,54,59,66,75,120,190,290,360,1500,1600,1600,3624,0,54,74.37339845470684,37.38270000030752,1580.8963000017684,4149.716611479029
1781266237,100,,Aggregated,48.500000,0.000000,54,59,66,75,120,190,290,360,1500,1600,1600,3665,0,54,74.21908346516385,37.38270000030752,1580.8963000017684,4146.469849931787
1781266238,100,,Aggregated,48.500000,0.000000,54,59,66,77,120,200,290,360,1500,1600,1600,3737,0,54,74.88420355896908,37.38270000030752,1580.8963000017684,4158.110248862724
1781266239,100,,Aggregated,49.600000,0.000000,54,59,66,76,120,200,280,360,1500,1600,1600,3780,0,54,74.67648740737151,37.38270000030752,1580.8963000017684,4160.392592592592
1781266240,100,,Aggregated,50.000000,0.000000,54,59,66,75,120,190,280,360,1500,1600,1600,3824,0,54,74.39144273009131,37.38270000030752,1580.8963000017684,4156.175732217574
1781266241,100,,Aggregated,50.500000,0.000000,54,59,65,75,120,190,280,360,1500,1600,1600,3880,0,54,74.04599981955565,37.38270000030752,1580.8963000017684,4150.093298969072
1781266242,100,,Aggregated,49.200000,0.000000,54,58,65,74,120,190,280,360,1500,1600,1600,3925,0,54,73.80775442034574,37.38270000030752,1580.8963000017684,4153.856815286625
1781266243,100,,Aggregated,49.500000,0.000000,54,58,65,74,110,190,280,360,1500,1600,1600,3973,0,54,73.56240211423136,36.36370000458555,1580.8963000017684,4163.051849987415
1781266244,100,,Aggregated,49.200000,0.000000,54,58,65,73,110,190,280,360,570,1600,1600,4025,0,54,73.32093803723262,36.36370000458555,1580.8963000017684,4166.884223602485
1781266245,100,,Aggregated,49.200000,0.000000,54,58,65,72,110,180,280,360,570,1600,1600,4067,0,54,73.1123155150878,36.36370000458555,1580.8963000017684,4168.231866240472
1781266246,100,,Aggregated,48.200000,0.000000,54,58,64,72,110,180,280,350,570,1600,1600,4115,0,54,72.87321543131608,36.36370000458555,1580.8963000017684,4166.844471445929
1781266247,100,,Aggregated,49.000000,0.000000,53,58,64,71,110,180,280,350,570,1600,1600,4170,0,53,72.63357460428702,36.36370000458555,1580.8963000017684,4165.907194244604
1781266248,100,,Aggregated,48.200000,0.000000,53,58,64,71,110,180,270,350,570,1600,1600,4212,0,53,72.43317136749434,36.36370000458555,1580.8963000017684,4167.259971509971
1781266249,100,,Aggregated,48.900000,0.000000,53,58,64,70,110,180,270,350,570,1600,1600,4268,0,53,72.12880531862271,36.36370000458555,1580.8963000017684,4168.045923149016
1781266250,100,,Aggregated,48.200000,0.000000,53,58,63,70,110,180,270,340,570,1600,1600,4315,0,53,71.90002104284711,36.36370000458555,1580.8963000017684,4159.7930475086905
1781266251,100,,Aggregated,48.100000,0.000000,53,58,63,70,110,180,270,340,570,1600,1600,4365,0,53,71.66833479951646,36.36370000458555,1580.8963000017684,4163.808476517755
1781266252,100,,Aggregated,48.400000,0.000000,53,58,63,69,110,170,270,330,570,1600,1600,4416,0,53,71.43061786682401,36.36370000458555,1580.8963000017684,4162.80027173913
1781266253,100,,Aggregated,48.400000,0.000000,53,58,63,69,110,170,270,330,570,1600,1600,4461,0,53,71.27740569377347,36.36370000458555,1580.8963000017684,4165.121049092132
1781266254,100,,Aggregated,48.800000,0.000000,53,57,63,69,110,170,270,330,570,1600,1600,4510,0,53,71.08897090907067,36.36370000458555,1580.8963000017684,4171.321064301552
1781266255,100,,Aggregated,48.800000,0.000000,53,57,62,68,110,170,260,330,570,1600,1600,4564,0,53,70.85019715159879,36.36370000458555,1580.8963000017684,4163.120289219983
1781266256,100,,Aggregated,49.000000,0.000000,53,57,62,68,110,170,260,330,570,1600,1600,4613,0,53,70.64651315844654,36.36370000458555,1580.8963000017684,4166.286364621721
1781266257,100,,Aggregated,48.200000,0.000000,53,57,62,68,110,170,260,330,570,1600,1600,4656,0,53,70.46527126286864,36.36370000458555,1580.8963000017684,4166.580326460481
1781266258,100,,Aggregated,49.300000,0.000000,53,57,62,67,100,170,260,330,570,1600,1600,4705,0,53,70.27163001060948,36.36370000458555,1580.8963000017684,4172.521147715197
1781266259,100,,Aggregated,48.300000,0.000000,53,57,62,67,100,170,260,330,570,1600,1600,4757,0,53,70.08816464156206,36.36370000458555,1580.8963000017684,4174.026697498423
1781266260,100,,Aggregated,48.000000,0.000000,53,57,62,67,100,170,260,330,570,1600,1600,4810,0,53,69.90170773387264,36.36370000458555,1580.8963000017684,4165.6079002079005
1781266261,100,,Aggregated,48.900000,0.000000,53,57,62,67,100,170,260,330,570,1600,1600,4855,0,53,69.9141845725992,36.36370000458555,1580.8963000017684,4168.886920700309
1781266262,100,,Aggregated,49.100000,0.000000,53,57,62,67,100,160,260,330,570,1600,1600,4904,0,53,69.82863662315333,36.36370000458555,1580.8963000017684,4163.990619902121
1781266263,100,,Aggregated,48.900000,0.000000,53,57,62,67,100,160,250,330,570,1600,1600,4952,0,53,69.67406773019879,36.36370000458555,1580.8963000017684,4167.2102180937
1781266264,100,,Aggregated,48.100000,0.000000,53,57,62,67,100,160,250,330,560,1600,1600,5003,0,53,69.49014699179169,36.36370000458555,1580.8963000017684,4168.581451129322
1781266265,100,,Aggregated,48.600000,0.000000,53,57,62,67,100,160,250,330,560,1600,1600,5052,0,53,69.30000332540543,36.36370000458555,1580.8963000017684,4166.173396674584
1781266266,100,,Aggregated,48.300000,0.000000,53,57,62,67,100,160,260,330,560,1600,1600,5095,0,53,69.49409338566322,36.36370000458555,1580.8963000017684,4158.121491658489
1781266267,100,,Aggregated,49.300000,0.000000,53,57,62,67,100,160,260,320,560,1600,1600,5152,0,53,69.70733241458994,36.36370000458555,1580.8963000017684,4163.09375
1781266268,100,,Aggregated,49.000000,0.000000,53,57,62,67,100,160,260,320,560,1600,1600,5203,0,53,69.76391583701081,36.36370000458555,1580.8963000017684,4162.256198347108
1781266269,100,,Aggregated,49.300000,0.000000,53,57,62,67,100,160,250,320,560,1600,1600,5252,0,53,69.59114718202116,36.36370000458555,1580.8963000017684,4158.608720487433
1781266270,100,,Aggregated,49.700000,0.000000,53,57,62,67,100,160,250,320,560,1600,1600,5292,0,53,69.46698068782769,36.36370000458555,1580.8963000017684,4156.675547996977
1781266272,100,,Aggregated,48.700000,0.000000,53,57,62,67,100,170,250,320,560,1600,1600,5334,0,53,69.73103653918,36.36370000458555,1580.8963000017684,4155.956880389951
1781266273,100,,Aggregated,48.400000,0.000000,53,57,62,68,110,180,260,320,560,1600,1600,5403,0,53,70.79418099204086,36.36370000458555,1580.8963000017684,4153.1528780307235
1781266274,100,,Aggregated,46.500000,0.000000,53,57,63,68,110,180,260,320,560,1600,1600,5444,0,53,70.7918850661289,36.36370000458555,1580.8963000017684,4154.000734753858
1781266275,100,,Aggregated,48.200000,0.000000,53,57,63,69,110,170,260,320,560,1600,1600,5485,0,53,70.71356641750214,36.36370000458555,1580.8963000017684,4159.188878760256
1781266276,100,,Aggregated,47.200000,0.000000,53,57,62,68,110,170,260,320,560,1600,1600,5538,0,53,70.53862121704378,36.36370000458555,1580.8963000017684,4159.75406283857
1781266277,100,,Aggregated,46.300000,0.000000,53,57,62,68,110,170,260,320,560,1600,1600,5590,0,53,70.36301799641946,36.36370000458555,1580.8963000017684,4158.604651162791
1781266278,100,,Aggregated,47.100000,0.000000,53,57,62,67,100,170,250,310,560,1600,1600,5644,0,53,70.1798005846854,36.36370000458555,1580.8963000017684,4156.494684620836
1781266279,100,,Aggregated,46.700000,0.000000,53,57,62,67,100,170,250,310,560,1600,1600,5690,0,53,70.02855755711437,36.36370000458555,1580.8963000017684,4160.31388400703
1781266280,100,,Aggregated,47.700000,0.000000,53,57,62,67,100,170,250,310,560,1600,1600,5736,0,53,69.88646652719314,36.36370000458555,1580.8963000017684,4156.224372384937
1781266281,100,,Aggregated,47.000000,0.000000,53,57,62,67,100,170,250,310,560,1600,1600,5787,0,53,69.71396393640977,36.36370000458555,1580.8963000017684,4158.226887852083
1781266282,100,,Aggregated,47.500000,0.000000,53,57,62,67,100,170,250,310,560,1600,1600,5833,0,53,69.59954779702336,36.36370000458555,1580.8963000017684,4157.697411280645
1781266283,100,,Aggregated,48.300000,0.000000,53,57,62,67,100,170,250,310,560,1600,1600,5882,0,53,69.43292742264747,36.36370000458555,1580.8963000017684,4162.540122407345
1781266284,100,,Aggregated,50.100000,0.000000,53,57,61,66,100,170,250,310,560,1600,1600,5930,0,53,69.29423546375334,36.36370000458555,1580.8963000017684,4165.717200674536
1781266285,100,,Aggregated,47.200000,0.000000,53,57,61,66,100,170,250,310,560,1600,1600,5978,0,53,69.14630118769166,36.36370000458555,1580.8963000017684,4170.269320843091
1781266286,100,,Aggregated,49.400000,0.000000,53,57,61,66,100,170,250,310,550,1600,1600,6029,0,53,68.99615228064268,36.36370000458555,1580.8963000017684,4175.681041632111
1781266287,100,,Aggregated,49.200000,0.000000,53,57,61,66,99,170,250,310,550,1600,1600,6077,0,53,68.8410472272506,36.36370000458555,1580.8963000017684,4170.152706927761
1781266288,100,,Aggregated,48.900000,0.000000,53,57,61,66,98,160,250,310,550,1600,1600,6127,0,53,68.69798534356558,36.36370000458555,1580.8963000017684,4170.701648441325
1781266289,100,,Aggregated,48.800000,0.000000,53,57,61,66,98,160,250,310,550,1600,1600,6175,0,53,68.55160785425852,36.36370000458555,1580.8963000017684,4169.468987854251
1781266290,100,,Aggregated,47.300000,0.000000,53,57,61,65,97,160,250,310,550,1600,1600,6225,0,53,68.40182109237868,36.36370000458555,1580.8963000017684,4171.058473895582
1781266291,100,,Aggregated,48.700000,0.000000,53,56,61,65,97,160,250,310,550,1600,1600,6272,0,53,68.27035640945,36.36370000458555,1580.8963000017684,4172.842633928572
1781266292,100,,Aggregated,48.400000,0.000000,53,56,61,65,96,160,250,310,550,1600,1600,6328,0,53,68.1448920986176,36.36370000458555,1580.8963000017684,4175.839443742098
1781266293,100,,Aggregated,48.000000,0.000000,53,56,61,65,96,160,250,310,550,1600,1600,6366,0,53,68.05088234371014,36.36370000458555,1580.8963000017684,4175.966069745523
1781266294,100,,Aggregated,48.900000,0.000000,53,56,61,65,95,160,250,300,550,1600,1600,6426,0,53,67.90653215065146,36.36370000458555,1580.8963000017684,4171.192499221911
1781266295,100,,Aggregated,48.300000,0.000000,53,56,60,65,95,160,250,300,550,1600,1600,6470,0,53,67.82705989181751,36.36370000458555,1580.8963000017684,4172.1221020092735
1781266296,100,,Aggregated,49.300000,0.000000,53,56,60,65,95,150,240,300,550,1600,1600,6523,0,53,67.69715492872189,36.36370000458555,1580.8963000017684,4172.388011651081
1781266297,100,,Aggregated,49.000000,0.000000,53,56,60,64,94,150,240,300,550,1600,1600,6570,0,53,67.59491929985928,36.36370000458555,1580.8963000017684,4171.204566210045
1781266298,100,,Aggregated,48.800000,0.000000,53,56,60,64,94,150,240,300,550,1600,1600,6621,0,53,67.46686289081008,36.36370000458555,1580.8963000017684,4169.201933242713
1781266299,100,,Aggregated,49.300000,0.000000,53,56,60,64,93,150,240,300,550,1600,1600,6673,0,53,67.34950287727627,36.36370000458555,1580.8963000017684,4165.932114491234
1781266300,100,,Aggregated,49.700000,0.000000,53,56,60,64,93,150,240,300,550,1600,1600,6719,0,53,67.24786596220758,36.36370000458555,1580.8963000017684,4166.844024408394
1781266301,100,,Aggregated,49.200000,0.000000,53,56,60,64,93,150,240,300,550,1600,1600,6765,0,53,67.17094025130194,36.36370000458555,1580.8963000017684,4161.450702143385
1781266302,100,,Aggregated,48.500000,0.000000,53,56,60,64,93,150,240,300,550,1600,1600,6810,0,53,67.06530070485357,36.36370000458555,1580.8963000017684,4158.725991189427
1781266303,100,,Aggregated,49.500000,0.000000,53,56,60,64,92,150,240,300,550,1600,1600,6865,0,53,66.93241720321356,36.36370000458555,1580.8963000017684,4158.749162418063
1781266304,100,,Aggregated,48.000000,0.000000,53,56,60,64,92,150,240,300,550,1600,1600,6912,0,53,66.8309489583439,36.36370000458555,1580.8963000017684,4152.938802083333
1781266305,100,,Aggregated,49.700000,0.000000,53,56,60,64,91,150,240,300,550,1600,1600,6964,0,53,66.73271188973224,36.36370000458555,1580.8963000017684,4156.68940264216
1781266306,100,,Aggregated,48.700000,0.000000,52,56,60,63,91,150,240,300,540,1600,1600,7021,0,52,66.60369149695286,36.36370000458555,1580.8963000017684,4154.923657598632
1781266307,100,,Aggregated,48.600000,0.000000,52,56,60,63,91,150,240,300,540,1600,1600,7065,0,52,66.54061646144403,36.36370000458555,1580.8963000017684,4156.4669497523
1781266308,100,,Aggregated,49.400000,0.000000,52,56,60,63,91,150,240,300,540,1600,1600,7104,0,52,66.54254028717435,36.36370000458555,1580.8963000017684,4149.816722972973
1781266309,100,,Aggregated,48.500000,0.000000,52,56,60,63,91,150,240,310,1400,1600,1600,7135,0,52,67.67572629293612,36.36370000458555,1616.070399999444,4145.295865451997
1781266310,100,,Aggregated,48.300000,0.000000,52,56,60,63,91,150,240,310,1400,1600,1600,7152,0,52,67.63775184565175,36.36370000458555,1616.070399999444,4148.141918344519
1781266311,100,,Aggregated,45.800000,0.000000,52,56,60,63,91,150,240,310,1400,1600,1600,7164,0,52,67.61536541039858,36.36370000458555,1616.070399999444,4148.300390843105
1781266312,100,,Aggregated,44.300000,0.000000,52,56,60,63,91,150,240,310,1400,1600,1600,7175,0,52,67.5912033449611,36.36370000458555,1616.070399999444,4146.426620209059
1781266313,100,,Aggregated,39.900000,0.000000,52,56,60,63,91,150,240,310,1400,1600,1600,7184,0,52,67.64813349110189,36.36370000458555,1616.070399999444,4144.295935412027
1781266314,100,,Aggregated,37.500000,0.000000,52,56,60,63,91,150,240,310,1400,1600,1600,7190,0,52,67.63351087622814,36.36370000458555,1616.070399999444,4143.5178025034775
1781266315,100,,Aggregated,33.000000,0.000000,52,56,60,63,91,150,240,310,1400,1600,1600,7194,0,52,67.6537891159408,36.36370000458555,1616.070399999444,4141.444676118988
1781266316,100,,Aggregated,28.100000,0.000000,52,56,60,63,91,150,240,310,1400,1600,1600,7198,0,52,67.647175673809,36.36370000458555,1616.070399999444,4140.439010836343
1781266317,100,,Aggregated,24.600000,0.000000,52,56,60,63,91,150,240,310,1400,1600,1600,7201,0,52,67.64320699903749,36.36370000458555,1616.070399999444,4139.763366199139
1781266318,100,,Aggregated,19.100000,0.000000,52,56,60,64,92,150,250,330,9500,10000,10000,7215,0,52,84.75421272350108,36.36370000458555,10399.66569999524,4141.029383229383
1781266319,100,,Aggregated,15.400000,0.000000,53,56,60,64,93,160,260,360,9900,11000,11000,7233,0,53,103.15304573483633,36.36370000458555,10568.159500006004,4140.363611226324
1781266321,100,,Aggregated,10.800000,0.000000,53,56,60,64,94,170,280,410,10000,11000,11000,7255,0,53,123.0326992419108,36.36370000458555,10586.51820000523,4142.087939352171
1781266322,100,,Aggregated,9.300000,0.000000,53,56,60,64,96,170,300,570,10000,12000,12000,7282,0,53,143.1127327657346,36.36370000458555,11878.31880000158,4141.585690744301
1781266323,100,,Aggregated,8.900000,0.000000,53,56,60,65,99,190,340,1900,11000,14000,14000,7320,0,53,159.9188492486463,36.36370000458555,13620.238499999687,4141.966256830601
1781266324,100,,Aggregated,10.900000,0.000000,53,56,60,65,99,190,350,1900,11000,14000,14000,7338,0,53,159.85501670756003,36.36370000458555,13620.238499999687,4141.685472880894
1781266325,100,,Aggregated,13.000000,0.000000,53,56,60,65,100,200,400,7400,14000,18000,18000,7383,0,53,182.9486181227223,36.36370000458555,17543.39450000407,4145.739265881078
1781266326,100,,Aggregated,14.700000,0.000000,53,57,61,66,110,220,650,9000,16000,18000,18000,7441,0,53,217.3289873135418,36.36370000458555,17894.752000000153,4164.867087757022
1781266327,100,,Aggregated,16.000000,0.000000,53,57,61,66,110,220,640,9000,16000,18000,18000,7476,0,53,216.7438837078744,36.36370000458555,17894.752000000153,4166.8537988229
1781266328,100,,Aggregated,23.500000,0.000000,53,57,61,66,110,230,670,9000,16000,18000,18000,7526,0,53,216.8570756444447,36.36370000458555,17894.752000000153,4161.13579590752
1781266329,100,,Aggregated,25.600000,0.000000,53,57,61,66,110,240,750,9000,16000,18000,18000,7575,0,53,217.24853533994607,36.36370000458555,17894.752000000153,4161.128448844885
1781266330,100,,Aggregated,30.100000,0.000000,53,57,61,67,110,240,730,9000,16000,18000,18000,7620,0,53,216.95823678478698,36.36370000458555,17894.752000000153,4160.492782152231
1781266331,100,,Aggregated,33.100000,0.000000,53,57,61,67,120,240,730,9000,16000,18000,18000,7670,0,53,216.54022552804375,36.36370000458555,17894.752000000153,4161.9391134289435
1781266332,100,,Aggregated,36.200000,0.000000,53,57,61,67,120,250,730,8800,16000,18000,18000,7715,0,53,216.50584917694147,36.36370000458555,17894.752000000153,4165.904990278678
1781266333,100,,Aggregated,40.000000,0.000000,53,57,62,67,120,250,720,8800,16000,18000,18000,7761,0,53,216.1142786883238,36.36370000458555,17894.752000000153,4167.0185543100115
1781266334,100,,Aggregated,41.400000,0.000000,53,57,62,68,130,250,680,8800,16000,18000,18000,7802,0,53,215.71946306076524,36.36370000458555,17894.752000000153,4167.263522173802
1781266335,100,,Aggregated,42.700000,0.000000,53,57,62,68,130,260,680,8800,16000,18000,18000,7843,0,53,215.4723642356297,36.36370000458555,17894.752000000153,4171.086829019508
1781266336,100,,Aggregated,45.100000,0.000000,53,57,62,69,130,270,680,8800,16000,18000,18000,7895,0,53,215.20045896136935,36.36370000458555,17894.752000000153,4174.9232425585815
1781266337,100,,Aggregated,47.000000,0.000000,53,57,62,69,130,270,670,8700,16000,18000,18000,7934,0,53,214.91775336526115,36.36370000458555,17894.752000000153,4175.29140408369
1781266338,100,,Aggregated,44.100000,0.000000,53,57,62,69,140,280,670,8700,16000,18000,18000,7991,0,53,214.3597392566608,36.36370000458555,17894.752000000153,4174.955700162683
1781266339,100,,Aggregated,45.700000,0.000000,53,57,62,70,140,280,650,8700,16000,18000,18000,8033,0,53,213.89956262915584,36.36370000458555,17894.752000000153,4177.124113033736
1781266340,100,,Aggregated,44.900000,0.000000,53,57,62,70,140,280,650,8700,16000,18000,18000,8080,0,53,213.33253217821752,36.36370000458555,17894.752000000153,4174.139356435644
1781266341,100,,Aggregated,45.600000,0.000000,53,57,62,70,140,280,650,8600,16000,18000,18000,8125,0,53,212.96400167384624,36.36370000458555,17894.752000000153,4170.954953846154
1781266342,100,,Aggregated,45.500000,0.000000,53,57,63,71,150,280,640,8600,16000,18000,18000,8173,0,53,212.50859732044634,36.36370000458555,17894.752000000153,4174.710265508381
1781266343,100,,Aggregated,45.100000,0.000000,53,57,63,71,150,280,640,8400,16000,18000,18000,8218,0,53,211.8625882453168,36.36370000458555,17894.752000000153,4172.579824774884
1781266344,100,,Aggregated,45.200000,0.000000,53,57,63,72,150,280,630,8400,16000,18000,18000,8275,0,53,211.38570907552912,36.36370000458555,17894.752000000153,4174.858247734139
1781266345,100,,Aggregated,45.600000,0.000000,53,57,63,72,150,280,630,8200,16000,18000,18000,8311,0,53,210.91913845505357,36.36370000458555,17894.752000000153,4177.578149440501
1781266346,100,,Aggregated,45.300000,0.000000,53,57,64,72,150,290,630,8200,16000,18000,18000,8355,0,53,210.54950721723228,36.36370000458555,17894.752000000153,4176.798803111909
1781266347,100,,Aggregated,46.800000,0.000000,53,57,64,73,150,290,610,8100,16000,18000,18000,8413,0,53,210.11716207060164,36.36370000458555,17894.752000000153,4174.9204802092
1781266348,100,,Aggregated,46.000000,0.000000,53,57,64,74,160,290,610,8100,16000,18000,18000,8457,0,53,209.52571174174656,36.36370000458555,17894.752000000153,4174.009104883528
1781266349,100,,Aggregated,46.600000,0.000000,53,57,64,74,160,290,610,8100,16000,18000,18000,8500,0,53,209.12772264705245,36.36370000458555,17894.752000000153,4175.714588235294
1781266350,100,,Aggregated,47.000000,0.000000,53,58,64,74,160,290,600,7900,16000,18000,18000,8554,0,53,208.68444447041728,36.36370000458555,17894.752000000153,4173.931260229133
1781266351,100,,Aggregated,46.500000,0.000000,53,58,64,75,160,290,600,7900,16000,18000,18000,8598,0,53,208.09196535239877,36.36370000458555,17894.752000000153,4172.816352640149
1781266352,100,,Aggregated,46.900000,0.000000,53,58,65,75,160,290,590,7700,16000,18000,18000,8645,0,53,207.5045789126578,36.36370000458555,17894.752000000153,4172.3824175824175
1781266353,100,,Aggregated,47.300000,0.000000,53,58,65,75,160,290,590,7700,16000,18000,18000,8696,0,53,206.96008296917202,36.36370000458555,17894.752000000153,4174.502529898804
1781266354,100,,Aggregated,47.000000,0.000000,53,58,65,76,160,290,580,7600,16000,18000,18000,8744,0,53,206.42863846065032,36.36370000458555,17894.752000000153,4172.908737419945
1781266355,100,,Aggregated,47.200000,0.000000,53,58,65,76,160,290,580,7600,16000,18000,18000,8786,0,53,205.80365627132954,36.36370000458555,17894.752000000153,4178.167425449579
1781266356,100,,Aggregated,47.900000,0.000000,53,58,65,77,160,290,580,7400,16000,18000,18000,8839,0,53,205.1468826563963,36.36370000458555,17894.752000000153,4177.657653580722
1781266357,100,,Aggregated,46.600000,0.000000,53,58,65,77,170,290,580,7400,16000,18000,18000,8892,0,53,204.5386012483011,36.36370000458555,17894.752000000153,4174.513607737292
1781266358,100,,Aggregated,47.500000,0.000000,53,58,65,78,160,290,580,7000,16000,18000,18000,8931,0,53,203.95457236590403,36.36370000458555,17894.752000000153,4176.384839323704
1781266359,100,,Aggregated,47.900000,0.000000,53,58,66,78,160,290,580,7000,16000,18000,18000,8983,0,53,203.34992887675486,36.36370000458555,17894.752000000153,4173.529555827675
1781266360,100,,Aggregated,47.900000,0.000000,53,58,66,79,170,290,570,7000,16000,18000,18000,9028,0,53,202.92737381478796,36.36370000458555,17894.752000000153,4172.369627824546
1781266361,100,,Aggregated,47.200000,0.000000,53,58,67,80,170,290,570,7000,16000,18000,18000,9074,0,53,202.44247487325802,36.36370000458555,17894.752000000153,4176.13323782235
1781266362,100,,Aggregated,47.800000,0.000000,53,58,67,81,170,290,570,6500,16000,18000,18000,9123,0,53,202.34495753589198,36.36370000458555,17894.752000000153,4177.060396799298
1781266363,100,,Aggregated,47.400000,0.000000,53,59,67,82,170,290,570,6500,16000,18000,18000,9169,0,53,201.8354981895397,36.36370000458555,17894.752000000153,4173.944814047333
1781266364,100,,Aggregated,47.500000,0.000000,53,59,68,82,170,290,570,6200,16000,18000,18000,9216,0,53,201.1942779730763,36.36370000458555,17894.752000000153,4175.425130208333
1781266365,100,,Aggregated,47.100000,0.000000,54,59,68,83,170,290,560,6200,16000,18000,18000,9266,0,54,200.51093974745132,36.36370000458555,17894.752000000153,4175.3988776170945
1781266366,100,,Aggregated,46.800000,0.000000,54,59,68,83,170,280,560,6000,16000,18000,18000,9317,0,54,199.79513887516478,36.36370000458555,17894.752000000153,4170.66899216486
1781266367,100,,Aggregated,47.500000,0.000000,54,59,68,83,170,280,560,6000,16000,18000,18000,9364,0,54,199.20870745407268,36.36370000458555,17894.752000000153,4173.229816317813
1781266368,100,,Aggregated,47.400000,0.000000,54,59,68,83,170,280,560,5800,16000,18000,18000,9412,0,54,198.62742123883876,36.36370000458555,17894.752000000153,4176.117297067573
1781266369,100,,Aggregated,47.300000,0.000000,54,59,68,84,170,280,550,5800,16000,18000,18000,9462,0,54,198.04417353624467,36.36370000458555,17894.752000000153,4175.668674698795
1781266370,100,,Aggregated,46.800000,0.000000,54,59,69,84,170,280,550,5500,16000,18000,18000,9517,0,54,197.3547502679375,36.36370000458555,17894.752000000153,4174.41599243459
1781266371,100,,Aggregated,47.500000,0.000000,54,59,69,84,170,280,550,5500,16000,18000,18000,9561,0,54,196.74007655056403,36.36370000458555,17894.752000000153,4174.93525781822
1781266372,100,,Aggregated,47.600000,0.000000,54,59,69,84,160,280,540,5500,16000,18000,18000,9611,0,54,196.08816171053314,36.36370000458555,17894.752000000153,4173.745291853085
1781266373,100,,Aggregated,48.100000,0.000000,54,59,69,84,160,280,540,5500,16000,18000,18000,9655,0,54,195.60139495597213,36.36370000458555,17894.752000000153,4175.381771103055
1781266374,100,,Aggregated,47.900000,0.000000,54,59,69,84,160,280,540,4900,16000,18000,18000,9702,0,54,194.974876932581,36.36370000458555,17894.752000000153,4176.602556173984
1781266375,100,,Aggregated,48.600000,0.000000,54,59,69,84,160,280,540,4900,16000,18000,18000,9751,0,54,194.32453703209123,36.36370000458555,17894.752000000153,4177.124500051277
1781266376,100,,Aggregated,48.000000,0.000000,54,59,69,84,160,280,540,4900,16000,18000,18000,9795,0,54,193.79697299642118,36.36370000458555,17894.752000000153,4178.085553854007
1781266377,100,,Aggregated,48.000000,0.000000,54,59,69,85,160,270,540,3900,16000,18000,18000,9849,0,54,193.13400624428456,36.36370000458555,17894.752000000153,4179.320844755813
1781266378,100,,Aggregated,47.800000,0.000000,54,59,69,85,160,270,540,3900,16000,18000,18000,9897,0,54,192.5918112155169,36.36370000458555,17894.752000000153,4175.796706072547
1781266379,100,,Aggregated,47.600000,0.000000,54,59,69,85,160,270,540,3900,16000,18000,18000,9949,0,54,192.03891108653764,36.36370000458555,17894.752000000153,4175.411699668309
1781266380,100,,Aggregated,48.600000,0.000000,54,59,69,85,160,270,530,3900,16000,18000,18000,9998,0,54,191.38058309661267,36.36370000458555,17894.752000000153,4177.244948989798
1781266381,100,,Aggregated,48.000000,0.000000,54,59,69,85,160,270,530,3600,16000,18000,18000,10054,0,54,190.71665684304205,36.36370000458555,17894.752000000153,4176.639446986274
1781266382,100,,Aggregated,47.800000,0.000000,54,59,69,85,160,270,530,3600,16000,18000,18000,10096,0,54,190.20938284468613,36.36370000458555,17894.752000000153,4176.4620641838355
1781266383,100,,Aggregated,47.800000,0.000000,54,59,69,85,160,270,520,3500,16000,18000,18000,10152,0,54,189.5241856973991,36.36370000458555,17894.752000000153,4174.2177895981085
1781266384,100,,Aggregated,48.700000,0.000000,54,59,69,85,160,270,520,3500,16000,18000,18000,10189,0,54,189.08248307978934,36.36370000458555,17894.752000000153,4173.790362155265
1781266385,100,,Aggregated,47.600000,0.000000,54,59,70,85,160,270,520,3500,16000,18000,18000,10241,0,54,188.49696359730373,36.36370000458555,17894.752000000153,4177.35416463236
1781266386,100,,Aggregated,49.100000,0.000000,54,59,70,85,160,270,520,3500,16000,18000,18000,10292,0,54,187.85789669646255,36.36370000458555,17894.752000000153,4180.334531675087
1781266387,100,,Aggregated,47.900000,0.000000,54,59,70,85,160,260,520,3100,16000,18000,18000,10338,0,54,187.29020157670385,36.36370000458555,17894.752000000153,4179.649738827627
1781266388,100,,Aggregated,48.300000,0.000000,54,59,70,85,160,260,510,3100,16000,18000,18000,10386,0,54,186.72913330444175,36.36370000458555,17894.752000000153,4182.8380512228
1781266389,100,,Aggregated,48.800000,0.000000,54,59,69,85,150,260,510,3100,16000,18000,18000,10434,0,54,186.13291493194413,36.36370000458555,17894.752000000153,4183.91690626797
1781266390,100,,Aggregated,47.800000,0.000000,54,59,69,85,150,260,510,3100,16000,18000,18000,10487,0,54,185.52552648993023,36.36370000458555,17894.752000000153,4185.294555163536
1781266391,100,,Aggregated,48.300000,0.000000,54,59,69,84,150,260,510,2600,16000,18000,18000,10534,0,54,184.96883242831527,36.36370000458555,17894.752000000153,4185.936871084109
1781266392,100,,Aggregated,48.300000,0.000000,54,59,69,84,150,260,510,2600,16000,18000,18000,10579,0,54,184.44099432837385,36.36370000458555,17894.752000000153,4185.960015124303
1781266394,100,,Aggregated,48.400000,0.000000,54,59,69,84,150,260,510,2500,16000,18000,18000,10635,0,54,183.76036314996549,36.36370000458555,17894.752000000153,4185.722425952045
1781266395,100,,Aggregated,47.700000,0.000000,54,59,69,84,150,260,510,2500,16000,18000,18000,10680,0,54,183.2179305336948,36.36370000458555,17894.752000000153,4185.779962546817
1781266396,100,,Aggregated,48.200000,0.000000,54,59,69,84,150,260,500,2500,16000,18000,18000,10728,0,54,182.67086785979672,36.36370000458555,17894.752000000153,4184.18139448173
1781266397,100,,Aggregated,48.900000,0.000000,54,59,69,83,150,260,500,2500,16000,18000,18000,10774,0,54,182.1170095321974,36.36370000458555,17894.752000000153,4183.453499164656
1781266398,100,,Aggregated,48.700000,0.000000,54,59,69,83,150,250,500,2100,16000,18000,18000,10818,0,54,181.61048690144762,36.36370000458555,17894.752000000153,4185.16648178961
1781266399,100,,Aggregated,47.700000,0.000000,54,59,68,83,150,250,500,2100,16000,18000,18000,10880,0,54,180.87651198528022,36.36370000458555,17894.752000000153,4184.259558823529
1781266400,100,,Aggregated,47.900000,0.000000,54,59,68,82,150,250,500,2100,16000,18000,18000,10919,0,54,180.41559229781674,36.36370000458555,17894.752000000153,4182.452697133437
1781266401,100,,Aggregated,49.200000,0.000000,54,59,68,82,150,250,500,2100,16000,18000,18000,10963,0,54,179.89683425156127,36.36370000458555,17894.752000000153,4181.7291799689865
1781266402,100,,Aggregated,48.200000,0.000000,54,59,68,82,150,250,500,1900,15000,18000,18000,11009,0,54,179.35964242891205,36.36370000458555,17894.752000000153,4182.644018530294
1781266403,100,,Aggregated,47.100000,0.000000,54,59,68,82,150,250,490,1900,15000,18000,18000,11056,0,54,178.8287159279915,36.36370000458555,17894.752000000153,4181.678455137482
1781266404,100,,Aggregated,46.900000,0.000000,54,59,68,81,150,250,490,1900,15000,18000,18000,11101,0,54,178.3193670660204,36.36370000458555,17894.752000000153,4180.770200882804
1781266405,100,,Aggregated,47.300000,0.000000,54,59,67,81,150,250,490,1900,15000,18000,18000,11150,0,54,177.78426788340028,36.36370000458555,17894.752000000153,4182.81264573991
1781266406,100,,Aggregated,46.400000,0.000000,54,59,67,81,150,250,480,1800,15000,18000,18000,11204,0,54,177.19809823276537,36.36370000458555,17894.752000000153,4182.611835058908
1781266407,100,,Aggregated,46.700000,0.000000,54,59,67,80,150,250,480,1800,15000,18000,18000,11249,0,54,176.69887345541102,36.36370000458555,17894.752000000153,4182.411858831896
1781266408,100,,Aggregated,47.300000,0.000000,54,59,67,80,140,250,480,1800,15000,18000,18000,11295,0,54,176.18645826471402,36.36370000458555,17894.752000000153,4184.35166002656
1781266409,100,,Aggregated,47.200000,0.000000,54,59,67,80,140,250,480,1800,15000,18000,18000,11339,0,54,175.72575060410415,36.36370000458555,17894.752000000153,4181.685598377282
1781266410,100,,Aggregated,47.400000,0.000000,54,59,67,80,140,250,480,1800,15000,18000,18000,11393,0,54,175.2802497410617,36.36370000458555,17894.752000000153,4184.996137979461
1781266411,100,,Aggregated,45.700000,0.000000,54,59,67,81,140,250,470,1700,15000,18000,18000,11446,0,54,174.8341617945045,36.36370000458555,17894.752000000153,4184.83933251791
1781266412,100,,Aggregated,46.600000,0.000000,54,59,67,81,140,240,470,1700,15000,18000,18000,11490,0,54,174.4214222541262,36.36370000458555,17894.752000000153,4184.369190600522
1781266413,100,,Aggregated,47.900000,0.000000,54,59,67,80,140,240,470,1600,15000,18000,18000,11545,0,54,173.8379427804146,36.36370000458555,17894.752000000153,4182.374707665656
1781266414,100,,Aggregated,48.100000,0.000000,54,59,67,80,140,240,470,1600,15000,18000,18000,11595,0,54,173.31558717549615,36.36370000458555,17894.752000000153,4180.584562311341
1781266415,100,,Aggregated,48.800000,0.000000,54,59,67,80,140,240,470,1600,15000,18000,18000,11632,0,54,172.9305138841012,36.36370000458555,17894.752000000153,4181.280691196699
1781266416,100,,Aggregated,48.200000,0.000000,54,59,67,80,140,240,460,1600,15000,18000,18000,11684,0,54,172.4053684868081,36.36370000458555,17894.752000000153,4180.655511811024
1781266417,100,,Aggregated,47.900000,0.000000,54,59,67,79,140,240,460,1600,15000,18000,18000,11740,0,54,171.83049332196407,36.36370000458555,17894.752000000153,4181.582367972743
1781266418,100,,Aggregated,47.600000,0.000000,53,58,67,79,140,240,460,1600,15000,18000,18000,11788,0,53,171.34472796062562,36.36370000458555,17894.752000000153,4180.635900916186
1781266419,100,,Aggregated,48.300000,0.000000,53,58,67,79,140,240,460,1600,15000,18000,18000,11834,0,53,170.88484456648848,36.36370000458555,17894.752000000153,4181.58822038195
1781266420,100,,Aggregated,48.700000,0.000000,53,58,67,79,140,240,450,1600,15000,18000,18000,11882,0,53,170.40961904559632,36.36370000458555,17894.752000000153,4187.349604443696
1781266421,100,,Aggregated,49.100000,0.000000,53,58,66,78,140,240,450,1600,15000,18000,18000,11930,0,53,169.94314395639154,36.36370000458555,17894.752000000153,4186.685582564963
1781266422,100,,Aggregated,48.800000,0.000000,53,58,66,78,140,240,450,1600,15000,18000,18000,11981,0,53,169.44479868956805,36.36370000458555,17894.752000000153,4189.226859193724
1781266423,100,,Aggregated,48.300000,0.000000,53,58,66,78,140,240,450,1600,15000,18000,18000,12028,0,53,168.98884491184964,36.36370000458555,17894.752000000153,4188.686564682408
1781266424,100,,Aggregated,48.100000,0.000000,53,58,66,78,140,240,450,1600,15000,18000,18000,12076,0,53,168.5998823865293,36.36370000458555,17894.752000000153,4186.500993706525
1781266425,100,,Aggregated,47.500000,0.000000,53,58,66,78,140,240,450,1500,15000,18000,18000,12119,0,53,168.19021717961263,36.36370000458555,17894.752000000153,4187.32865747999
1781266426,100,,Aggregated,48.300000,0.000000,53,58,66,78,140,240,440,1500,15000,18000,18000,12174,0,53,167.6784634959492,36.36370000458555,17894.752000000153,4185.649252505339
1781266427,100,,Aggregated,48.300000,0.000000,53,58,66,77,140,240,440,1500,15000,18000,18000,12229,0,53,167.1673597759153,36.36370000458555,17894.752000000153,4184.795240820999
1781266428,100,,Aggregated,48.700000,0.000000,53,58,66,77,140,240,440,1500,15000,18000,18000,12271,0,53,166.82683821201903,36.36370000458555,17894.752000000153,4183.529948659441
1781266429,100,,Aggregated,48.600000,0.000000,54,58,66,78,140,240,440,1400,15000,18000,18000,12319,0,54,166.47400606377943,36.36370000458555,17894.752000000153,4184.4518223881805
1781266430,100,,Aggregated,47.200000,0.000000,54,59,67,78,140,240,440,1400,15000,18000,18000,12370,0,54,166.14754791428524,36.36370000458555,17894.752000000153,4183.350848827809
1781266431,100,,Aggregated,48.000000,0.000000,54,59,67,79,140,230,440,1400,15000,18000,18000,12421,0,54,165.76725982607584,36.36370000458555,17894.752000000153,4183.78391433862
1781266432,100,,Aggregated,48.700000,0.000000,54,59,67,78,140,230,440,1400,15000,18000,18000,12466,0,54,165.3554061045821,36.36370000458555,17894.752000000153,4183.443686828173
1781266433,100,,Aggregated,48.900000,0.000000,54,59,67,78,140,230,430,1400,15000,18000,18000,12509,0,54,165.00935322565337,36.36370000458555,17894.752000000153,4186.864657446638
1781266434,100,,Aggregated,48.500000,0.000000,54,58,67,78,130,230,430,1400,15000,18000,18000,12570,0,54,164.45891857594955,36.36370000458555,17894.752000000153,4184.611933174225
1781266435,100,,Aggregated,48.500000,0.000000,54,58,66,78,130,230,430,1400,15000,18000,18000,12615,0,54,164.05095670231427,36.36370000458555,17894.752000000153,4184.113040031708
1781266436,100,,Aggregated,48.000000,0.000000,54,58,66,78,130,230,430,1400,15000,18000,18000,12667,0,54,163.62675136178433,36.36370000458555,17894.752000000153,4186.346885608274
1781266437,100,,Aggregated,48.600000,0.000000,54,58,66,78,130,230,430,1400,15000,18000,18000,12711,0,54,163.2427284084423,36.36370000458555,17894.752000000153,4187.420737943514
1781266438,100,,Aggregated,48.500000,0.000000,54,58,66,77,130,230,430,1400,15000,18000,18000,12762,0,54,162.83131884498627,36.36370000458555,17894.752000000153,4187.018727472183
1781266439,100,,Aggregated,48.300000,0.000000,53,58,66,77,130,230,430,1200,15000,18000,18000,12820,0,53,162.3261554133962,36.36370000458555,17894.752000000153,4185.809984399376
1781266440,100,,Aggregated,49.200000,0.000000,53,58,66,77,130,230,430,1200,15000,18000,18000,12854,0,53,162.04434387737354,36.36370000458555,17894.752000000153,4183.109926871013
1781266441,100,,Aggregated,49.500000,0.000000,53,58,66,77,130,230,430,1200,15000,18000,18000,12913,0,53,161.55805568030038,36.36370000458555,17894.752000000153,4182.732749941919
1781266442,100,,Aggregated,47.800000,0.000000,53,58,66,77,130,230,420,1200,15000,18000,18000,12956,0,53,161.24463564369455,36.36370000458555,17894.752000000153,4182.032880518678
1781266443,100,,Aggregated,48.000000,0.000000,53,58,66,76,130,230,420,1100,15000,18000,18000,13006,0,53,160.82198415344297,36.36370000458555,17894.752000000153,4182.331385514378
1781266444,100,,Aggregated,48.700000,0.000000,53,58,66,76,130,230,420,1100,15000,18000,18000,13048,0,53,160.50999261953334,36.36370000458555,17894.752000000153,4182.2936082158185
1781266445,100,,Aggregated,48.800000,0.000000,54,58,66,77,130,230,420,1100,15000,18000,18000,13106,0,54,160.10668385469728,36.36370000458555,17894.752000000153,4185.265908744087
1781266446,100,,Aggregated,48.300000,0.000000,54,58,66,76,130,230,420,1100,15000,18000,18000,13146,0,54,159.79043950248325,36.36370000458555,17894.752000000153,4185.806785333942
1781266447,100,,Aggregated,48.600000,0.000000,53,58,66,76,130,230,420,1100,15000,18000,18000,13208,0,53,159.28463664443174,36.36370000458555,17894.752000000153,4182.905587522713
1781266448,100,,Aggregated,47.800000,0.000000,53,58,66,76,130,230,420,1100,15000,18000,18000,13240,0,53,159.02878228849406,36.36370000458555,17894.752000000153,4182.334667673716
1781266449,100,,Aggregated,48.100000,0.000000,53,58,66,76,130,230,420,1100,15000,18000,18000,13275,0,53,158.76842026362837,36.36370000458555,17894.752000000153,4184.347871939736
1781266450,100,,Aggregated,48.400000,0.000000,53,58,65,76,130,230,420,1100,15000,18000,18000,13302,0,53,158.58176283263097,36.36370000458555,17894.752000000153,4184.54615847241
1781266451,100,,Aggregated,46.100000,0.000000,53,58,66,76,130,230,430,1400,15000,18000,18000,13336,0,53,159.561287432489,36.36370000458555,17894.752000000153,4183.415116976605
1781266452,100,,Aggregated,45.500000,0.000000,53,58,65,76,130,230,430,1400,15000,18000,18000,13354,0,53,159.41984600866212,36.36370000458555,17894.752000000153,4185.07346113524
1781266453,100,,Aggregated,43.100000,0.000000,53,58,65,76,130,230,430,1400,15000,18000,18000,13375,0,53,159.25607407847937,36.36370000458555,17894.752000000153,4186.748186915888
1781266454,100,,Aggregated,40.800000,0.000000,53,58,65,76,130,230,430,1400,15000,18000,18000,13390,0,53,159.1363273562097,36.36370000458555,17894.752000000153,4188.033681852128
1781266455,100,,Aggregated,37.600000,0.000000,53,58,65,76,130,230,420,1200,15000,18000,18000,13401,0,53,159.05643875081236,36.36370000458555,17894.752000000153,4187.8503096783825
1781266456,100,,Aggregated,35.400000,0.000000,53,58,65,76,130,230,420,1200,15000,18000,18000,13412,0,53,158.97197458243642,36.36370000458555,17894.752000000153,4187.632045929019
1781266457,100,,Aggregated,31.500000,0.000000,53,58,65,76,130,230,420,1200,15000,18000,18000,13421,0,53,158.91325162056762,36.36370000458555,17894.752000000153,4187.357797481559
1781266458,100,,Aggregated,27.800000,0.000000,53,58,65,76,130,230,420,1200,15000,18000,18000,13428,0,53,158.86830344054474,36.36370000458555,17894.752000000153,4187.033958891868
1781266459,100,,Aggregated,24.000000,0.000000,54,58,65,76,130,230,430,1400,15000,18000,18000,13437,0,54,160.90984348438093,36.36370000458555,17894.752000000153,4186.368683485897
1781266460,100,,Aggregated,20.000000,0.000000,54,58,66,76,130,230,460,2600,15000,18000,18000,13464,0,54,177.38969274358328,36.36370000458555,17894.752000000153,4184.815656565656
1781266461,100,,Aggregated,16.800000,0.000000,54,58,66,76,130,230,500,6200,15000,18000,18000,13489,0,54,188.9349667284149,36.36370000458555,17894.752000000153,4184.020312847505
1781266462,100,,Aggregated,15.300000,0.000000,54,58,66,77,130,240,520,7400,15000,18000,18000,13522,0,54,195.90359926782975,36.36370000458555,17894.752000000153,4181.805650051768
1781266463,100,,Aggregated,15.800000,0.000000,54,58,66,77,130,240,550,7600,15000,18000,18000,13561,0,54,198.67786801117845,36.36370000458555,17894.752000000153,4181.921023523339
1781266464,100,,Aggregated,15.600000,0.000000,54,58,66,77,140,240,560,7600,15000,18000,18000,13589,0,54,199.29389234672058,36.36370000458555,17894.752000000153,4181.096401501214
1781266465,100,,Aggregated,17.200000,0.000000,54,58,66,77,140,240,570,7600,15000,18000,18000,13620,0,54,199.2360731791206,36.36370000458555,17894.752000000153,4181.1859030837
1781266466,100,,Aggregated,18.700000,0.000000,54,58,66,77,140,250,580,7900,16000,18000,18000,13659,0,54,207.84483778458446,36.36370000458555,17894.752000000153,4177.825389852845
1781266467,100,,Aggregated,20.300000,0.000000,54,59,66,78,140,250,680,8800,17000,18000,19000,13715,0,54,225.43600967551055,36.36370000458555,18717.291499997373,4183.354429456799
1781266468,100,,Aggregated,22.200000,0.000000,54,59,66,78,140,250,670,8800,17000,18000,19000,13753,0,54,225.0601715988956,36.36370000458555,18717.291499997373,4183.127972078819
1781266469,100,,Aggregated,27.200000,0.000000,54,59,67,78,140,260,670,8700,17000,18000,19000,13809,0,54,224.72531690923282,36.36370000458555,18717.291499997373,4183.236512419437
1781266470,100,,Aggregated,30.100000,0.000000,54,59,67,79,140,260,660,8700,17000,18000,19000,13859,0,54,224.30394020488927,36.36370000458555,18717.291499997373,4183.686052384732
1781266471,100,,Aggregated,34.100000,0.000000,54,59,67,79,140,260,670,8700,17000,18000,19000,13897,0,54,224.1442719795327,36.36370000458555,18717.291499997373,4183.530618119018
1781266472,100,,Aggregated,38.400000,0.000000,54,59,67,79,140,260,670,8700,17000,18000,19000,13955,0,54,223.93959809384282,36.36370000458555,18717.291499997373,4181.985023289144
1781266473,100,,Aggregated,38.700000,0.000000,54,59,67,79,140,270,670,8700,17000,18000,19000,13996,0,54,223.6011423692205,36.36370000458555,18717.291499997373,4183.083023721063
1781266474,100,,Aggregated,41.600000,0.000000,54,59,67,79,140,270,660,8600,17000,18000,19000,14044,0,54,223.23057613212865,36.36370000458555,18717.291499997373,4183.468029051553
1781266475,100,,Aggregated,43.000000,0.000000,54,59,67,79,140,270,650,8500,17000,18000,19000,14105,0,54,222.67319495211393,36.36370000458555,18717.291499997373,4183.042112725983
1781266476,100,,Aggregated,44.100000,0.000000,54,59,67,79,140,270,650,8500,17000,18000,19000,14142,0,54,222.32073392727787,36.36370000458555,18717.291499997373,4181.111016829303
1781266477,100,,Aggregated,45.800000,0.000000,54,59,67,79,140,270,650,8500,17000,18000,19000,14194,0,54,221.84697888541118,36.36370000458555,18717.291499997373,4178.343454980978
1781266478,100,,Aggregated,48.500000,0.000000,54,59,67,80,140,270,650,8400,17000,18000,19000,14241,0,54,221.37471965448307,36.36370000458555,18717.291499997373,4177.393020153079
1781266479,100,,Aggregated,46.400000,0.000000,54,59,67,80,150,270,650,8400,17000,18000,19000,14289,0,54,220.99025972422825,36.36370000458555,18717.291499997373,4178.132409545805
1781266480,100,,Aggregated,47.700000,0.000000,54,59,67,80,150,270,650,8400,17000,18000,19000,14329,0,54,220.59947956588007,36.36370000458555,18717.291499997373,4179.797194500663
1781266481,100,,Aggregated,48.200000,0.000000,54,59,67,80,150,270,640,8400,17000,18000,19000,14380,0,54,220.17944247562636,36.36370000458555,18717.291499997373,4180.77107093185
1781266482,100,,Aggregated,46.800000,0.000000,54,59,67,80,150,270,640,8400,17000,18000,19000,14430,0,54,219.75028489255155,36.36370000458555,18717.291499997373,4181.4419265419265
1781266483,100,,Aggregated,47.600000,0.000000,54,59,67,80,150,260,640,8400,17000,18000,19000,14477,0,54,219.309465635112,36.36370000458555,18717.291499997373,4182.219382468744
1781266484,100,,Aggregated,47.200000,0.000000,54,59,67,81,150,260,630,8400,17000,18000,19000,14524,0,54,218.90610672676456,36.36370000458555,18717.291499997373,4184.347287248692
1781266485,100,,Aggregated,47.200000,0.000000,54,59,67,81,150,260,630,8400,17000,18000,19000,14573,0,54,218.42805217179324,36.36370000458555,18717.291499997373,4186.597131681878
1781266486,100,,Aggregated,47.800000,0.000000,54,59,68,81,150,260,630,8400,17000,18000,19000,14623,0,54,218.00118164532051,36.36370000458555,18717.291499997373,4188.528756069206
1781266487,100,,Aggregated,47.200000,0.000000,54,59,68,81,150,260,630,8400,17000,18000,19000,14668,0,54,217.55884950228477,36.36370000458555,18717.291499997373,4187.654826833924
1781266488,100,,Aggregated,46.900000,0.000000,54,59,68,81,150,260,610,8300,17000,18000,19000,14720,0,54,217.0887282064904,36.36370000458555,18717.291499997373,4188.470516304348
1781266489,100,,Aggregated,47.500000,0.000000,54,59,68,81,150,260,610,8300,17000,18000,19000,14758,0,54,216.76530980481886,36.36370000458555,18717.291499997373,4190.879116411438
1781266490,100,,Aggregated,47.700000,0.000000,54,59,68,82,150,260,610,8200,17000,18000,19000,14815,0,54,216.23140251768595,36.36370000458555,18717.291499997373,4193.474519068512
1781266491,100,,Aggregated,47.300000,0.000000,54,59,68,82,150,260,610,8200,17000,18000,19000,14862,0,54,215.76355910372155,36.36370000458555,18717.291499997373,4194.993002287713
1781266492,100,,Aggregated,46.900000,0.000000,54,59,68,82,150,260,610,8100,17000,18000,19000,14908,0,54,215.33959855778951,36.36370000458555,18717.291499997373,4197.320633217065
1781266493,100,,Aggregated,48.100000,0.000000,54,59,68,82,150,260,600,8100,17000,18000,19000,14955,0,54,214.8634031561031,36.36370000458555,18717.291499997373,4198.519291206954
1781266494,100,,Aggregated,47.600000,0.000000,54,59,68,82,150,260,600,8100,17000,18000,19000,15007,0,54,214.36884138065398,36.36370000458555,18717.291499997373,4199.237955620711
1781266495,100,,Aggregated,47.300000,0.000000,54,59,68,82,150,260,600,8100,17000,18000,19000,15058,0,54,213.98945666751905,36.36370000458555,18717.291499997373,4195.086731305618
1781266496,100,,Aggregated,47.700000,0.000000,54,59,68,82,150,260,590,7900,17000,18000,19000,15107,0,54,213.53009193086285,36.36370000458555,18717.291499997373,4193.684980472629
1781266497,100,,Aggregated,47.800000,0.000000,54,59,68,82,150,260,590,7900,17000,18000,19000,15160,0,54,213.04311905669852,36.36370000458555,18717.291499997373,4195.1021767810025
1781266498,100,,Aggregated,48.000000,0.000000,54,59,68,82,150,260,590,7900,17000,18000,19000,15210,0,54,212.5521702629549,36.36370000458555,18717.291499997373,4193.233530571993
1781266499,100,,Aggregated,48.400000,0.000000,54,59,68,82,150,250,590,7900,17000,18000,19000,15258,0,54,212.11025222830762,36.36370000458555,18717.291499997373,4192.569537291913
1781266500,100,,Aggregated,48.300000,0.000000,54,59,68,82,140,250,580,7900,17000,18000,19000,15307,0,54,211.62617151626677,36.36370000458555,18717.291499997373,4192.3318743058735
1781266501,100,,Aggregated,48.600000,0.000000,54,60,69,82,140,250,580,7900,17000,18000,19000,15356,0,54,211.2310887340118,36.36370000458555,18717.291499997373,4192.739385256577
1781266502,100,,Aggregated,49.300000,0.000000,54,60,69,82,150,250,580,7800,17000,18000,19000,15409,0,54,210.83971405668558,36.36370000458555,18717.291499997373,4195.506587059511
1781266503,100,,Aggregated,48.700000,0.000000,54,60,69,82,150,250,580,7800,17000,18000,19000,15460,0,54,210.35771033631704,36.36370000458555,18717.291499997373,4193.393078913325
1781266504,100,,Aggregated,49.300000,0.000000,54,60,69,82,140,250,580,7800,17000,18000,19000,15506,0,54,209.9088345736795,36.36370000458555,18717.291499997373,4191.287114665291
1781266506,100,,Aggregated,49.600000,0.000000,54,60,68,82,140,250,580,7800,17000,18000,19000,15566,0,54,209.3148116535733,36.36370000458555,18717.291499997373,4191.588012334575
1781266507,100,,Aggregated,49.900000,0.000000,54,60,68,82,140,250,580,7700,17000,18000,19000,15608,0,54,208.89450323548894,36.36370000458555,18717.291499997373,4188.465210148642
1781266508,100,,Aggregated,49.900000,0.000000,54,60,68,82,140,250,580,7700,17000,18000,19000,15645,0,54,208.53771931604453,36.36370000458555,18717.291499997373,4187.1072547139665
1781266509,100,,Aggregated,49.500000,0.000000,54,60,68,81,140,250,570,7700,17000,18000,19000,15704,0,54,207.97185439375417,36.36370000458555,18717.291499997373,4185.0808074375955
1781266510,100,,Aggregated,48.100000,0.000000,54,60,68,81,140,250,570,7700,17000,18000,19000,15749,0,54,207.53682883989603,36.36370000458555,18717.291499997373,4184.2230617817
1781266511,100,,Aggregated,49.000000,0.000000,54,60,68,81,140,250,570,7700,17000,18000,19000,15799,0,54,207.06028213175028,36.36370000458555,18717.291499997373,4183.806380150642
1781266512,100,,Aggregated,48.900000,0.000000,54,59,68,81,140,250,570,7600,17000,18000,19000,15850,0,54,206.56887090848733,36.36370000458555,18717.291499997373,4183.608958990536
1781266513,100,,Aggregated,48.900000,0.000000,54,59,68,81,140,250,570,7600,17000,18000,19000,15893,0,54,206.17169675325655,36.36370000458555,18717.291499997373,4185.879443780281
1781266514,100,,Aggregated,49.100000,0.000000,54,59,68,81,140,250,570,7600,17000,18000,19000,15951,0,54,205.6444926461988,36.36370000458555,18717.291499997373,4182.762271957871
1781266515,100,,Aggregated,48.100000,0.000000,54,59,68,80,140,250,570,7600,17000,18000,19000,15997,0,54,205.2264847908688,36.36370000458555,18717.291499997373,4179.962492967431
1781266516,100,,Aggregated,48.700000,0.000000,54,59,68,80,140,250,560,7400,17000,18000,19000,16041,0,54,204.90482565298217,36.36370000458555,18717.291499997373,4180.559877813104
1781266517,100,,Aggregated,48.500000,0.000000,54,59,68,80,140,250,560,7400,17000,18000,19000,16088,0,54,204.4579274738635,36.36370000458555,18717.291499997373,4179.646009448036
1781266518,100,,Aggregated,47.200000,0.000000,54,59,68,80,140,250,560,7400,17000,18000,19000,16137,0,54,204.01179781244787,36.36370000458555,18717.291499997373,4179.395240751069
1781266519,100,,Aggregated,47.600000,0.000000,54,59,68,80,140,250,560,7400,17000,18000,19000,16180,0,54,203.70886208896766,36.36370000458555,18717.291499997373,4179.901668726823
1781266520,100,,Aggregated,48.600000,0.000000,54,59,67,80,140,250,550,7300,17000,18000,19000,16236,0,54,203.1977399174385,36.36370000458555,18717.291499997373,4180.108893816211
1781266521,100,,Aggregated,47.200000,0.000000,54,59,67,80,140,250,550,7300,17000,18000,19000,16280,0,54,202.79477830463986,36.36370000458555,18717.291499997373,4180.6390049140045
1781266522,100,,Aggregated,48.000000,0.000000,54,59,67,80,140,240,550,7200,17000,18000,19000,16330,0,54,202.35424545006106,36.36370000458555,18717.291499997373,4181.798469075322
1781266523,100,,Aggregated,48.100000,0.000000,54,59,67,80,140,240,540,7200,17000,18000,19000,16380,0,54,201.91153388275384,36.36370000458555,18717.291499997373,4182.152014652014
1781266524,100,,Aggregated,47.900000,0.000000,54,59,67,79,140,240,540,7000,17000,18000,19000,16431,0,54,201.45544649744542,36.36370000458555,18717.291499997373,4183.117765199927
1781266525,100,,Aggregated,48.600000,0.000000,54,59,67,79,140,240,540,7000,17000,18000,19000,16482,0,54,201.0037861120926,36.36370000458555,18717.291499997373,4181.953221696396
1781266526,100,,Aggregated,47.600000,0.000000,54,59,67,79,140,240,540,7000,17000,18000,19000,16529,0,54,200.61603249437343,36.36370000458555,18717.291499997373,4181.3055841248715
1781266527,100,,Aggregated,47.900000,0.000000,54,59,67,79,140,240,540,7000,17000,18000,19000,16577,0,54,200.22491861009007,36.36370000458555,18717.291499997373,4179.279604270978
1781266528,100,,Aggregated,48.600000,0.000000,54,59,67,79,140,240,540,6500,17000,18000,19000,16627,0,54,199.7935710169869,36.36370000458555,18717.291499997373,4178.213387863114
1781266529,100,,Aggregated,48.300000,0.000000,54,59,67,79,140,240,540,6500,17000,18000,19000,16671,0,54,199.40428576566623,36.36370000458555,18717.291499997373,4177.612680703017
1781266530,100,,Aggregated,48.600000,0.000000,54,59,67,79,140,240,540,6400,17000,18000,19000,16720,0,54,199.00071160283827,36.36370000458555,18717.291499997373,4178.102093301435
1781266531,100,,Aggregated,49.000000,0.000000,54,59,67,79,140,240,540,6400,17000,18000,19000,16773,0,54,198.53615792639886,36.36370000458555,18717.291499997373,4177.247838788529
1781266532,100,,Aggregated,48.500000,0.000000,54,59,67,79,140,240,540,6200,17000,18000,19000,16818,0,54,198.17686188009583,36.36370000458555,18717.291499997373,4176.5652277321915
1781266533,100,,Aggregated,48.500000,0.000000,54,59,67,79,140,240,530,6200,17000,18000,19000,16867,0,54,197.77172077426064,36.36370000458555,18717.291499997373,4173.538151419933
1781266534,100,,Aggregated,47.900000,0.000000,54,59,67,78,140,240,530,6000,17000,18000,19000,16920,0,54,197.31803912526237,36.36370000458555,18717.291499997373,4175.299113475177
1781266535,100,,Aggregated,48.300000,0.000000,54,59,67,78,140,240,530,6000,17000,18000,19000,16962,0,54,196.9616805211307,36.36370000458555,18717.291499997373,4175.675922650631
1781266536,100,,Aggregated,48.400000,0.000000,54,59,67,78,140,240,530,5900,17000,18000,19000,17017,0,54,196.4939519656483,36.36370000458555,18717.291499997373,4175.584885702533
1781266537,100,,Aggregated,48.700000,0.000000,54,59,67,78,140,240,530,5900,17000,18000,19000,17065,0,54,196.08936924110392,36.36370000458555,18717.291499997373,4177.309405215353
1781266538,100,,Aggregated,47.900000,0.000000,54,59,67,78,130,240,530,5800,17000,18000,19000,17112,0,54,195.69064894222944,36.36370000458555,18717.291499997373,4177.122428705003
1781266539,100,,Aggregated,48.400000,0.000000,54,59,66,77,130,240,520,5800,17000,18000,19000,17162,0,54,195.28135823327503,36.36370000458555,18717.291499997373,4176.8423260692225
1781266540,100,,Aggregated,49.000000,0.000000,54,59,66,77,130,240,520,5500,17000,18000,19000,17215,0,54,194.8615967237576,36.36370000458555,18717.291499997373,4176.182747603834
1781266541,100,,Aggregated,48.600000,0.000000,54,59,66,77,130,240,520,5500,17000,18000,19000,17268,0,54,194.44502820821802,36.36370000458555,18717.291499997373,4177.017546907575
1781266542,100,,Aggregated,48.800000,0.000000,54,59,66,77,130,240,520,5500,17000,18000,19000,17310,0,54,194.12606865392848,36.36370000458555,18717.291499997373,4176.930444829578
1781266543,100,,Aggregated,49.200000,0.000000,54,59,66,77,130,240,520,5500,17000,18000,19000,17367,0,54,193.6960990153443,36.36370000458555,18717.291499997373,4177.58559336673
1781266544,100,,Aggregated,49.200000,0.000000,54,59,66,77,130,230,510,5500,17000,18000,19000,17415,0,54,193.30899821989587,36.36370000458555,18717.291499997373,4177.302440424921
1781266545,100,,Aggregated,48.500000,0.000000,54,59,66,77,130,230,510,5500,17000,18000,19000,17456,0,54,193.00416594291187,36.36370000458555,18717.291499997373,4178.115834097159
1781266546,100,,Aggregated,49.600000,0.000000,54,59,66,77,130,230,510,5400,17000,18000,19000,17517,0,54,192.52082799563397,36.36370000458555,18717.291499997373,4177.5511788548265
1781266547,100,,Aggregated,48.800000,0.000000,54,59,66,77,130,230,510,5400,17000,18000,19000,17563,0,54,192.15832963044704,36.36370000458555,18717.291499997373,4176.798269088425
1781266548,100,,Aggregated,49.900000,0.000000,54,59,66,77,130,230,510,5200,17000,18000,19000,17611,0,54,191.7835878371206,36.36370000458555,18717.291499997373,4176.731247515757
1781266549,100,,Aggregated,49.400000,0.000000,54,59,66,76,130,230,510,5200,17000,18000,19000,17660,0,54,191.40047002262233,36.36370000458555,18717.291499997373,4177.523046432616
1781266550,100,,Aggregated,48.700000,0.000000,54,59,66,76,130,230,510,5000,17000,18000,19000,17713,0,54,191.07605595322576,36.36370000458555,18717.291499997373,4178.945689606504
1781266551,100,,Aggregated,50.400000,0.000000,54,59,66,77,130,230,510,5000,17000,18000,19000,17769,0,54,190.73289598736446,36.36370000458555,18717.291499997373,4177.766672294445
1781266552,100,,Aggregated,49.500000,0.000000,54,59,66,77,130,230,510,4900,17000,18000,19000,17817,0,54,190.38319511699402,36.36370000458555,18717.291499997373,4177.824886344502
1781266553,100,,Aggregated,48.400000,0.000000,54,59,66,76,130,230,510,4900,17000,18000,19000,17870,0,54,189.97704618351884,36.36370000458555,18717.291499997373,4180.822887520985
1781266554,100,,Aggregated,49.000000,0.000000,54,59,66,76,130,230,510,4900,17000,18000,19000,17909,0,54,189.68595073423958,36.36370000458555,18717.291499997373,4181.287453235803
1781266555,100,,Aggregated,49.900000,0.000000,54,59,66,76,130,230,500,4900,17000,18000,19000,17963,0,54,189.2755350386631,36.36370000458555,18717.291499997373,4180.950119690475
1781266556,100,,Aggregated,48.800000,0.000000,54,59,66,76,130,230,500,4800,16000,18000,19000,18012,0,54,188.9090618143181,36.36370000458555,18717.291499997373,4180.6722185209865
1781266557,100,,Aggregated,48.900000,0.000000,54,59,66,76,130,230,500,4800,16000,18000,19000,18059,0,54,188.55802958079119,36.36370000458555,18717.291499997373,4180.107204164129
1781266558,100,,Aggregated,48.800000,0.000000,54,59,66,76,130,230,500,4800,16000,18000,19000,18114,0,54,188.14612197192852,36.36370000458555,18717.291499997373,4179.668046814619
1781266559,100,,Aggregated,48.900000,0.000000,54,59,66,76,130,230,500,4800,16000,18000,19000,18159,0,54,187.81081343683596,36.36370000458555,18717.291499997373,4181.208051104136
1781266560,100,,Aggregated,48.800000,0.000000,54,59,66,76,130,230,500,4700,16000,18000,19000,18203,0,54,187.56350294454185,36.36370000458555,18717.291499997373,4182.504092731967
1781266561,100,,Aggregated,48.200000,0.000000,54,59,66,76,130,230,500,4700,16000,18000,19000,18257,0,54,187.367126871859,36.36370000458555,18717.291499997373,4180.705318507969
1781266562,100,,Aggregated,48.600000,0.000000,54,59,66,77,130,230,500,4700,16000,18000,19000,18300,0,54,187.13864762839071,36.36370000458555,18717.291499997373,4179.952786885246
1781266563,100,,Aggregated,47.300000,0.000000,54,59,66,77,130,230,500,4400,16000,18000,19000,18348,0,54,186.80825394045792,36.36370000458555,18717.291499997373,4178.79501853063
1781266564,100,,Aggregated,49.000000,0.000000,54,59,66,77,130,230,490,4400,16000,18000,19000,18397,0,54,186.4528385714818,36.36370000458555,18717.291499997373,4178.734956786432
1781266565,100,,Aggregated,47.700000,0.000000,54,59,66,76,130,230,490,3900,16000,18000,19000,18450,0,54,186.08100776149476,36.36370000458555,18717.291499997373,4181.068943089431
1781266566,100,,Aggregated,47.800000,0.000000,54,59,66,76,130,230,490,3900,16000,18000,19000,18494,0,54,185.76899351679123,36.36370000458555,18717.291499997373,4179.773223748242
1781266567,100,,Aggregated,48.200000,0.000000,54,59,66,76,130,230,490,3900,16000,18000,19000,18548,0,54,185.39208788546165,36.36370000458555,18717.291499997373,4179.17807849903
1781266568,100,,Aggregated,48.400000,0.000000,54,59,66,76,130,230,480,3600,16000,18000,19000,18602,0,54,185.012814729576,36.36370000458555,18717.291499997373,4178.373454467262
1781266569,100,,Aggregated,48.200000,0.000000,54,59,66,76,130,230,480,3600,16000,18000,19000,18648,0,54,184.69423967715346,36.36370000458555,18717.291499997373,4177.580491205491
1781266570,100,,Aggregated,48.400000,0.000000,54,59,66,76,130,230,480,3600,16000,18000,19000,18692,0,54,184.39330285681245,36.36370000458555,18717.291499997373,4176.5007489835225
1781266571,100,,Aggregated,48.800000,0.000000,54,59,66,76,130,220,480,3500,16000,18000,19000,18744,0,54,184.04662656314352,36.36370000458555,18717.291499997373,4175.2640311566365
1781266572,100,,Aggregated,47.800000,0.000000,54,59,66,76,130,220,480,3500,16000,18000,19000,18791,0,54,183.73638373687243,36.36370000458555,18717.291499997373,4176.030599755202
1781266573,100,,Aggregated,50.400000,0.000000,54,59,66,75,130,220,480,3500,16000,18000,19000,18843,0,54,183.37693234089974,36.36370000458555,18717.291499997373,4175.677439898105
1781266574,100,,Aggregated,48.400000,0.000000,54,59,66,75,130,220,470,3500,16000,18000,19000,18894,0,54,183.03999869268335,36.36370000458555,18717.291499997373,4176.906372393352
1781266575,100,,Aggregated,49.100000,0.000000,54,59,66,75,130,220,470,3500,16000,18000,19000,18946,0,54,182.69243929586852,36.36370000458555,18717.291499997373,4177.902512403673
1781266576,100,,Aggregated,48.700000,0.000000,54,59,66,75,130,220,470,3500,16000,18000,19000,18995,0,54,182.3592579468034,36.36370000458555,18717.291499997373,4178.321453013951
1781266577,100,,Aggregated,49.700000,0.000000,54,59,66,75,130,220,470,3400,16000,18000,19000,19048,0,54,182.00526001677372,36.36370000458555,18717.291499997373,4178.19860352793
1781266578,100,,Aggregated,49.000000,0.000000,54,59,66,75,130,220,470,3400,16000,18000,19000,19094,0,54,181.70464478367623,36.36370000458555,18717.291499997373,4177.649418665549
1781266579,100,,Aggregated,50.300000,0.000000,54,59,65,75,130,220,470,3200,16000,18000,19000,19147,0,54,181.35495387264365,36.36370000458555,18717.291499997373,4180.113699274038
1781266580,100,,Aggregated,48.900000,0.000000,54,59,65,75,130,220,470,3200,16000,18000,19000,19189,0,54,181.0786676689503,36.36370000458555,18717.291499997373,4179.399447600187
1781266581,100,,Aggregated,48.100000,0.000000,54,59,65,75,130,220,460,3100,16000,18000,19000,19241,0,54,180.72949382565832,36.36370000458555,18717.291499997373,4179.9463645340675
1781266582,100,,Aggregated,49.800000,0.000000,54,59,65,74,130,220,460,3100,16000,18000,19000,19289,0,54,180.42239357143782,36.36370000458555,18717.291499997373,4180.294105448701
1781266583,100,,Aggregated,48.300000,0.000000,54,59,65,74,130,220,460,3100,16000,18000,19000,19332,0,54,180.14248583692697,36.36370000458555,18717.291499997373,4178.508121249742
1781266584,100,,Aggregated,48.700000,0.000000,54,59,65,74,120,220,460,3100,16000,18000,19000,19379,0,54,179.8344653181006,36.36370000458555,18717.291499997373,4178.535889364776
1781266585,100,,Aggregated,48.800000,0.000000,54,59,65,74,120,220,460,3000,16000,18000,19000,19431,0,54,179.49420462660083,36.36370000458555,18717.291499997373,4175.444341516134
1781266586,100,,Aggregated,48.700000,0.000000,54,59,65,74,120,220,460,3000,16000,18000,19000,19477,0,54,179.19941096162148,36.36370000458555,18717.291499997373,4175.703650459516
1781266587,100,,Aggregated,47.000000,0.000000,54,59,65,74,120,220,450,3000,16000,18000,19000,19528,0,54,178.8732779444654,36.36370000458555,18717.291499997373,4174.479721425645
1781266588,100,,Aggregated,47.900000,0.000000,54,59,65,74,120,220,450,3000,16000,18000,19000,19580,0,54,178.53937230845392,36.36370000458555,18717.291499997373,4174.940858018386
1781266589,100,,Aggregated,46.800000,0.000000,54,59,65,74,120,220,450,3000,16000,18000,19000,19631,0,54,178.2133458763949,36.36370000458555,18717.291499997373,4174.881004533646
1781266590,100,,Aggregated,48.400000,0.000000,54,59,65,74,120,220,450,3000,16000,18000,19000,19680,0,54,177.90990289123621,36.36370000458555,18717.291499997373,4173.561178861789
1781266591,100,,Aggregated,48.400000,0.000000,54,59,65,73,120,220,450,2900,16000,18000,19000,19725,0,54,177.62693184281488,35.78920000290964,18717.291499997373,4173.069809885931
1781266592,100,,Aggregated,47.400000,0.000000,54,59,65,73,120,220,450,2900,16000,18000,19000,19780,0,54,177.28713739633682,35.78920000290964,18717.291499997373,4173.214509605662
1781266593,100,,Aggregated,48.800000,0.000000,54,59,65,73,120,220,450,2900,16000,18000,19000,19825,0,54,177.01201852708908,35.78920000290964,18717.291499997373,4173.285346784363
1781266594,100,,Aggregated,48.400000,0.000000,54,59,65,73,120,220,440,2900,16000,18000,19000,19878,0,54,176.68686903609867,35.78920000290964,18717.291499997373,4171.924439078378
1781266595,100,,Aggregated,48.600000,0.000000,54,59,65,73,120,220,440,2700,16000,18000,19000,19926,0,54,176.39300867708582,35.78920000290964,18717.291499997373,4172.5
1781266596,100,,Aggregated,48.900000,0.000000,54,59,65,73,120,220,440,2700,16000,18000,19000,19977,0,54,176.07881281972323,35.78920000290964,18717.291499997373,4173.108674976223
1781266597,100,,Aggregated,50.400000,0.000000,54,59,65,73,120,220,440,2600,16000,18000,19000,20020,0,54,175.81878210287738,35.78920000290964,18717.291499997373,4172.187812187813
1781266598,100,,Aggregated,49.000000,0.000000,54,59,65,73,120,220,440,2600,16000,18000,19000,20070,0,54,175.5183097508518,35.78920000290964,18717.291499997373,4172.3600398604885
1781266599,100,,Aggregated,50.000000,0.000000,54,59,65,73,120,210,440,2600,16000,18000,19000,20124,0,54,175.19546968294563,35.78920000290964,18717.291499997373,4170.873683164381
1781266600,100,,Aggregated,48.800000,0.000000,54,59,65,73,120,210,440,2600,16000,18000,19000,20173,0,54,174.91184098545645,35.78920000290964,18717.291499997373,4172.94566995489
1781266601,100,,Aggregated,48.800000,0.000000,54,59,65,72,120,210,440,2600,16000,18000,19000,20213,0,54,174.67775633501236,35.78920000290964,18717.291499997373,4173.7314104784045
1781266602,100,,Aggregated,50.000000,0.000000,54,59,65,72,120,210,440,2600,16000,18000,19000,20270,0,54,174.353217405012,35.78920000290964,18717.291499997373,4175.46827824371
1781266603,100,,Aggregated,48.700000,0.000000,54,59,65,72,120,210,430,2600,16000,18000,19000,20311,0,54,174.122638191109,35.78920000290964,18717.291499997373,4173.818965092807
1781266604,100,,Aggregated,48.700000,0.000000,54,59,64,72,120,210,440,2600,16000,18000,19000,20347,0,54,174.1120993020891,35.78920000290964,18717.291499997373,4174.431758981668
1781266605,100,,Aggregated,48.600000,0.000000,54,59,64,72,120,210,440,2600,16000,18000,19000,20381,0,54,173.96094840290374,35.78920000290964,18717.291499997373,4174.265884892792
1781266607,100,,Aggregated,47.900000,0.000000,54,59,64,72,120,210,440,2500,16000,18000,19000,20410,0,54,173.84019885348425,35.78920000290964,18717.291499997373,4174.950416462519
1781266608,100,,Aggregated,44.900000,0.000000,54,59,64,72,120,210,440,2500,16000,18000,19000,20438,0,54,173.67825409529416,35.78920000290964,18717.291499997373,4174.391036304923
1781266609,100,,Aggregated,42.400000,0.000000,54,59,64,72,120,210,440,2600,16000,18000,19000,20460,0,54,173.98529069890762,35.78920000290964,18717.291499997373,4173.0766862170085
1781266610,100,,Aggregated,42.400000,0.000000,54,59,64,72,120,210,450,2600,16000,18000,19000,20481,0,54,173.9416270885036,35.78920000290964,18717.291499997373,4173.084077925882
1781266611,100,,Aggregated,40.900000,0.000000,54,59,64,72,120,210,440,2500,16000,18000,19000,20501,0,54,173.82646527484783,35.78920000290964,18717.291499997373,4173.39656602117
1781266612,100,,Aggregated,38.200000,0.000000,54,59,64,72,120,210,440,2500,16000,18000,19000,20518,0,54,173.7285691441486,35.78920000290964,18717.291499997373,4174.775367969588
1781266613,100,,Aggregated,32.600000,0.000000,54,59,64,72,120,210,440,2500,16000,18000,19000,20529,0,54,173.67271093573208,35.78920000290964,18717.291499997373,4174.934823907643
1781266614,100,,Aggregated,32.600000,0.000000,54,59,64,72,120,210,440,2500,16000,18000,19000,20543,0,54,173.64197775396164,35.78920000290964,18717.291499997373,4174.640266757533
1781266615,100,,Aggregated,29.700000,0.000000,54,59,64,72,120,210,440,2500,16000,18000,19000,20554,0,54,173.59803323925428,35.78920000290964,18717.291499997373,4174.288897538192
1781266616,100,,Aggregated,23.200000,0.000000,54,59,64,72,120,220,460,3000,16000,18000,19000,20576,0,54,179.10059657365963,35.78920000290964,18717.291499997373,4174.673940513219
1781266617,100,,Aggregated,20.700000,0.000000,54,59,65,72,120,220,470,3600,16000,18000,19000,20592,0,54,183.77331179096888,35.78920000290964,18717.291499997373,4174.777243589743
1781266618,100,,Aggregated,18.700000,0.000000,54,59,65,73,120,220,500,6000,16000,18000,19000,20621,0,54,191.60800879198987,35.78920000290964,18717.291499997373,4173.691625042433
1781266619,100,,Aggregated,18.100000,0.000000,54,59,65,73,120,220,510,7200,16000,18000,19000,20650,0,54,195.25921136075704,35.78920000290964,18717.291499997373,4173.004261501211
1781266620,100,,Aggregated,18.000000,0.000000,54,59,65,73,120,220,530,7500,16000,18000,19000,20694,0,54,199.77011267032267,35.78920000290964,18717.291499997373,4170.939499371799
1781266621,100,,Aggregated,19.000000,0.000000,54,59,65,73,120,220,540,7400,16000,18000,19000,20733,0,54,200.09213172718245,35.78920000290964,18717.291499997373,4171.828341291661
1781266622,100,,Aggregated,20.700000,0.000000,54,59,65,73,120,220,540,7400,16000,18000,19000,20761,0,54,199.96935363420292,35.78920000290964,18717.291499997373,4170.871971484996
1781266623,100,,Aggregated,22.700000,0.000000,54,59,65,73,120,230,540,7400,16000,18000,19000,20798,0,54,199.84017382439177,35.78920000290964,18717.291499997373,4169.826810270219
1781266624,100,,Aggregated,24.000000,0.000000,54,59,65,73,130,230,580,7900,17000,19000,21000,20855,0,54,209.94345616397706,35.78920000290964,20626.988899995922,4170.6555742028295
1781266625,100,,Aggregated,26.400000,0.000000,54,59,65,73,130,230,600,8200,17000,20000,21000,20899,0,54,213.9733989042416,35.78920000290964,21237.38500000036,4173.394085841428
1781266626,100,,Aggregated,29.700000,0.000000,54,59,65,73,130,230,590,8200,17000,20000,21000,20945,0,54,213.71678808306345,35.78920000290964,21237.38500000036,4172.077631893053
1781266627,100,,Aggregated,33.800000,0.000000,54,59,65,74,130,230,590,8200,17000,20000,21000,20995,0,54,213.47735539413057,35.78920000290964,21237.38500000036,4171.599095022624
1781266628,100,,Aggregated,36.600000,0.000000,54,59,65,74,130,230,590,8100,17000,20000,21000,21035,0,54,213.27557019252504,35.78920000290964,21237.38500000036,4171.6947943903015
1781266629,100,,Aggregated,38.500000,0.000000,54,59,65,74,130,230,590,8100,17000,20000,21000,21085,0,54,213.04924581454904,35.78920000290964,21237.38500000036,4171.397960635523
1781266630,100,,Aggregated,41.200000,0.000000,54,59,65,74,130,230,580,8100,17000,20000,21000,21125,0,54,212.90101526152947,35.78920000290964,21237.38500000036,4171.098840236687
1781266631,100,,Aggregated,42.200000,0.000000,54,59,65,75,130,230,580,8100,17000,20000,21000,21183,0,54,212.6040499079367,35.78920000290964,21237.38500000036,4169.666949912666
1781266632,100,,Aggregated,43.000000,0.000000,54,59,65,75,130,230,580,8000,17000,20000,21000,21228,0,54,212.32114880816965,35.78920000290964,21237.38500000036,4171.265262860373
1781266633,100,,Aggregated,43.400000,0.000000,54,59,65,75,130,230,580,8000,17000,20000,21000,21275,0,54,212.01458078495165,35.78920000290964,21237.38500000036,4170.49419506463
1781266634,100,,Aggregated,46.300000,0.000000,54,59,66,75,130,230,580,7900,17000,20000,21000,21330,0,54,211.66302693857628,35.78920000290964,21237.38500000036,4170.458321612752
1781266635,100,,Aggregated,46.800000,0.000000,54,59,66,75,130,230,580,7900,17000,20000,21000,21368,0,54,211.43160430081522,35.78920000290964,21237.38500000036,4169.577967053538
1781266636,100,,Aggregated,47.900000,0.000000,54,59,66,75,130,230,580,7900,17000,20000,21000,21417,0,54,211.14170661156197,35.78920000290964,21237.38500000036,4169.200961852734
1781266637,100,,Aggregated,46.800000,0.000000,54,59,66,75,130,230,570,7900,17000,20000,21000,21474,0,54,210.78547858339465,35.78920000290964,21237.38500000036,4169.389494272143
1781266638,100,,Aggregated,47.300000,0.000000,54,59,66,75,130,230,570,7900,17000,20000,21000,21519,0,54,210.49529727217035,35.78920000290964,21237.38500000036,4169.104791114829
1781266639,100,,Aggregated,47.800000,0.000000,54,59,66,75,130,230,570,7900,17000,20000,21000,21568,0,54,210.25223501946567,35.78920000290964,21237.38500000036,4167.733447700297
1781266640,100,,Aggregated,47.800000,0.000000,54,59,66,75,130,230,570,7800,17000,20000,21000,21615,0,54,209.98096506129266,35.78920000290964,21237.38500000036,4167.125838538052
1781266641,100,,Aggregated,48.000000,0.000000,54,59,66,75,130,230,570,7800,17000,20000,21000,21667,0,54,209.66196955276956,35.78920000290964,21237.38500000036,4166.604652236119
1781266642,100,,Aggregated,47.900000,0.000000,54,59,66,75,130,230,570,7800,17000,20000,21000,21712,0,54,209.38287657516017,35.78920000290964,21237.38500000036,4167.043892778187
1781266643,100,,Aggregated,48.700000,0.000000,54,59,66,75,130,230,570,7800,17000,20000,21000,21767,0,54,209.04463254007814,35.78920000290964,21237.38500000036,4165.312353562733
1781266644,100,,Aggregated,48.000000,0.000000,54,59,66,75,130,230,560,7800,17000,20000,21000,21814,0,54,208.732062826618,35.78920000290964,21237.38500000036,4165.408957550198
1781266645,100,,Aggregated,48.900000,0.000000,54,59,66,75,130,230,560,7800,17000,20000,21000,21862,0,54,208.44052279296736,35.78920000290964,21237.38500000036,4166.085902479188
1781266646,100,,Aggregated,48.000000,0.000000,54,59,66,75,130,230,560,7700,17000,20000,21000,21915,0,54,208.12136229978788,35.78920000290964,21237.38500000036,4166.664248231805
1781266647,100,,Aggregated,48.500000,0.000000,54,59,66,75,130,230,560,7700,17000,20000,21000,21966,0,54,207.78644094509255,35.78920000290964,21237.38500000036,4165.374442319949
1781266648,100,,Aggregated,48.500000,0.000000,54,59,66,75,130,230,560,7700,17000,20000,21000,22011,0,54,207.50646940620044,35.78920000290964,21237.38500000036,4166.247058289037
1781266649,100,,Aggregated,48.700000,0.000000,54,59,66,75,130,230,560,7700,17000,20000,21000,22059,0,54,207.1744070583392,35.78920000290964,21237.38500000036,4164.740423409946
1781266650,100,,Aggregated,48.800000,0.000000,54,59,66,75,130,230,560,7700,17000,20000,21000,22108,0,54,206.84666551926583,35.78920000290964,21237.38500000036,4164.89691514384
1781266651,100,,Aggregated,49.400000,0.000000,54,59,66,75,130,230,560,7700,17000,20000,21000,22157,0,54,206.51354007311107,35.78920000290964,21237.38500000036,4165.549126686826
1781266652,100,,Aggregated,48.900000,0.000000,54,59,66,75,130,230,550,7700,17000,20000,21000,22204,0,54,206.20928078724035,35.78920000290964,21237.38500000036,4165.239461358314
1781266653,100,,Aggregated,48.900000,0.000000,54,59,66,75,130,230,550,7700,17000,20000,21000,22251,0,54,205.93133562985452,35.78920000290964,21237.38500000036,4166.694665408296
1781266654,100,,Aggregated,48.000000,0.000000,54,59,66,75,130,230,550,7700,17000,20000,21000,22298,0,54,205.65412674230436,35.78920000290964,21237.38500000036,4166.000672706073
1781266655,100,,Aggregated,48.600000,0.000000,54,59,66,75,130,230,550,7600,17000,20000,21000,22346,0,54,205.3297653136992,35.78920000290964,21237.38500000036,4164.838360332946
1781266656,100,,Aggregated,47.800000,0.000000,54,59,66,75,130,230,540,7600,17000,20000,21000,22399,0,54,204.98857878030094,35.78920000290964,21237.38500000036,4163.0926380641995
1781266657,100,,Aggregated,47.900000,0.000000,54,59,66,75,130,230,540,7600,17000,20000,21000,22451,0,54,204.67535168143692,35.78920000290964,21237.38500000036,4163.128591154069
1781266658,100,,Aggregated,48.500000,0.000000,54,59,66,75,130,230,540,7500,17000,20000,21000,22507,0,54,204.30688258319447,35.78920000290964,21237.38500000036,4162.855333896121
1781266659,100,,Aggregated,48.200000,0.000000,54,59,66,75,130,230,540,7500,17000,20000,21000,22551,0,54,204.0251289166762,35.78920000290964,21237.38500000036,4163.764445035697
1781266660,100,,Aggregated,47.300000,0.000000,54,59,66,75,130,230,540,7500,17000,20000,21000,22597,0,54,203.73898765765273,35.78920000290964,21237.38500000036,4165.3365933531
1781266661,100,,Aggregated,48.400000,0.000000,54,59,66,75,130,230,540,7400,17000,20000,21000,22650,0,54,203.3941242869753,35.78920000290964,21237.38500000036,4166.011390728477
1781266662,100,,Aggregated,48.400000,0.000000,54,59,65,75,130,230,540,7400,17000,20000,21000,22693,0,54,203.13079925968245,35.78920000290964,21237.38500000036,4166.586083814392
1781266663,100,,Aggregated,47.900000,0.000000,54,59,66,75,130,220,540,7400,17000,20000,21000,22741,0,54,202.847012725913,35.78920000290964,21237.38500000036,4165.925508992568
1781266664,100,,Aggregated,48.400000,0.000000,54,59,66,75,130,220,540,7400,17000,20000,21000,22794,0,54,202.53415779591091,35.78920000290964,21237.38500000036,4165.575326840397
1781266665,100,,Aggregated,47.800000,0.000000,54,59,65,74,130,220,540,7400,17000,20000,21000,22841,0,54,202.23148617836438,35.78920000290964,21237.38500000036,4166.14968696642
1781266666,100,,Aggregated,48.700000,0.000000,54,59,65,74,130,220,530,7400,17000,20000,21000,22894,0,54,201.90005437669424,35.78920000290964,21237.38500000036,4167.852581462392
1781266667,100,,Aggregated,48.400000,0.000000,54,59,65,74,130,220,530,7300,17000,20000,21000,22943,0,54,201.59482581615418,35.78920000290964,21237.38500000036,4167.995859303492
1781266668,100,,Aggregated,48.000000,0.000000,54,59,65,74,130,220,530,7300,17000,20000,21000,22995,0,54,201.26660668841143,35.78920000290964,21237.38500000036,4165.972472276582
1781266669,100,,Aggregated,48.800000,0.000000,54,59,65,74,130,220,530,7300,17000,20000,21000,23043,0,54,200.9654817818853,35.78920000290964,21237.38500000036,4166.602829492687
1781266670,100,,Aggregated,48.900000,0.000000,54,59,65,74,130,220,530,7300,17000,20000,21000,23091,0,54,200.66215080334305,35.78920000290964,21237.38500000036,4168.387813433806
1781266671,100,,Aggregated,47.400000,0.000000,54,59,65,74,130,220,530,7200,17000,20000,21000,23146,0,54,200.3247058887066,35.78920000290964,21237.38500000036,4168.640585846367
1781266672,100,,Aggregated,48.900000,0.000000,54,59,65,74,130,220,520,7200,17000,20000,21000,23192,0,54,200.0472841453943,35.78920000290964,21237.38500000036,4167.965850293204
1781266673,100,,Aggregated,48.300000,0.000000,54,59,65,74,130,220,520,7200,17000,20000,21000,23243,0,54,199.73800642343838,35.78920000290964,21237.38500000036,4168.769866196274
1781266674,100,,Aggregated,49.300000,0.000000,54,59,65,74,120,220,520,7200,17000,20000,21000,23282,0,54,199.50042608023264,35.78920000290964,21237.38500000036,4169.298342066832
1781266675,100,,Aggregated,49.300000,0.000000,54,59,65,74,120,220,520,7000,17000,20000,21000,23339,0,54,199.1477855820713,35.78920000290964,21237.38500000036,4167.129868460517
1781266676,100,,Aggregated,49.100000,0.000000,54,59,65,74,120,220,520,7000,17000,20000,21000,23385,0,54,198.86152144964473,35.78920000290964,21237.38500000036,4167.814410947189
1781266677,100,,Aggregated,49.300000,0.000000,54,59,65,74,120,220,520,7000,17000,20000,21000,23449,0,54,198.4628684549436,35.78920000290964,21237.38500000036,4165.955477845537
1781266678,100,,Aggregated,49.200000,0.000000,54,59,65,74,120,220,510,7000,17000,20000,21000,23486,0,54,198.23764647023725,35.78920000290964,21237.38500000036,4166.846674614664
1781266679,100,,Aggregated,48.300000,0.000000,54,59,65,74,120,220,510,7000,17000,20000,21000,23535,0,54,197.94871019332788,35.78920000290964,21237.38500000036,4165.450945400467
1781266680,100,,Aggregated,49.900000,0.000000,54,59,65,74,120,220,510,7000,17000,20000,21000,23583,0,54,197.67736469066563,35.78920000290964,21237.38500000036,4163.60798032481
1781266681,100,,Aggregated,49.300000,0.000000,54,59,65,74,120,220,510,6900,17000,20000,21000,23622,0,54,197.46799053848028,35.78920000290964,21237.38500000036,4163.270849208365
1781266682,100,,Aggregated,48.500000,0.000000,54,59,65,74,120,220,510,6900,17000,20000,21000,23676,0,54,197.2842496198671,35.78920000290964,21237.38500000036,4164.178619699273
1781266683,100,,Aggregated,48.900000,0.000000,54,59,65,74,120,220,510,6700,17000,20000,21000,23729,0,54,196.98171559694754,35.78920000290964,21237.38500000036,4166.582999705002
1781266684,100,,Aggregated,47.700000,0.000000,54,59,65,74,120,220,510,6700,17000,20000,21000,23779,0,54,196.6834870305713,35.78920000290964,21237.38500000036,4166.658311955927
1781266685,100,,Aggregated,48.100000,0.000000,54,59,65,74,120,220,510,6600,17000,20000,21000,23825,0,54,196.40753626862238,35.78920000290964,21237.38500000036,4166.816998950682
1781266686,100,,Aggregated,48.400000,0.000000,54,59,65,73,120,220,510,6600,17000,20000,21000,23875,0,54,196.109604163349,35.78920000290964,21237.38500000036,4166.182366492147
1781266687,100,,Aggregated,48.100000,0.000000,54,59,65,73,120,220,510,6600,17000,20000,21000,23926,0,54,195.81409668979262,35.78920000290964,21237.38500000036,4165.970701329098
1781266688,100,,Aggregated,48.400000,0.000000,54,59,65,73,120,220,510,6600,17000,20000,21000,23975,0,54,195.539510160583,35.78920000290964,21237.38500000036,4166.583482794577
1781266689,100,,Aggregated,48.700000,0.000000,54,59,65,73,120,220,510,6600,17000,20000,21000,24020,0,54,195.2827683180661,35.78920000290964,21237.38500000036,4166.147585345545
1781266690,100,,Aggregated,47.800000,0.000000,54,59,65,73,120,220,500,6600,17000,20000,21000,24075,0,54,194.9881448141206,35.78920000290964,21237.38500000036,4168.184880581516
1781266691,100,,Aggregated,48.500000,0.000000,54,59,65,73,120,220,500,6500,17000,20000,21000,24116,0,54,194.75727305937824,35.78920000290964,21237.38500000036,4167.862746724167
1781266692,100,,Aggregated,47.900000,0.000000,54,59,65,73,120,220,500,6500,17000,20000,21000,24169,0,54,194.44399374818886,35.78920000290964,21237.38500000036,4168.608920518019
1781266693,100,,Aggregated,49.300000,0.000000,54,59,65,73,120,220,500,6400,17000,20000,21000,24217,0,54,194.2330970021058,35.78920000290964,21237.38500000036,4168.563694925053
1781266694,100,,Aggregated,48.600000,0.000000,54,59,65,73,120,220,500,6400,17000,20000,21000,24266,0,54,193.96244800132087,35.78920000290964,21237.38500000036,4168.843072611885
1781266695,100,,Aggregated,48.500000,0.000000,54,59,65,73,120,220,500,6200,17000,20000,21000,24304,0,54,193.79535751728181,35.78920000290964,21237.38500000036,4168.829122778144
1781266696,100,,Aggregated,48.200000,0.000000,54,59,65,74,120,220,500,6200,17000,20000,21000,24358,0,54,193.54756875359274,35.78920000290964,21237.38500000036,4168.334592331062
1781266697,100,,Aggregated,48.800000,0.000000,54,59,65,74,120,220,500,6100,17000,20000,21000,24403,0,54,193.34830844158557,35.78920000290964,21237.38500000036,4166.933081998115
1781266698,100,,Aggregated,47.300000,0.000000,54,59,65,74,120,220,500,6100,17000,20000,21000,24453,0,54,193.10456245041482,35.78920000290964,21237.38500000036,4166.6582832372305
1781266699,100,,Aggregated,48.100000,0.000000,54,59,65,74,120,220,500,6100,17000,20000,21000,24500,0,54,192.83408279999787,35.78920000290964,21237.38500000036,4165.436
1781266700,100,,Aggregated,47.500000,0.000000,54,59,65,74,120,210,490,6000,17000,20000,21000,24561,0,54,192.49456886934232,35.78920000290964,21237.38500000036,4164.787427222019
1781266701,100,,Aggregated,47.500000,0.000000,54,59,65,74,120,210,490,5900,17000,20000,21000,24606,0,54,192.2490210030036,35.78920000290964,21237.38500000036,4165.466999918719
1781266703,100,,Aggregated,48.000000,0.000000,54,59,65,74,120,210,490,5900,17000,20000,21000,24661,0,54,191.9638478001668,35.78920000290964,21237.38500000036,4166.202222132111
1781266704,100,,Aggregated,48.500000,0.000000,54,59,65,74,120,210,490,5800,17000,20000,21000,24707,0,54,191.71199952240116,35.78920000290964,21237.38500000036,4166.319747439997
1781266705,100,,Aggregated,48.900000,0.000000,54,59,65,74,120,210,480,5800,17000,20000,21000,24767,0,54,191.38591303346942,35.78920000290964,21237.38500000036,4166.223967375944
1781266706,100,,Aggregated,48.500000,0.000000,54,59,65,73,120,210,480,5700,17000,20000,21000,24813,0,54,191.1412303550532,35.78920000290964,21237.38500000036,4166.123161246121
1781266707,100,,Aggregated,49.500000,0.000000,54,59,65,73,120,210,480,5700,17000,20000,21000,24861,0,54,190.8724788785618,35.78920000290964,21237.38500000036,4165.62785085073
1781266708,100,,Aggregated,50.500000,0.000000,54,59,65,73,120,210,480,5500,17000,20000,21000,24913,0,54,190.58905947898353,35.78920000290964,21237.38500000036,4165.797334724843
1781266709,100,,Aggregated,49.500000,0.000000,54,59,65,73,120,210,480,5500,17000,20000,21000,24952,0,54,190.3821205314178,35.78920000290964,21237.38500000036,4165.625681308112
1781266710,100,,Aggregated,50.200000,0.000000,54,59,65,73,120,210,470,5500,16000,20000,21000,25011,0,54,190.05940878013342,35.78920000290964,21237.38500000036,4165.045499980009
1781266711,100,,Aggregated,49.500000,0.000000,54,59,65,73,120,210,470,5500,16000,20000,21000,25063,0,54,189.78663135697684,35.78920000290964,21237.38500000036,4163.436819215577
1781266712,100,,Aggregated,50.600000,0.000000,54,59,65,73,120,210,470,5500,16000,20000,21000,25110,0,54,189.5361070489804,35.78920000290964,21237.38500000036,4164.58418956591
1781266713,100,,Aggregated,49.800000,0.000000,54,59,65,73,120,210,470,5500,16000,20000,21000,25161,0,54,189.26101945073322,35.78920000290964,21237.38500000036,4164.69011565518
1781266714,100,,Aggregated,49.800000,0.000000,54,59,65,73,120,210,470,5400,16000,20000,21000,25208,0,54,189.01397160424855,35.78920000290964,21237.38500000036,4165.497976832751
1781266715,100,,Aggregated,49.700000,0.000000,54,59,65,73,120,210,470,5400,16000,20000,21000,25264,0,54,188.72418767019724,35.78920000290964,21237.38500000036,4166.881293540216
1781266716,100,,Aggregated,49.400000,0.000000,54,59,65,73,120,210,470,5200,16000,20000,21000,25302,0,54,188.53479235237904,35.78920000290964,21237.38500000036,4167.645798751087
1781266717,100,,Aggregated,49.100000,0.000000,54,59,65,73,120,210,470,5200,16000,20000,21000,25356,0,54,188.24984578403,35.78920000290964,21237.38500000036,4168.249368985645
1781266718,100,,Aggregated,48.400000,0.000000,54,59,65,73,120,210,470,5000,16000,20000,21000,25407,0,54,187.9926781674293,35.78920000290964,21237.38500000036,4166.330302672492
1781266719,100,,Aggregated,48.700000,0.000000,54,59,65,73,120,210,470,5000,16000,20000,21000,25450,0,54,187.7704092337888,35.78920000290964,21237.38500000036,4164.9241257367385
1781266720,100,,Aggregated,49.300000,0.000000,54,59,65,73,120,210,460,4900,16000,20000,21000,25505,0,54,187.50345295039756,35.78920000290964,21237.38500000036,4165.541148794354
1781266721,100,,Aggregated,49.400000,0.000000,54,59,65,73,120,210,460,4900,16000,20000,21000,25545,0,54,187.29868663534518,35.78920000290964,21237.38500000036,4165.552476022705
1781266722,100,,Aggregated,48.800000,0.000000,54,59,65,73,120,210,460,4900,16000,20000,21000,25602,0,54,187.00415559721463,35.78920000290964,21237.38500000036,4164.580423404422
1781266723,100,,Aggregated,47.800000,0.000000,54,59,65,72,120,210,460,4900,16000,20000,21000,25648,0,54,186.77462260604722,35.78920000290964,21237.38500000036,4164.115408608858
1781266724,100,,Aggregated,48.800000,0.000000,54,59,65,72,120,210,460,4800,16000,20000,21000,25702,0,54,186.496166426734,35.78920000290964,21237.38500000036,4162.9603143724225
1781266725,100,,Aggregated,47.600000,0.000000,54,59,65,72,120,210,460,4800,16000,20000,21000,25748,0,54,186.25939486173365,35.78920000290964,21237.38500000036,4162.209608513283
1781266726,100,,Aggregated,49.200000,0.000000,54,59,65,72,120,210,450,4800,16000,20000,21000,25808,0,54,185.95316870737423,35.78920000290964,21237.38500000036,4161.460361128332
1781266727,100,,Aggregated,48.200000,0.000000,54,59,65,72,120,210,450,4800,16000,20000,21000,25849,0,54,185.74568960501009,35.78920000290964,21237.38500000036,4161.612170683586
1781266728,100,,Aggregated,49.400000,0.000000,54,59,65,72,120,210,450,4700,16000,20000,21000,25903,0,54,185.47460335095985,35.78920000290964,21237.38500000036,4160.889047600664
1781266729,100,,Aggregated,49.400000,0.000000,54,59,65,72,120,210,450,4700,16000,20000,21000,25955,0,54,185.21409412059054,35.78920000290964,21237.38500000036,4159.796493931805
1781266730,100,,Aggregated,48.700000,0.000000,54,59,65,72,120,210,450,4700,16000,20000,21000,25999,0,54,184.99327069887,35.78920000290964,21237.38500000036,4159.402438555329
1781266731,100,,Aggregated,49.100000,0.000000,54,59,64,72,120,210,450,4400,16000,20000,21000,26051,0,54,184.7418134658903,35.78920000290964,21237.38500000036,4161.162220260258
1781266732,100,,Aggregated,48.600000,0.000000,54,59,64,72,120,210,450,4400,16000,20000,21000,26104,0,54,184.48537990345943,35.78920000290964,21237.38500000036,4159.9729543365
1781266733,100,,Aggregated,50.100000,0.000000,54,59,64,72,120,210,450,4400,16000,20000,21000,26157,0,54,184.22535501395043,35.78920000290964,21237.38500000036,4159.323469816875
1781266734,100,,Aggregated,49.700000,0.000000,54,59,64,72,120,210,450,4400,16000,20000,21000,26198,0,54,184.02473097946128,35.78920000290964,21237.38500000036,4160.784563707153
1781266735,100,,Aggregated,50.500000,0.000000,54,59,64,72,120,210,440,3900,16000,20000,21000,26255,0,54,183.74175554751173,35.78920000290964,21237.38500000036,4160.043648828794
1781266736,100,,Aggregated,49.500000,0.000000,54,59,64,72,120,210,440,3900,16000,20000,21000,26305,0,54,183.50333489830632,35.78920000290964,21237.38500000036,4160.44265348793
1781266737,100,,Aggregated,49.600000,0.000000,54,59,64,72,120,200,440,3900,16000,20000,21000,26344,0,54,183.31069222972712,35.78920000290964,21237.38500000036,4160.061835712117
1781266738,100,,Aggregated,49.900000,0.000000,54,59,64,72,120,200,440,3800,16000,20000,21000,26402,0,54,183.04081987727835,35.78920000290964,21237.38500000036,4159.816491174911
1781266739,100,,Aggregated,49.900000,0.000000,54,59,64,72,120,200,440,3800,16000,20000,21000,26449,0,54,182.8131471927085,35.78920000290964,21237.38500000036,4160.429619267269
1781266740,100,,Aggregated,49.200000,0.000000,54,59,64,71,120,200,440,3800,16000,20000,21000,26498,0,54,182.5790488867071,35.78920000290964,21237.38500000036,4160.285153596498
1781266741,100,,Aggregated,49.900000,0.000000,54,59,64,71,120,200,440,3600,16000,20000,21000,26548,0,54,182.34885267439904,35.78920000290964,21237.38500000036,4159.375169504294
1781266742,100,,Aggregated,50.100000,0.000000,54,59,64,71,120,200,440,3500,16000,20000,21000,26604,0,54,182.0931739475242,35.78920000290964,21237.38500000036,4158.46184784243
1781266743,100,,Aggregated,49.200000,0.000000,54,59,64,71,120,200,430,3500,16000,20000,21000,26652,0,54,181.86277174320546,35.78920000290964,21237.38500000036,4157.879858922407
1781266744,100,,Aggregated,48.800000,0.000000,54,59,64,71,120,200,430,3500,16000,20000,21000,26702,0,54,181.63859303048244,35.78920000290964,21237.38500000036,4158.326005542656
1781266745,100,,Aggregated,49.200000,0.000000,54,59,64,71,120,200,430,3500,16000,20000,21000,26760,0,54,181.3814733445419,35.78920000290964,21237.38500000036,4157.144319880418
1781266746,100,,Aggregated,49.000000,0.000000,54,59,64,71,120,200,430,3500,16000,20000,21000,26796,0,54,181.20905584042208,35.78920000290964,21237.38500000036,4156.465144051351
1781266747,100,,Aggregated,50.000000,0.000000,54,59,64,71,120,200,430,3500,16000,20000,21000,26855,0,54,180.9584521392644,35.78920000290964,21237.38500000036,4157.602941724073
1781266748,100,,Aggregated,49.700000,0.000000,54,59,64,71,110,200,430,3500,16000,20000,21000,26904,0,54,180.73750261670904,35.78920000290964,21237.38500000036,4157.488403211419
1781266749,100,,Aggregated,49.200000,0.000000,54,59,64,71,110,200,430,3500,16000,20000,21000,26944,0,54,180.54768646451592,35.78920000290964,21237.38500000036,4156.5773456057
1781266750,100,,Aggregated,50.000000,0.000000,54,59,64,71,110,200,430,3400,16000,20000,21000,27002,0,54,180.28121269535353,35.78920000290964,21237.38500000036,4155.270091104363
1781266751,100,,Aggregated,48.800000,0.000000,54,59,64,71,110,200,430,3400,16000,20000,21000,27041,0,54,180.10436422469357,35.78920000290964,21237.38500000036,4154.696128101771
1781266752,100,,Aggregated,49.600000,0.000000,54,59,64,71,110,200,430,3400,16000,20000,21000,27094,0,54,179.86003706355362,35.78920000290964,21237.38500000036,4156.914446002805
1781266753,100,,Aggregated,49.000000,0.000000,54,59,64,71,110,200,430,3400,16000,20000,21000,27146,0,54,179.62917651587443,35.78920000290964,21237.38500000036,4158.310690341118
1781266754,100,,Aggregated,49.200000,0.000000,54,59,64,71,110,200,430,3400,16000,20000,21000,27194,0,54,179.410646907404,35.78920000290964,21237.38500000036,4159.088438626168
1781266755,100,,Aggregated,49.000000,0.000000,54,59,64,71,110,200,420,3200,16000,20000,21000,27244,0,54,179.1829551754496,35.78920000290964,21237.38500000036,4158.672441638526
1781266756,100,,Aggregated,49.000000,0.000000,54,59,64,71,110,200,420,3200,16000,20000,21000,27293,0,54,178.9578636353635,35.78920000290964,21237.38500000036,4159.2875828967135
1781266757,100,,Aggregated,48.200000,0.000000,54,59,64,71,110,200,420,3100,16000,20000,21000,27340,0,54,178.74061874542608,35.78920000290964,21237.38500000036,4157.362874908559
