Timestamp,User Count,Type,Name,Requests/s,Failures/s,50%,66%,75%,80%,90%,95%,98%,99%,99.9%,99.99%,100%,Total Request Count,Total Failure Count,Total Median Response Time,Total Average Response Time,Total Min Response Time,Total Max Response Time,Total Average Content Size
1781269011,0,,Aggregated,0.000000,0.000000,N/A,N/A,N/A,N/A,N/A,N/A,N/A,N/A,N/A,N/A,N/A,0,0,0,0.0,0,0,0
1781269012,50,,Aggregated,0.000000,0.000000,320,340,350,430,510,520,530,530,530,530,530,50,0,320,308.89746600034414,117.63190000056056,525.1803999999538,3643.26
1781269013,100,,Aggregated,0.000000,0.000000,290,310,340,350,420,510,520,520,530,530,530,112,0,290,258.55149464288326,44.19220000272617,525.1803999999538,4096.946428571428
1781269014,200,,Aggregated,0.000000,0.000000,240,300,330,350,430,450,510,520,530,530,530,201,0,240,238.2003502488853,43.107099998451304,525.1803999999538,4168.6766169154225
1781269015,250,,Aggregated,30.000000,0.000000,230,300,330,370,440,500,560,580,710,710,710,330,0,230,240.9652966669069,43.107099998451304,706.954000001133,4177.90606060606
1781269016,300,,Aggregated,37.333333,0.000000,230,300,350,370,450,480,560,580,710,710,710,467,0,230,242.41660235573877,43.107099998451304,706.954000001133,4137.597430406852
1781269017,350,,Aggregated,51.500000,0.000000,250,320,370,390,480,580,690,860,960,960,960,576,0,250,267.4241548612347,43.107099998451304,963.0144999973709,4124.53125
1781269018,400,,Aggregated,68.400000,0.000000,270,350,390,450,590,770,960,1100,1500,1500,1500,679,0,270,309.1753430044894,43.107099998451304,1497.187599998142,4135.047128129602
1781269019,450,,Aggregated,80.666667,0.000000,290,380,470,580,880,1200,1400,1800,2000,2000,2000,797,0,290,391.9369456713343,43.107099998451304,1982.2805999938282,4135.5608531994985
1781269020,500,,Aggregated,84.285714,0.000000,320,430,580,730,1200,1600,2000,2200,2800,2800,2800,895,0,320,481.03905921794933,43.107099998451304,2794.7071000016876,4093.2581005586594
1781269021,500,,Aggregated,87.375000,0.000000,350,500,780,970,1700,2000,2500,2700,3200,3400,3400,1011,0,350,605.7990587537939,43.107099998451304,3366.5834000057657,4102.271018793274
1781269022,500,,Aggregated,90.111111,0.000000,380,690,1000,1300,2000,2500,3000,3500,4000,4700,4700,1112,0,380,743.6173418166109,43.107099998451304,4679.341700000805,4126.811151079137
1781269023,500,,Aggregated,89.500000,0.000000,450,910,1300,1700,2400,2900,3600,3800,4800,5300,5300,1228,0,450,893.5592667753092,43.107099998451304,5252.765599994746,4171.2557003257325
1781269024,500,,Aggregated,101.200000,0.000000,530,1000,1700,2000,2800,3400,4000,4500,5400,5400,5400,1372,0,530,1053.0950261662554,43.107099998451304,5412.777800003823,4144.142857142857
1781269026,500,,Aggregated,105.500000,0.000000,580,1200,1800,2100,2900,3600,4300,4700,6200,6300,6300,1488,0,580,1132.2188788979238,43.107099998451304,6255.4131999932,4099.606854838709
1781269027,500,,Aggregated,111.600000,0.000000,610,1400,2000,2200,3000,3700,4400,5000,6200,6300,6300,1598,0,610,1195.9599243430207,43.107099998451304,6255.4131999932,4129.7628285356695
1781269028,500,,Aggregated,116.600000,0.000000,690,1600,2000,2400,3200,3900,4600,5200,6300,6400,6400,1737,0,690,1278.5890431779758,43.107099998451304,6386.084600002505,4132.369602763385
1781269029,500,,Aggregated,114.600000,0.000000,760,1700,2100,2500,3200,4000,4700,5300,7000,7700,7700,1855,0,760,1333.3911581132868,43.107099998451304,7666.851899994072,4136.6177897574125
1781269030,500,,Aggregated,111.400000,0.000000,790,1800,2200,2500,3300,4000,4700,5300,7000,7700,7700,1970,0,790,1368.7194865990718,43.107099998451304,7666.851899994072,4141.734517766497
1781269031,500,,Aggregated,114.700000,0.000000,830,1800,2200,2600,3300,4000,4800,5300,6400,7700,7700,2104,0,830,1399.4302882605675,43.107099998451304,7666.851899994072,4186.366920152092
1781269032,500,,Aggregated,115.900000,0.000000,880,1800,2300,2600,3400,4100,4900,5300,7000,9000,9000,2220,0,880,1447.4856658559336,43.107099998451304,9005.983299997752,4157.572522522522
1781269033,500,,Aggregated,120.900000,0.000000,940,1900,2400,2700,3500,4200,5000,5400,7400,9000,9000,2348,0,940,1492.856870357817,43.107099998451304,9005.983299997752,4128.663117546848
1781269034,500,,Aggregated,120.700000,0.000000,980,1900,2400,2700,3500,4200,5000,5500,7400,9000,9000,2462,0,970,1517.8501736799797,43.107099998451304,9005.983299997752,4150.474411047929
1781269035,500,,Aggregated,122.600000,0.000000,1000,1900,2400,2800,3500,4200,5100,5500,7700,9000,9000,2592,0,1000,1534.2880473765977,43.107099998451304,9005.983299997752,4156.806712962963
1781269036,500,,Aggregated,122.900000,0.000000,1000,1900,2500,2800,3600,4200,5100,5500,7800,9000,9000,2750,0,1000,1550.8282596727738,43.107099998451304,9005.983299997752,4176.14
1781269037,500,,Aggregated,121.400000,0.000000,1100,1900,2500,2800,3600,4300,5100,5600,7800,9000,9000,2903,0,1100,1572.0037609025446,43.107099998451304,9005.983299997752,4170.277299345505
1781269038,500,,Aggregated,124.800000,0.000000,1000,1900,2500,2800,3700,4300,5200,5600,7700,9000,9000,3036,0,1000,1565.7359121212273,43.107099998451304,9005.983299997752,4176.217061923584
1781269039,500,,Aggregated,126.600000,0.000000,1000,1900,2500,2800,3700,4300,5100,5600,7700,9000,9000,3163,0,1000,1564.006364495741,43.107099998451304,9005.983299997752,4180.144799241227
1781269040,500,,Aggregated,126.600000,0.000000,1000,1900,2500,2900,3700,4300,5200,5600,7700,9000,9000,3295,0,1000,1571.305096206383,43.107099998451304,9005.983299997752,4167.415477996965
1781269041,500,,Aggregated,127.400000,0.000000,990,2000,2500,2900,3800,4300,5300,5600,7700,9000,9000,3411,0,990,1579.7001308121014,43.107099998451304,9005.983299997752,4166.702433304016
1781269042,500,,Aggregated,128.900000,0.000000,990,2000,2500,2900,3800,4400,5400,5700,7700,9000,9000,3533,0,990,1596.5266988112385,43.107099998451304,9005.983299997752,4160.525049532975
1781269043,500,,Aggregated,126.800000,0.000000,980,2000,2500,2900,3900,4400,5400,5700,7700,9000,9000,3662,0,970,1609.4565481977315,43.107099998451304,9005.983299997752,4164.6979792463135
1781269044,500,,Aggregated,127.200000,0.000000,970,2000,2500,2900,3900,4400,5500,5700,7700,9000,9000,3789,0,970,1622.5788290050414,43.107099998451304,9005.983299997752,4161.3235682238055
1781269045,500,,Aggregated,128.300000,0.000000,960,2000,2500,2900,3900,4400,5500,5800,7700,9000,9000,3915,0,960,1631.3929275096054,43.107099998451304,9005.983299997752,4174.661558109834
1781269047,500,,Aggregated,128.700000,0.000000,1100,2100,2700,3000,4000,4600,5600,5900,7800,10000,10000,4119,0,1100,1692.4801656470195,43.107099998451304,10182.093600000371,4169.416848749696
1781269048,500,,Aggregated,125.500000,0.000000,1300,2200,2800,3200,4000,4800,5700,6200,8300,10000,10000,4267,0,1300,1766.0134129130818,43.107099998451304,10182.093600000371,4150.78251699086
1781269049,500,,Aggregated,114.700000,0.000000,1300,2100,2700,3100,4000,4700,5600,6000,8300,10000,10000,4513,0,1300,1727.5035975182993,43.107099998451304,10182.093600000371,4141.471305118546
1781269050,500,,Aggregated,111.600000,0.000000,1200,2000,2700,3100,4000,4700,5600,6000,8300,10000,10000,4630,0,1200,1700.6161909719403,43.107099998451304,10182.093600000371,4146.097624190064
1781269051,500,,Aggregated,123.000000,0.000000,1200,2000,2600,3000,4000,4700,5600,6000,8300,10000,10000,4745,0,1200,1678.7938712961234,43.107099998451304,10182.093600000371,4149.518861959958
1781269052,500,,Aggregated,127.400000,0.000000,1200,2000,2600,3000,3900,4600,5600,6000,8300,10000,10000,4858,0,1200,1666.0477752779202,43.107099998451304,10182.093600000371,4159.284685055579
1781269053,500,,Aggregated,127.600000,0.000000,1200,2000,2500,2900,3900,4600,5600,6000,8300,10000,10000,4984,0,1200,1668.0406235152843,43.107099998451304,10182.093600000371,4165.895866773676
1781269054,500,,Aggregated,127.100000,0.000000,1200,2000,2600,2900,3900,4600,5600,6000,8300,10000,10000,5105,0,1200,1674.785377335975,43.107099998451304,10182.093600000371,4155.53986287953
1781269055,500,,Aggregated,125.900000,0.000000,1200,2000,2600,3000,3900,4600,5500,6000,8300,10000,10000,5259,0,1200,1683.3103866895144,43.107099998451304,10182.093600000371,4145.138429359194
1781269056,500,,Aggregated,125.600000,0.000000,1300,2000,2600,3000,3900,4600,5500,6000,8300,10000,10000,5388,0,1300,1688.7947286934157,43.107099998451304,10182.093600000371,4137.270415738679
1781269057,500,,Aggregated,125.500000,0.000000,1300,2000,2600,3000,3900,4600,5500,6000,8300,10000,10000,5497,0,1300,1699.268493159926,43.107099998451304,10182.093600000371,4132.740585774059
1781269058,500,,Aggregated,128.600000,0.000000,1300,2100,2600,3000,3900,4600,5500,5900,8300,10000,10000,5626,0,1300,1705.7552824386971,43.107099998451304,10182.093600000371,4123.199964450764
1781269060,500,,Aggregated,138.900000,0.000000,1300,2100,2600,3000,3900,4600,5500,5900,8300,10000,10000,5772,0,1300,1716.7219428101314,43.107099998451304,10182.093600000371,4125.169265419266
1781269061,500,,Aggregated,138.800000,0.000000,1300,2100,2600,3000,3900,4600,5500,5900,8300,10000,10000,5913,0,1300,1720.0248828682684,43.107099998451304,10182.093600000371,4125.685438863521
1781269062,500,,Aggregated,126.700000,0.000000,1300,2100,2700,3000,3900,4600,5500,5900,8200,10000,10000,6038,0,1300,1720.187203246117,43.107099998451304,10182.093600000371,4123.70039748261
1781269063,500,,Aggregated,123.900000,0.000000,1300,2100,2700,2900,3900,4600,5500,5900,8200,10000,10000,6195,0,1300,1716.6905452784497,43.107099998451304,10182.093600000371,4120.611138014528
1781269064,500,,Aggregated,126.500000,0.000000,1300,2100,2600,2900,3900,4600,5400,5900,8200,10000,10000,6333,0,1300,1708.8117915837784,43.107099998451304,10182.093600000371,4129.65435022896
1781269065,500,,Aggregated,131.200000,0.000000,1300,2100,2600,2900,3900,4500,5400,5900,8200,10000,10000,6467,0,1300,1703.77053395702,43.107099998451304,10182.093600000371,4124.985773929179
1781269066,500,,Aggregated,133.300000,0.000000,1300,2100,2600,2900,3900,4500,5400,5800,8200,10000,10000,6604,0,1300,1700.2292516353762,43.107099998451304,10182.093600000371,4109.7698364627495
1781269067,500,,Aggregated,133.800000,0.000000,1300,2100,2600,2900,3900,4500,5400,5800,8200,10000,10000,6732,0,1300,1701.498185308981,43.107099998451304,10182.093600000371,4115.617201426025
1781269069,500,,Aggregated,132.700000,0.000000,1400,2100,2700,3000,3900,4700,5400,5900,8200,10000,10000,6920,0,1400,1736.3598932225564,43.107099998451304,10182.093600000371,4112.956647398844
1781269070,500,,Aggregated,128.500000,0.000000,1400,2100,2700,3100,4000,4700,5500,6100,8200,10000,10000,7123,0,1400,1772.796342369789,43.107099998451304,10182.093600000371,4094.6768215639477
1781269071,500,,Aggregated,116.800000,0.000000,1400,2100,2700,3100,4000,4700,5500,6000,8200,10000,10000,7290,0,1400,1755.4639339506148,43.107099998451304,10182.093600000371,4095.5764060356655
1781269072,500,,Aggregated,114.800000,0.000000,1300,2100,2700,3000,3900,4700,5500,6000,8200,10000,10000,7390,0,1300,1747.3045039106833,43.107099998451304,10182.093600000371,4097.545060893099
1781269073,500,,Aggregated,126.700000,0.000000,1300,2100,2700,3000,3900,4700,5500,6000,8200,10000,10000,7490,0,1300,1737.7002950333715,43.107099998451304,10182.093600000371,4103.257276368491
1781269074,500,,Aggregated,126.800000,0.000000,1300,2100,2700,3000,3900,4700,5500,6000,8200,10000,10000,7605,0,1300,1735.1705889151767,43.107099998451304,10182.093600000371,4113.239973701512
1781269075,500,,Aggregated,121.400000,0.000000,1300,2100,2700,3000,3900,4700,5500,6000,8200,10000,10000,7713,0,1300,1738.234809840519,43.107099998451304,10182.093600000371,4106.158044859329
1781269078,500,,Aggregated,113.600000,0.000000,1400,2100,2700,3100,3900,4700,5500,6000,8200,10000,10000,7936,0,1400,1769.7156784652095,43.107099998451304,10182.093600000371,4120.379536290323
1781269079,500,,Aggregated,109.700000,0.000000,1500,2200,2800,3100,4000,4800,5600,6000,8000,10000,10000,8087,0,1500,1806.7252837516887,43.107099998451304,10182.093600000371,4111.263014714975
1781269081,500,,Aggregated,114.200000,0.000000,1400,2100,2700,3100,4000,4700,5600,6000,8000,10000,10000,8341,0,1400,1791.8821389641357,43.107099998451304,10182.093600000371,4112.153099148783
1781269082,500,,Aggregated,121.300000,0.000000,1400,2100,2700,3000,3900,4700,5500,6000,8000,10000,10000,8552,0,1400,1768.919316089788,43.107099998451304,10182.093600000371,4120.537418147802
1781269083,500,,Aggregated,108.100000,0.000000,1300,2000,2600,3000,3900,4700,5500,6000,8000,10000,10000,8705,0,1300,1752.8812464215723,43.107099998451304,10182.093600000371,4132.51097070649
1781269085,500,,Aggregated,123.900000,0.000000,1300,2000,2600,3000,3900,4700,5500,6000,8000,10000,10000,8910,0,1300,1744.9163340403761,43.107099998451304,10182.093600000371,4138.34960718294
1781269086,500,,Aggregated,124.100000,0.000000,1400,2000,2600,3000,3900,4700,5500,6000,7800,10000,10000,9060,0,1400,1747.2954413575967,43.107099998451304,10182.093600000371,4145.942052980133
1781269087,500,,Aggregated,119.700000,0.000000,1300,2000,2600,2900,3900,4700,5400,6000,7800,10000,10000,9224,0,1300,1737.927428371625,43.107099998451304,10182.093600000371,4148.430073720729
1781269088,500,,Aggregated,120.600000,0.000000,1300,2000,2600,2900,3900,4600,5400,6000,7800,10000,10000,9353,0,1300,1733.6571950817756,43.107099998451304,10182.093600000371,4146.510638297872
1781269089,500,,Aggregated,128.100000,0.000000,1300,2000,2600,2900,3900,4600,5400,5900,7800,10000,10000,9480,0,1300,1728.5951836181289,43.107099998451304,10182.093600000371,4152.610021097046
1781269090,500,,Aggregated,141.300000,0.000000,1300,2000,2600,2900,3800,4600,5400,5900,7800,10000,10000,9616,0,1300,1724.9905794716967,43.107099998451304,10182.093600000371,4156.858881031614
1781269091,500,,Aggregated,144.300000,0.000000,1300,2000,2600,2900,3800,4600,5400,5900,7800,10000,10000,9763,0,1300,1720.990475202276,43.107099998451304,10182.093600000371,4160.415958209567
1781269092,500,,Aggregated,138.700000,0.000000,1300,2000,2600,2900,3800,4600,5400,5900,7800,10000,10000,9901,0,1300,1719.9519467932357,43.107099998451304,10182.093600000371,4156.547823452177
1781269093,500,,Aggregated,139.200000,0.000000,1300,2000,2600,2900,3800,4600,5400,5900,7800,9000,10000,10061,0,1300,1718.3135388032836,43.107099998451304,10182.093600000371,4153.309015008448
1781269094,500,,Aggregated,130.000000,0.000000,1300,2000,2600,2900,3800,4600,5400,5900,7800,9000,10000,10201,0,1300,1710.2127843054475,43.107099998451304,10182.093600000371,4159.468091363592
1781269095,500,,Aggregated,132.000000,0.000000,1300,2000,2600,2900,3800,4600,5400,5900,7800,9000,10000,10329,0,1300,1705.5086310968943,43.107099998451304,10182.093600000371,4163.918869203214
1781269096,500,,Aggregated,135.100000,0.000000,1300,2000,2600,2900,3800,4600,5300,5900,7800,9000,10000,10455,0,1300,1701.6603277666006,43.107099998451304,10182.093600000371,4166.916786226686
1781269097,500,,Aggregated,142.400000,0.000000,1300,2000,2600,2900,3800,4600,5300,5900,7800,9000,10000,10586,0,1300,1703.150302758345,43.107099998451304,10182.093600000371,4166.38475344795
1781269098,500,,Aggregated,141.300000,0.000000,1300,2000,2600,2900,3800,4600,5300,5900,7800,9000,10000,10739,0,1300,1707.2924260359327,43.107099998451304,10182.093600000371,4167.6540646242665
1781269099,500,,Aggregated,138.200000,0.000000,1300,2000,2600,3000,3800,4600,5400,5900,7800,9000,10000,10891,0,1300,1705.4270455238177,43.107099998451304,10182.093600000371,4167.334588192085
1781269100,500,,Aggregated,135.700000,0.000000,1300,2000,2600,3000,3800,4600,5300,5900,7800,9000,10000,11023,0,1300,1704.6643898484924,43.107099998451304,10182.093600000371,4162.169373128912
1781269101,500,,Aggregated,139.000000,0.000000,1300,2000,2600,3000,3800,4600,5400,5900,7800,9000,10000,11171,0,1300,1701.2177079581033,43.107099998451304,10182.093600000371,4164.89732342673
1781269102,500,,Aggregated,138.900000,0.000000,1300,2000,2600,3000,3800,4600,5400,5900,7800,9000,10000,11301,0,1300,1701.9367761702485,43.107099998451304,10182.093600000371,4170.847358640828
1781269103,500,,Aggregated,139.600000,0.000000,1300,2000,2600,3000,3800,4600,5400,5900,7800,9000,10000,11429,0,1300,1705.2861702161158,43.107099998451304,10182.093600000371,4169.03491119083
1781269104,500,,Aggregated,139.400000,0.000000,1300,2000,2600,3000,3800,4600,5400,5900,7800,9000,10000,11557,0,1300,1704.7449607597096,43.107099998451304,10182.093600000371,4169.942891753915
1781269105,500,,Aggregated,135.300000,0.000000,1300,2000,2600,3000,3800,4600,5400,5900,7800,9000,10000,11684,0,1300,1705.662660920917,43.107099998451304,10182.093600000371,4171.527644642246
1781269106,500,,Aggregated,134.400000,0.000000,1300,2000,2600,3000,3800,4600,5400,5900,7800,9000,10000,11822,0,1300,1707.6772893841958,43.107099998451304,10182.093600000371,4177.267974961936
1781269107,500,,Aggregated,135.000000,0.000000,1300,2000,2600,3000,3800,4600,5400,5900,7800,9000,10000,11973,0,1300,1708.8296355215923,43.107099998451304,10182.093600000371,4174.06806982377
1781269108,500,,Aggregated,135.600000,0.000000,1300,2000,2600,3000,3800,4600,5400,5900,7700,9000,10000,12114,0,1300,1709.4676253838506,43.107099998451304,10182.093600000371,4173.784711903582
1781269109,500,,Aggregated,135.800000,0.000000,1300,2000,2600,3000,3800,4600,5300,5900,7700,9000,10000,12233,0,1300,1706.6042119839728,43.107099998451304,10182.093600000371,4169.338755824409
1781269110,500,,Aggregated,138.400000,0.000000,1300,2000,2600,3000,3800,4600,5300,5900,7700,9000,10000,12341,0,1300,1706.7485248034986,43.107099998451304,10182.093600000371,4165.516732841747
1781269111,500,,Aggregated,136.500000,0.000000,1300,2000,2600,3000,3800,4600,5300,5900,7700,9000,10000,12490,0,1300,1710.2380539631667,43.107099998451304,10182.093600000371,4165.511769415532
1781269112,500,,Aggregated,133.400000,0.000000,1300,2000,2600,3000,3800,4600,5300,5900,7700,9000,10000,12599,0,1300,1712.706884427336,43.107099998451304,10182.093600000371,4164.662989126121
1781269113,500,,Aggregated,130.600000,0.000000,1300,2000,2600,3000,3800,4600,5300,5900,7700,9000,10000,12743,0,1300,1715.3611100368835,43.107099998451304,10182.093600000371,4165.394334144236
1781269114,500,,Aggregated,131.900000,0.000000,1400,2000,2600,3000,3800,4600,5300,5800,7700,9000,10000,12878,0,1400,1718.89663376301,43.107099998451304,10182.093600000371,4162.883832893306
1781269115,500,,Aggregated,129.400000,0.000000,1400,2000,2600,3000,3800,4600,5300,5800,7700,9000,10000,13052,0,1400,1719.160343334361,43.107099998451304,10182.093600000371,4158.536392889979
1781269117,500,,Aggregated,131.000000,0.000000,1400,2000,2600,3000,3800,4600,5300,5800,7700,9000,10000,13198,0,1400,1715.088180898626,43.107099998451304,10182.093600000371,4162.028110319746
1781269118,500,,Aggregated,135.500000,0.000000,1400,2000,2600,3000,3800,4600,5300,5800,7700,9000,10000,13340,0,1400,1713.1757480134995,43.107099998451304,10182.093600000371,4161.386656671664
1781269119,500,,Aggregated,134.300000,0.000000,1300,2000,2600,3000,3800,4600,5300,5800,7700,9000,10000,13458,0,1300,1710.3857026304083,43.107099998451304,10182.093600000371,4165.570218457423
1781269120,500,,Aggregated,133.300000,0.000000,1400,2000,2600,3000,3800,4600,5300,5800,7700,9000,10000,13584,0,1400,1710.388867145174,43.107099998451304,10182.093600000371,4163.7294611307425
1781269121,500,,Aggregated,131.000000,0.000000,1400,2000,2600,3000,3800,4500,5300,5800,7700,9000,10000,13710,0,1400,1711.603330218819,43.107099998451304,10182.093600000371,4161.845878920496
1781269122,500,,Aggregated,132.800000,0.000000,1400,2000,2600,3000,3800,4500,5300,5800,7700,9000,10000,13830,0,1400,1712.524874454083,43.107099998451304,10182.093600000371,4163.045842371655
1781269123,500,,Aggregated,134.400000,0.000000,1400,2000,2600,3000,3800,4500,5300,5800,7700,9000,10000,13985,0,1400,1714.492387808367,43.107099998451304,10182.093600000371,4163.212155881301
1781269124,500,,Aggregated,131.100000,0.000000,1400,2000,2600,3000,3800,4500,5300,5800,7500,9000,10000,14130,0,1400,1715.9330568082103,43.107099998451304,10182.093600000371,4157.802901627742
1781269125,500,,Aggregated,135.000000,0.000000,1400,2000,2600,3000,3800,4500,5300,5800,7500,9000,10000,14291,0,1400,1715.220011335808,43.107099998451304,10182.093600000371,4161.300398852424
1781269126,500,,Aggregated,134.500000,0.000000,1400,2000,2600,2900,3800,4500,5300,5700,7500,9000,10000,14427,0,1400,1711.8021267345991,43.107099998451304,10182.093600000371,4161.324738337838
1781269127,500,,Aggregated,137.700000,0.000000,1400,2000,2600,2900,3800,4500,5300,5700,7500,9000,10000,14554,0,1400,1708.5559291054026,43.107099998451304,10182.093600000371,4163.43197746324
1781269128,500,,Aggregated,134.600000,0.000000,1400,2000,2600,2900,3800,4500,5300,5700,7500,9000,10000,14688,0,1400,1705.7600149101347,43.107099998451304,10182.093600000371,4164.863017429194
1781269129,500,,Aggregated,134.100000,0.000000,1400,2000,2600,2900,3800,4500,5300,5700,7500,9000,10000,14839,0,1400,1703.9872085113568,43.107099998451304,10182.093600000371,4159.963272457713
1781269130,500,,Aggregated,132.900000,0.000000,1400,2000,2600,2900,3700,4500,5300,5700,7500,9000,10000,14969,0,1400,1704.3240853363595,43.107099998451304,10182.093600000371,4159.731511791035
1781269131,500,,Aggregated,136.700000,0.000000,1400,2000,2600,2900,3700,4500,5300,5700,7400,9000,10000,15118,0,1400,1703.2589922674942,43.107099998451304,10182.093600000371,4159.440137584336
1781269132,500,,Aggregated,137.100000,0.000000,1400,2000,2600,2900,3700,4500,5300,5700,7400,9000,10000,15264,0,1400,1702.3021422104273,43.107099998451304,10182.093600000371,4155.385089098532
1781269133,500,,Aggregated,138.700000,0.000000,1400,2000,2600,2900,3700,4500,5300,5700,7400,9000,10000,15400,0,1400,1702.2650600064894,40.886099995987024,10182.093600000371,4154.478246753247
1781269134,500,,Aggregated,140.600000,0.000000,1400,2000,2600,2900,3700,4500,5200,5700,7400,9000,10000,15514,0,1400,1700.340575789607,40.886099995987024,10182.093600000371,4156.305337114864
1781269135,500,,Aggregated,140.900000,0.000000,1400,2000,2600,2900,3700,4400,5200,5700,7400,9000,10000,15663,0,1400,1701.3834041499022,40.886099995987024,10182.093600000371,4151.155589606078
1781269136,500,,Aggregated,138.200000,0.000000,1400,2000,2600,2900,3700,4400,5200,5700,7400,9000,10000,15805,0,1400,1700.6349046314383,40.886099995987024,10182.093600000371,4147.076684593483
1781269137,500,,Aggregated,136.000000,0.000000,1400,2000,2600,2900,3700,4400,5200,5700,7400,9000,10000,15944,0,1400,1699.5279484508217,40.886099995987024,10182.093600000371,4145.11979427998
1781269138,500,,Aggregated,135.300000,0.000000,1400,2000,2600,2900,3700,4400,5200,5700,7400,9000,10000,16123,0,1400,1701.4904591639179,40.886099995987024,10182.093600000371,4145.747999751908
1781269139,500,,Aggregated,137.500000,0.000000,1400,2000,2600,2900,3700,4400,5200,5700,7400,9000,10000,16315,0,1400,1705.2176054244455,40.886099995987024,10182.093600000371,4148.519705792216
1781269140,500,,Aggregated,136.500000,0.000000,1400,2000,2600,2900,3700,4400,5200,5700,7400,9000,10000,16469,0,1400,1697.8678600886385,40.886099995987024,10182.093600000371,4146.47628878499
1781269141,500,,Aggregated,132.100000,0.000000,1400,2000,2600,2900,3700,4400,5200,5700,7400,9000,10000,16592,0,1400,1692.6451659474315,40.886099995987024,10182.093600000371,4146.281641755063
1781269142,500,,Aggregated,141.100000,0.000000,1400,2000,2500,2900,3700,4400,5200,5700,7400,9000,10000,16716,0,1400,1689.5743163017369,40.886099995987024,10182.093600000371,4144.82723139507
1781269143,500,,Aggregated,142.300000,0.000000,1400,2000,2500,2900,3700,4400,5200,5700,7400,9000,10000,16848,0,1400,1687.1655695453378,40.886099995987024,10182.093600000371,4137.47762345679
1781269144,500,,Aggregated,140.700000,0.000000,1400,2000,2500,2900,3700,4400,5200,5700,7100,9000,10000,17001,0,1400,1685.9836102464471,40.886099995987024,10182.093600000371,4137.558555379095
1781269145,500,,Aggregated,137.400000,0.000000,1400,2000,2500,2900,3700,4400,5200,5700,7100,9000,10000,17150,0,1400,1684.891782326525,40.886099995987024,10182.093600000371,4140.871195335277
1781269146,500,,Aggregated,141.700000,0.000000,1300,2000,2500,2900,3700,4300,5200,5700,7100,9000,10000,17286,0,1300,1682.8777238921593,40.886099995987024,10182.093600000371,4141.2923753326395
1781269147,500,,Aggregated,141.300000,0.000000,1300,2000,2500,2900,3700,4300,5200,5700,7100,9000,10000,17415,0,1300,1680.8865032902613,40.886099995987024,10182.093600000371,4141.2470284237725
1781269148,500,,Aggregated,143.000000,0.000000,1300,2000,2500,2900,3700,4300,5200,5700,7100,9000,10000,17539,0,1300,1679.8589706083512,40.886099995987024,10182.093600000371,4136.032898112777
1781269149,500,,Aggregated,142.100000,0.000000,1400,2000,2500,2900,3700,4300,5200,5700,7100,9000,10000,17696,0,1400,1680.0653622117895,40.886099995987024,10182.093600000371,4135.422072784811
1781269150,500,,Aggregated,143.600000,0.000000,1400,2000,2500,2900,3700,4300,5200,5700,7100,9000,10000,17821,0,1400,1680.5594752034012,40.886099995987024,10182.093600000371,4135.860557768924
1781269151,500,,Aggregated,145.600000,0.000000,1400,2000,2500,2900,3700,4300,5200,5700,7100,9000,10000,17977,0,1400,1680.931509350828,40.886099995987024,10182.093600000371,4136.066918840741
1781269152,500,,Aggregated,136.500000,0.000000,1400,2000,2500,2900,3700,4300,5200,5700,7100,9000,10000,18152,0,1400,1680.9422362604587,40.886099995987024,10182.093600000371,4138.5180696342
1781269153,500,,Aggregated,134.100000,0.000000,1400,2000,2500,2900,3700,4300,5200,5700,7100,9000,10000,18318,0,1400,1675.3611204552826,38.66850000486011,10182.093600000371,4135.59569822033
1781269154,500,,Aggregated,136.400000,0.000000,1300,2000,2500,2800,3700,4300,5200,5700,7100,9000,10000,18422,0,1300,1667.0462203289485,37.63500000059139,10182.093600000371,4137.617142546955
1781269155,500,,Aggregated,145.100000,0.000000,1300,2000,2500,2800,3700,4300,5200,5700,7100,9000,10000,18497,0,1300,1660.9171680975246,37.63500000059139,10182.093600000371,4137.2882629615615
1781269156,500,,Aggregated,143.200000,0.000000,1300,2000,2500,2800,3700,4300,5200,5700,7100,9000,10000,18549,0,1300,1656.6588907003013,37.63500000059139,10182.093600000371,4138.56768558952
1781269157,500,,Aggregated,139.600000,0.000000,1300,2000,2500,2800,3700,4300,5200,5700,7100,9000,10000,18589,0,1300,1653.2057803539674,37.63500000059139,10182.093600000371,4138.308193017376
1781269158,500,,Aggregated,131.500000,0.000000,1300,2000,2500,2800,3700,4300,5200,5700,7100,9000,10000,18618,0,1300,1651.1193506069349,37.63500000059139,10182.093600000371,4138.281931464175
1781269159,500,,Aggregated,123.200000,0.000000,1300,2000,2500,2800,3700,4300,5200,5700,7100,9000,10000,18639,0,1300,1649.5604079725258,37.568400002783164,10182.093600000371,4137.154461076238
1781269160,500,,Aggregated,112.800000,0.000000,1300,2000,2500,2800,3700,4300,5200,5700,7100,9000,10000,18655,0,1300,1648.1878196783655,37.568400002783164,10182.093600000371,4136.896113642455
1781269161,500,,Aggregated,103.400000,0.000000,1300,2000,2500,2800,3700,4300,5200,5700,7100,9000,10000,18665,0,1300,1647.3390155370967,37.568400002783164,10182.093600000371,4136.96356817573
1781269162,500,,Aggregated,92.100000,0.000000,1300,2000,2500,2800,3700,4300,5200,5700,7100,9000,10000,18673,0,1300,1646.65616877309,37.568400002783164,10182.093600000371,4136.505435655759
1781269163,500,,Aggregated,80.500000,0.000000,1300,2000,2500,2800,3700,4300,5200,5700,7100,9000,10000,18678,0,1300,1646.2297137273742,37.568400002783164,10182.093600000371,4136.5224328086515
1781269164,500,,Aggregated,67.200000,0.000000,1300,2000,2500,2800,3700,4300,5200,5700,7100,9000,10000,18682,0,1300,1645.8881542768381,37.568400002783164,10182.093600000371,4136.2854084145165
1781269165,500,,Aggregated,47.500000,0.000000,1300,2000,2500,2800,3700,4300,5200,5700,7100,9000,10000,18686,0,1300,1645.546719795563,37.568400002783164,10182.093600000371,4136.21374290913
1781269166,500,,Aggregated,34.800000,0.000000,1300,2000,2500,2800,3700,4300,5200,5700,7100,9000,10000,18687,0,1300,1645.461830807507,37.568400002783164,10182.093600000371,4136.237705356665
1781269167,500,,Aggregated,24.600000,0.000000,1300,2000,2500,2800,3700,4300,5200,5700,7400,16000,16000,18692,0,1300,1647.5935162101375,37.568400002783164,16302.85370000638,4136.368339396533
1781269168,500,,Aggregated,17.800000,0.000000,1300,2000,2500,2800,3700,4300,5200,5700,8400,17000,17000,18706,0,1300,1657.003313279155,37.568400002783164,17223.894299997482,4135.412648348123
1781269169,500,,Aggregated,13.000000,0.000000,1300,2000,2500,2800,3700,4300,5200,5700,16000,18000,18000,18721,0,1300,1668.3909337428481,37.568400002783164,18067.367000003287,4135.010790021901
1781269170,500,,Aggregated,10.100000,0.000000,1300,2000,2500,2800,3700,4300,5200,5800,17000,19000,19000,18739,0,1300,1677.2041024654384,37.568400002783164,18741.00979999639,4133.9855381824
1781269171,500,,Aggregated,8.500000,0.000000,1300,2000,2500,2800,3700,4300,5200,5800,18000,19000,20000,18762,0,1300,1688.9245128557648,37.568400002783164,19961.422300002596,4135.807962903742
1781269172,500,,Aggregated,8.200000,0.000000,1300,2000,2500,2800,3700,4400,5300,6000,19000,20000,21000,18789,0,1300,1705.3654581616838,37.568400002783164,21391.35499999975,4138.1209218159565
1781269173,500,,Aggregated,8.500000,0.000000,1300,2000,2500,2900,3700,4400,5400,6200,20000,22000,22000,18828,0,1300,1732.6900980082767,37.568400002783164,21992.50480000046,4140.368175058424
1781269174,500,,Aggregated,9.500000,0.000000,1300,2000,2500,2900,3700,4400,5400,6300,21000,22000,23000,18858,0,1300,1745.4270852264203,37.568400002783164,22761.987199999567,4141.307402693817
1781269175,500,,Aggregated,11.500000,0.000000,1300,2000,2500,2900,3700,4500,5400,6500,21000,23000,23000,18893,0,1300,1761.100624675796,37.568400002783164,23268.79270000063,4143.424019478113
1781269177,500,,Aggregated,15.000000,0.000000,1300,2000,2500,2900,3700,4500,5500,6700,22000,24000,24000,18925,0,1300,1778.8635140924594,37.568400002783164,24154.75940000033,4145.816908850727
1781269178,500,,Aggregated,17.400000,0.000000,1300,2000,2500,2900,3700,4500,5600,7800,23000,26000,26000,18971,0,1300,1806.9485572979697,37.568400002783164,25987.77610000252,4146.019345316536
1781269179,500,,Aggregated,23.800000,0.000000,1300,2000,2500,2900,3700,4600,5700,16000,24000,26000,27000,19012,0,1300,1833.5400513780648,37.568400002783164,26680.601000000024,4146.342257521565
1781269180,500,,Aggregated,27.900000,0.000000,1300,2000,2500,2900,3700,4600,5700,17000,25000,27000,27000,19051,0,1300,1854.4101665739215,37.568400002783164,26824.728600004164,4145.328644165661
1781269181,500,,Aggregated,30.400000,0.000000,1300,2000,2500,2900,3700,4600,5800,18000,26000,28000,28000,19088,0,1300,1869.775619928738,36.85519999999087,27788.236499996856,4145.657690695725
1781269182,500,,Aggregated,32.900000,0.000000,1300,2000,2500,2900,3700,4600,5900,19000,27000,28000,29000,19124,0,1300,1889.809370110844,36.85519999999087,28768.29440000438,4144.656609495922
1781269183,500,,Aggregated,34.700000,0.000000,1300,2000,2500,2900,3800,4700,6000,20000,28000,29000,31000,19169,0,1300,1924.2726673222296,36.85519999999087,30664.94539999985,4142.39944702384
1781269184,500,,Aggregated,36.100000,0.000000,1300,2000,2500,2900,3800,4700,6200,20000,28000,31000,31000,19204,0,1300,1944.4338132836813,36.85519999999087,30664.94539999985,4141.008644032493
1781269185,500,,Aggregated,36.100000,0.000000,1300,2000,2600,2900,3800,4700,6400,21000,28000,31000,31000,19247,0,1300,1967.383241221999,36.85519999999087,31355.52849999658,4140.798150361095
1781269186,500,,Aggregated,37.400000,0.000000,1300,2000,2600,2900,3800,4700,6600,21000,29000,33000,33000,19288,0,1300,1992.7688125414668,36.85519999999087,33184.11980000383,4140.260732061385
1781269187,500,,Aggregated,38.900000,0.000000,1300,2000,2600,2900,3800,4800,7000,22000,31000,34000,34000,19344,0,1300,2026.379263890602,36.85519999999087,34041.19630000059,4140.1644437551695
1781269188,500,,Aggregated,39.000000,0.000000,1300,2000,2600,2900,3800,4800,7800,22000,31000,34000,35000,19404,0,1300,2040.5378477891059,36.85519999999087,34593.387599998096,4138.975726654298
1781269189,500,,Aggregated,41.500000,0.000000,1300,2000,2600,2900,3800,4800,15000,24000,32000,35000,35000,19480,0,1300,2064.650381160155,36.85519999999087,34731.77630000282,4137.4875770020535
1781269190,500,,Aggregated,42.600000,0.000000,1300,2000,2600,2900,3800,4900,16000,24000,33000,36000,37000,19568,0,1300,2087.96650628576,36.85519999999087,36756.25509999372,4137.815412919052
1781269191,500,,Aggregated,46.300000,0.000000,1300,2000,2600,2900,3800,4900,17000,25000,34000,37000,38000,19665,0,1300,2100.1303904195133,36.85519999999087,37542.311300006986,4136.652987541317
1781269192,500,,Aggregated,51.200000,0.000000,1300,2000,2600,2900,3800,4900,17000,25000,34000,38000,39000,19764,0,1300,2115.7168893897865,36.175600005663,39498.661799996626,4134.811273021655
1781269193,500,,Aggregated,56.700000,0.000000,1300,2000,2600,2900,3800,5000,18000,26000,35000,39000,39000,19880,0,1300,2142.6574636317764,36.175600005663,39498.661799996626,4133.557847082495
1781269194,500,,Aggregated,63.000000,0.000000,1300,2000,2600,2900,3800,5000,18000,26000,36000,38000,39000,20017,0,1300,2152.4484692111555,36.175600005663,39498.661799996626,4132.298296448019
1781269195,500,,Aggregated,70.100000,0.000000,1300,2000,2600,2900,3900,5000,19000,27000,37000,40000,42000,20162,1,1300,2169.3783086400003,36.175600005663,41581.01350000652,4130.215405217737
1781269196,500,,Aggregated,79.900000,0.000000,1300,2000,2500,2900,3900,5000,20000,27000,38000,40000,42000,20311,1,1300,2191.3576687804475,36.175600005663,41581.01350000652,4129.9832603023
1781269197,500,,Aggregated,89.500000,0.100000,1300,2000,2600,2900,3900,5100,20000,27000,38000,41000,42000,20509,1,1300,2243.4888592520156,36.175600005663,41581.01350000652,4130.46286995953
1781269198,500,,Aggregated,100.600000,0.100000,1300,2000,2600,3000,3900,5200,21000,28000,38000,41000,45000,20740,2,1300,2287.44052015427,34.96729999460513,44584.39409999846,4130.530038572806
1781269199,500,,Aggregated,114.100000,0.100000,1300,2000,2600,3000,3900,5300,21000,28000,38000,41000,45000,20940,2,1300,2308.499180935985,34.96729999460513,44584.39409999846,4132.614565425024
1781269200,500,,Aggregated,132.200000,0.200000,1200,2000,2500,2900,3900,5300,21000,28000,38000,41000,45000,21089,2,1200,2295.238861600811,34.96729999460513,44584.39409999846,4133.8382094931
1781269201,500,,Aggregated,145.500000,0.200000,1200,2000,2500,2900,3900,5300,21000,28000,38000,41000,45000,21220,2,1200,2285.7775398868766,34.96729999460513,44584.39409999846,4131.161357210179
1781269202,500,,Aggregated,151.200000,0.200000,1200,2000,2500,2900,3900,5300,21000,27000,38000,41000,45000,21344,2,1200,2279.171290568757,34.96729999460513,44584.39409999846,4131.368534482759
1781269203,500,,Aggregated,154.700000,0.200000,1200,2000,2500,2900,3900,5300,21000,27000,38000,41000,45000,21494,2,1200,2272.4239428491474,34.96729999460513,44584.39409999846,4130.689587791942
1781269204,500,,Aggregated,157.000000,0.200000,1200,2000,2500,2900,3900,5300,21000,27000,38000,41000,45000,21613,2,1200,2268.335555512867,34.96729999460513,44584.39409999846,4134.190996159718
1781269205,500,,Aggregated,160.600000,0.200000,1200,2000,2500,2900,3900,5200,20000,27000,38000,41000,45000,21731,2,1200,2265.7530043716174,34.96729999460513,44584.39409999846,4135.8428052091485
1781269206,500,,Aggregated,159.400000,0.200000,1200,2000,2500,2900,3900,5200,20000,27000,38000,41000,45000,21919,2,1200,2261.6142114786094,34.96729999460513,44584.39409999846,4134.193576349286
1781269207,500,,Aggregated,158.300000,0.100000,1200,2000,2500,2900,3900,5200,20000,27000,38000,41000,45000,22044,2,1200,2257.5488535837276,34.96729999460513,44584.39409999846,4133.6858555616045
1781269208,500,,Aggregated,160.200000,0.100000,1200,2000,2500,2900,3900,5200,20000,27000,38000,41000,45000,22163,2,1200,2254.086633709322,34.96729999460513,44584.39409999846,4134.541668546677
1781269209,500,,Aggregated,154.200000,0.100000,1300,2000,2500,2900,3900,5200,20000,27000,38000,41000,45000,22304,2,1200,2251.630782922331,34.96729999460513,44584.39409999846,4133.484262912482
1781269210,500,,Aggregated,141.800000,0.000000,1300,2000,2500,2900,3900,5200,20000,27000,38000,41000,45000,22430,2,1300,2248.176094337924,34.96729999460513,44584.39409999846,4132.599955416852
1781269211,500,,Aggregated,134.700000,0.000000,1300,2000,2500,2900,3900,5200,20000,27000,38000,41000,45000,22577,2,1300,2245.3457456526376,34.96729999460513,44584.39409999846,4133.130132435665
1781269212,500,,Aggregated,132.800000,0.000000,1300,2000,2500,2900,3900,5200,20000,27000,38000,41000,45000,22734,2,1300,2240.3961878287873,34.96729999460513,44584.39409999846,4133.801266825019
1781269213,500,,Aggregated,135.300000,0.000000,1300,2000,2500,2900,3900,5200,20000,27000,38000,41000,45000,22973,2,1300,2233.9542589256807,34.96729999460513,44584.39409999846,4134.141078657554
1781269214,500,,Aggregated,137.400000,0.000000,1200,2000,2500,2900,3900,5100,20000,27000,38000,41000,45000,23126,2,1200,2221.8662479676423,34.96729999460513,44584.39409999846,4132.641615497708
1781269215,500,,Aggregated,143.600000,0.000000,1200,2000,2500,2900,3800,5100,20000,27000,38000,41000,45000,23251,2,1200,2212.21730281707,34.96729999460513,44584.39409999846,4134.379897638812
1781269216,500,,Aggregated,149.900000,0.000000,1200,1900,2500,2900,3800,5100,20000,27000,38000,41000,45000,23335,2,1200,2206.2338692821836,34.96729999460513,44584.39409999846,4135.339361474181
1781269217,500,,Aggregated,149.500000,0.000000,1200,1900,2500,2900,3800,5100,20000,27000,38000,41000,45000,23399,2,1200,2202.5005710585806,34.96729999460513,44584.39409999846,4133.168981580409
1781269218,500,,Aggregated,142.500000,0.000000,1200,1900,2500,2900,3800,5100,20000,27000,38000,41000,45000,23478,2,1200,2200.329463885327,34.96729999460513,44584.39409999846,4130.76871965244
1781269219,500,,Aggregated,135.700000,0.000000,1200,1900,2500,2900,3900,5100,20000,27000,38000,41000,45000,23531,2,1200,2200.0036805533,34.96729999460513,44584.39409999846,4130.36619778165
1781269220,500,,Aggregated,132.500000,0.000000,1200,1900,2500,2900,3900,5200,20000,27000,38000,41000,45000,23578,2,1200,2200.5204383153664,34.96729999460513,44584.39409999846,4130.028755619645
1781269221,500,,Aggregated,123.700000,0.000000,1200,2000,2500,2900,3900,5200,20000,27000,38000,41000,45000,23651,2,1200,2206.349464301709,34.96729999460513,44584.39409999846,4131.3250602511525
1781269222,500,,Aggregated,116.500000,0.000000,1200,2000,2500,2900,3900,5300,20000,27000,38000,41000,45000,23720,2,1200,2209.9026758178634,34.96729999460513,44584.39409999846,4130.4949409780775
1781269223,500,,Aggregated,107.900000,0.000000,1200,2000,2500,2900,3900,5400,20000,27000,38000,41000,45000,23806,2,1200,2217.6619733050366,34.96729999460513,44584.39409999846,4131.522851382005
1781269224,500,,Aggregated,100.300000,0.000000,1200,2000,2500,2900,3900,5400,20000,27000,38000,41000,45000,23880,2,1200,2222.0245863818973,34.96729999460513,44584.39409999846,4133.585092127303
1781269225,500,,Aggregated,86.300000,0.000000,1200,2000,2500,2900,4000,5500,20000,27000,38000,41000,45000,23958,2,1200,2223.757834856821,34.96729999460513,44584.39409999846,4133.753485265882
1781269226,500,,Aggregated,76.700000,0.000000,1200,2000,2500,2900,4000,5500,20000,27000,38000,41000,45000,24042,2,1200,2224.407862453193,34.96729999460513,44584.39409999846,4133.343607021046
1781269227,500,,Aggregated,70.200000,0.000000,1200,2000,2500,2900,4000,5500,20000,27000,38000,41000,45000,24113,2,1200,2219.4254417990187,34.96729999460513,44584.39409999846,4131.45788578775
1781269228,500,,Aggregated,69.400000,0.000000,1200,2000,2500,2900,4000,5500,20000,27000,38000,41000,45000,24174,2,1200,2214.0571766608646,34.96729999460513,44584.39409999846,4132.664805162572
1781269229,500,,Aggregated,71.700000,0.000000,1200,2000,2500,2900,4000,5500,20000,26000,38000,41000,45000,24223,2,1200,2209.816577760793,34.96729999460513,44584.39409999846,4132.518061346654
1781269230,500,,Aggregated,69.300000,0.000000,1200,2000,2500,2900,3900,5500,20000,26000,38000,41000,45000,24261,2,1200,2206.486068867717,34.96729999460513,44584.39409999846,4132.070483492024
1781269231,500,,Aggregated,69.400000,0.000000,1200,1900,2500,2900,4000,5500,19000,26000,38000,41000,45000,24308,2,1200,2209.8815617862315,34.96729999460513,44584.39409999846,4132.484243870331
1781269232,500,,Aggregated,68.100000,0.000000,1200,1900,2500,2900,4000,5500,19000,26000,38000,41000,45000,24348,2,1200,2212.5614787374607,34.96729999460513,44584.39409999846,4133.810867422376
1781269233,500,,Aggregated,65.800000,0.000000,1200,1900,2500,2900,4000,5500,19000,26000,38000,41000,45000,24389,2,1200,2218.8598608142875,34.96729999460513,44584.39409999846,4132.901676985526
1781269234,500,,Aggregated,63.000000,0.000000,1200,1900,2500,2900,4000,5600,19000,26000,38000,41000,45000,24431,2,1200,2224.3346546764215,34.96729999460513,44584.39409999846,4133.724939625885
1781269235,500,,Aggregated,59.800000,0.000000,1200,1900,2500,2900,4000,5600,19000,26000,38000,41000,45000,24468,2,1200,2227.3194141899503,34.96729999460513,44584.39409999846,4133.175249305215
1781269236,500,,Aggregated,55.300000,0.000000,1200,1900,2500,2900,4000,5600,19000,26000,38000,41000,45000,24501,2,1200,2228.0109281661857,34.96729999460513,44584.39409999846,4133.4776539733075
1781269237,500,,Aggregated,52.900000,0.000000,1200,1900,2500,2900,4000,5600,19000,26000,38000,41000,45000,24526,2,1200,2228.9548957392058,34.96729999460513,44584.39409999846,4133.671695343717
1781269238,500,,Aggregated,47.300000,0.000000,1200,1900,2500,2900,4000,5600,20000,26000,38000,41000,45000,24567,2,1200,2240.803579399186,34.96729999460513,44584.39409999846,4133.463996417959
1781269239,500,,Aggregated,42.100000,0.000000,1200,1900,2500,2900,4000,5700,20000,26000,38000,41000,45000,24616,2,1200,2256.27017018605,34.96729999460513,44584.39409999846,4133.457060448489
1781269240,500,,Aggregated,38.400000,0.000000,1200,2000,2500,2900,4000,5700,20000,26000,38000,41000,45000,24663,2,1200,2273.5234611523265,34.96729999460513,44584.39409999846,4136.223127762235
1781269241,500,,Aggregated,39.200000,0.000000,1200,2000,2500,2900,4000,5900,20000,26000,38000,41000,45000,24726,2,1200,2293.285109419226,34.96729999460513,44584.39409999846,4137.426595486532
1781269242,500,,Aggregated,39.900000,0.000000,1200,2000,2500,3000,4000,5900,20000,26000,38000,41000,45000,24778,2,1200,2304.555560372098,34.96729999460513,44584.39409999846,4138.061102591008
1781269243,500,,Aggregated,41.100000,0.000000,1200,2000,2500,3000,4100,5900,21000,26000,38000,41000,45000,24838,2,1200,2314.4858907440143,34.96729999460513,44584.39409999846,4138.3336420001615
1781269244,500,,Aggregated,41.900000,0.000000,1200,2000,2500,3000,4100,6000,21000,26000,38000,41000,45000,24895,2,1200,2323.899121052413,34.96729999460513,44584.39409999846,4137.503273749749
1781269245,500,,Aggregated,43.500000,0.000000,1200,2000,2500,3000,4100,6000,21000,26000,38000,41000,45000,24948,2,1200,2329.5168550785584,34.96729999460513,44584.39409999846,4137.783189033189
1781269246,500,,Aggregated,45.000000,0.000000,1200,2000,2500,3000,4100,6100,21000,26000,38000,41000,45000,25006,2,1200,2345.4791461729146,34.96729999460513,44584.39409999846,4136.998760297529
1781269247,500,,Aggregated,47.100000,0.000000,1200,2000,2500,3000,4100,6200,21000,26000,38000,41000,45000,25059,2,1200,2355.5779324873256,34.96729999460513,44584.39409999846,4134.884592362026
1781269248,500,,Aggregated,49.800000,0.000000,1200,2000,2500,3000,4100,6300,21000,26000,38000,41000,45000,25125,2,1200,2366.422125655718,34.96729999460513,44584.39409999846,4133.028298507463
1781269249,500,,Aggregated,51.500000,0.000000,1200,2000,2500,3000,4100,6300,21000,27000,38000,41000,45000,25194,2,1200,2378.477868111451,34.96729999460513,44584.39409999846,4131.285345717234
1781269250,500,,Aggregated,55.800000,0.000000,1200,2000,2500,3000,4200,6500,21000,27000,38000,41000,45000,25269,2,1200,2398.063376706631,34.96729999460513,44584.39409999846,4128.936839605841
1781269251,500,,Aggregated,56.000000,0.000000,1200,2000,2500,3000,4200,6600,22000,27000,38000,41000,45000,25364,2,1200,2413.035819306889,34.96729999460513,44584.39409999846,4129.303382747201
1781269252,500,,Aggregated,57.500000,0.000000,1200,2000,2500,3000,4200,6900,22000,27000,38000,41000,45000,25472,2,1200,2427.5915354820945,34.96729999460513,44584.39409999846,4129.412492148242
1781269253,500,,Aggregated,62.600000,0.000000,1200,1900,2500,3000,4200,7400,22000,27000,38000,41000,45000,25599,2,1200,2438.3666909527687,34.96729999460513,44584.39409999846,4129.151919996875
1781269255,500,,Aggregated,71.400000,0.000000,1200,1900,2500,3000,4200,8100,22000,27000,38000,41000,45000,25708,2,1200,2454.8337796522474,34.96729999460513,44584.39409999846,4129.264936984596
1781269256,500,,Aggregated,78.300000,0.000000,1200,1900,2500,3000,4300,9000,22000,28000,38000,41000,45000,25919,2,1200,2481.3419005285687,34.96729999460513,44584.39409999846,4130.233843898299
1781269257,500,,Aggregated,78.200000,0.000000,1200,1900,2600,3000,4300,10000,23000,28000,38000,41000,45000,26084,2,1200,2514.772345146452,34.96729999460513,44584.39409999846,4131.730562797117
1781269259,500,,Aggregated,98.500000,0.000000,1200,1900,2600,3000,4400,11000,23000,28000,38000,41000,45000,26258,2,1200,2538.609273189127,34.96729999460513,44584.39409999846,4134.9984004874705
1781269260,500,,Aggregated,98.700000,0.000000,1100,1900,2600,3000,4400,11000,23000,28000,38000,41000,45000,26523,2,1100,2540.4729599027323,34.96729999460513,44584.39409999846,4134.0901481732835
1781269261,500,,Aggregated,104.300000,0.000000,1100,1900,2500,3000,4400,11000,23000,28000,38000,41000,45000,26641,2,1100,2531.1830110393817,34.96729999460513,44584.39409999846,4132.500469201606
1781269262,500,,Aggregated,126.100000,0.000000,1100,1900,2500,3000,4300,11000,23000,28000,38000,41000,45000,26786,2,1100,2522.5476423019545,34.96729999460513,44584.39409999846,4133.153849025611
1781269263,500,,Aggregated,128.700000,0.000000,1100,1900,2500,3000,4300,11000,23000,28000,38000,41000,45000,26956,2,1100,2511.0380572636946,34.96729999460513,44584.39409999846,4132.697915120938
1781269264,500,,Aggregated,128.100000,0.000000,1100,1900,2500,3000,4300,11000,23000,28000,38000,41000,45000,27069,2,1100,2505.225418530427,34.96729999460513,44584.39409999846,4133.980863718645
1781269265,500,,Aggregated,133.900000,0.000000,1100,1900,2500,3000,4300,11000,23000,28000,38000,41000,45000,27203,2,1100,2497.4178486012624,34.96729999460513,44584.39409999846,4133.3178325919935
1781269266,500,,Aggregated,132.300000,0.000000,1100,1900,2500,3000,4300,11000,23000,28000,38000,41000,45000,27340,2,1100,2492.8069335735227,34.96729999460513,44584.39409999846,4132.31196049744
1781269267,500,,Aggregated,139.500000,0.000000,1100,1900,2500,3000,4400,11000,23000,28000,38000,41000,45000,27479,2,1100,2486.904375675978,34.96729999460513,44584.39409999846,4132.02467338695
1781269268,500,,Aggregated,140.500000,0.000000,1100,1900,2500,3000,4400,10000,22000,28000,38000,41000,45000,27615,2,1100,2484.286323639335,34.96729999460513,44584.39409999846,4131.83773311606
1781269269,500,,Aggregated,134.900000,0.000000,1100,1900,2500,3000,4400,10000,22000,28000,38000,41000,45000,27768,2,1100,2481.055183535013,34.96729999460513,44584.39409999846,4134.800705848459
1781269270,500,,Aggregated,141.900000,0.000000,1100,1900,2500,3000,4400,10000,22000,28000,38000,41000,45000,27902,2,1100,2477.065851566207,34.96729999460513,44584.39409999846,4135.367249659523
1781269271,500,,Aggregated,143.900000,0.000000,1100,1900,2500,3000,4400,10000,22000,27000,38000,41000,45000,28075,2,1100,2473.8144188922643,34.96729999460513,44584.39409999846,4134.2874087266255
1781269272,500,,Aggregated,130.600000,0.000000,1100,1900,2600,3000,4400,9900,22000,27000,38000,41000,45000,28220,2,1100,2469.922925981585,34.96729999460513,44584.39409999846,4134.2497519489725
1781269273,500,,Aggregated,131.400000,0.000000,1100,1900,2500,3000,4400,9700,22000,27000,38000,41000,45000,28366,2,1100,2462.6785007297567,34.96729999460513,44584.39409999846,4136.925615173094
1781269274,500,,Aggregated,141.800000,0.000000,1100,1900,2500,3000,4400,9600,22000,27000,38000,41000,45000,28512,2,1100,2455.6313480639815,34.96729999460513,44584.39409999846,4138.844837261504
1781269275,500,,Aggregated,138.600000,0.000000,1100,1900,2600,3000,4400,9500,22000,27000,38000,41000,45000,28678,2,1100,2450.7863706569588,34.96729999460513,44584.39409999846,4139.142094985703
1781269276,500,,Aggregated,141.500000,0.000000,1000,1900,2600,3100,4400,9400,22000,27000,38000,41000,45000,28825,2,1000,2446.082697564621,34.96729999460513,44584.39409999846,4140.57880312229
1781269277,500,,Aggregated,144.100000,0.000000,1000,1900,2600,3100,4400,9400,22000,27000,38000,41000,45000,28995,2,1000,2441.932119720645,34.96729999460513,44584.39409999846,4140.338782548715
1781269278,500,,Aggregated,147.200000,0.000000,1000,1900,2600,3100,4400,9100,22000,27000,38000,41000,45000,29176,2,1000,2436.386413946395,34.96729999460513,44584.39409999846,4139.243693446669
1781269279,500,,Aggregated,147.500000,0.000000,1000,1900,2500,3000,4400,8900,22000,27000,38000,41000,45000,29358,2,1000,2425.764058065946,34.96729999460513,44584.39409999846,4138.792526738878
1781269280,500,,Aggregated,151.000000,0.000000,1000,1900,2500,3000,4400,8700,22000,27000,38000,41000,45000,29504,2,1000,2416.4002043078876,34.96729999460513,44584.39409999846,4137.703701193059
1781269281,500,,Aggregated,155.800000,0.000000,1000,1900,2500,3000,4300,8700,22000,27000,38000,41000,45000,29673,2,1000,2405.2084227782834,34.96729999460513,44584.39409999846,4137.557409092441
1781269282,500,,Aggregated,158.800000,0.000000,1000,1900,2500,3000,4300,8600,22000,27000,38000,41000,45000,29825,2,1000,2397.1863443654656,34.96729999460513,44584.39409999846,4140.045834031853
1781269283,500,,Aggregated,159.400000,0.000000,1000,1900,2500,3000,4300,8500,22000,27000,38000,41000,45000,29975,2,1000,2390.013239359466,34.96729999460513,44584.39409999846,4139.968040033361
1781269284,500,,Aggregated,157.300000,0.000000,990,1900,2500,3000,4300,8300,22000,27000,38000,41000,45000,30096,2,990,2382.492956439394,34.96729999460513,44584.39409999846,4139.55788144604
1781269285,500,,Aggregated,159.700000,0.000000,980,1900,2500,3000,4300,8300,22000,27000,38000,41000,45000,30226,2,980,2375.834546430225,34.96729999460513,44584.39409999846,4137.908191623106
1781269286,500,,Aggregated,159.900000,0.000000,980,1900,2500,3000,4300,8300,22000,27000,38000,41000,45000,30356,2,980,2370.1948947786263,34.96729999460513,44584.39409999846,4137.249868230333
1781269287,500,,Aggregated,156.300000,0.000000,970,1900,2500,3000,4400,8300,22000,27000,38000,41000,45000,30452,2,970,2367.5952821128335,34.96729999460513,44584.39409999846,4138.347793248391
1781269288,500,,Aggregated,153.300000,0.000000,970,1900,2500,3000,4400,8200,22000,27000,38000,41000,45000,30583,2,970,2363.1515600268153,34.96729999460513,44584.39409999846,4137.754242553053
1781269289,500,,Aggregated,151.800000,0.000000,960,1900,2500,3000,4400,8200,22000,27000,38000,41000,45000,30689,2,960,2360.192666017142,34.96729999460513,44584.39409999846,4137.967968979113
1781269290,500,,Aggregated,144.300000,0.000000,960,1900,2500,3000,4400,8200,22000,27000,38000,41000,45000,30804,2,960,2359.457469088433,34.96729999460513,44584.39409999846,4139.004350084405
1781269292,500,,Aggregated,131.200000,0.000000,960,1900,2500,3000,4400,8300,22000,27000,38000,41000,45000,30929,2,960,2359.8288556791395,34.96729999460513,44584.39409999846,4139.374858546995
1781269293,500,,Aggregated,128.100000,0.000000,950,1900,2500,3000,4400,8300,22000,27000,37000,41000,45000,31053,2,950,2360.560907519403,34.96729999460513,44584.39409999846,4140.595626831546
1781269294,500,,Aggregated,124.600000,0.000000,950,1800,2500,3000,4400,8300,22000,27000,37000,41000,45000,31171,2,950,2358.1590425555823,34.96729999460513,44584.39409999846,4141.106797985307
1781269295,500,,Aggregated,121.000000,0.000000,950,1800,2500,3000,4500,8500,22000,27000,37000,41000,45000,31310,2,950,2358.6175912136687,34.96729999460513,44584.39409999846,4143.02175023954
1781269296,500,,Aggregated,118.400000,0.000000,940,1800,2500,3000,4500,8500,22000,27000,37000,41000,45000,31444,2,940,2358.035157505403,34.96729999460513,44584.39409999846,4142.2942691769495
1781269297,500,,Aggregated,119.600000,0.000000,940,1800,2500,3000,4500,8500,22000,27000,37000,41000,45000,31594,2,940,2357.3798498575647,34.96729999460513,44584.39409999846,4145.48164208394
1781269298,500,,Aggregated,121.100000,0.000000,930,1800,2500,3000,4500,8500,21000,27000,37000,41000,45000,31730,2,930,2354.542272272294,34.96729999460513,44584.39409999846,4145.505326189726
1781269299,500,,Aggregated,122.500000,0.000000,930,1800,2500,3000,4500,8500,21000,27000,37000,41000,45000,31873,2,930,2352.916297797502,34.96729999460513,44584.39409999846,4144.227402503687
1781269300,500,,Aggregated,126.800000,0.000000,920,1800,2500,3000,4500,8500,21000,27000,37000,41000,45000,32025,2,920,2350.340532318497,34.96729999460513,44584.39409999846,4144.935612802498
1781269301,500,,Aggregated,128.700000,0.000000,910,1800,2500,3000,4600,8500,21000,27000,37000,41000,45000,32171,2,910,2344.947050079258,34.96729999460513,44584.39409999846,4145.4093438189675
1781269302,500,,Aggregated,132.500000,0.000000,900,1800,2500,3000,4600,8500,21000,27000,37000,41000,45000,32323,2,900,2339.9875232156623,34.96729999460513,44584.39409999846,4145.33882993534
1781269303,500,,Aggregated,135.900000,0.000000,900,1800,2500,3000,4600,8500,21000,27000,37000,41000,45000,32436,2,900,2338.083981964482,34.96729999460513,44584.39409999846,4145.45073375262
1781269304,500,,Aggregated,138.300000,0.000000,890,1800,2500,3000,4600,8600,21000,27000,37000,41000,45000,32618,2,890,2335.5492196486584,34.96729999460513,44584.39409999846,4147.218621619964
1781269305,500,,Aggregated,138.100000,0.000000,880,1800,2500,3000,4600,8500,21000,27000,37000,41000,45000,32772,2,880,2331.309548773341,34.96729999460513,44584.39409999846,4148.318869766874
1781269306,500,,Aggregated,143.800000,0.000000,880,1800,2500,3000,4600,8600,21000,27000,37000,41000,45000,32944,2,880,2329.858207764686,34.96729999460513,44584.39409999846,4148.704225352113
1781269307,500,,Aggregated,146.300000,0.000000,870,1800,2500,3000,4600,8700,21000,27000,37000,41000,45000,33092,2,870,2325.585189556383,34.96729999460513,44584.39409999846,4149.029251782908
1781269308,500,,Aggregated,148.100000,0.000000,850,1800,2500,3000,4600,8700,21000,27000,37000,41000,45000,33260,2,850,2319.602778244133,34.96729999460513,44584.39409999846,4148.517618761275
1781269309,500,,Aggregated,149.100000,0.000000,850,1800,2500,3000,4600,8600,21000,27000,37000,41000,45000,33421,2,850,2314.21850584662,34.96729999460513,44584.39409999846,4149.097513539391
1781269310,500,,Aggregated,152.000000,0.000000,840,1800,2500,3000,4600,8500,21000,27000,37000,41000,45000,33562,2,840,2310.3489569930234,34.96729999460513,44584.39409999846,4151.094124307252
1781269312,500,,Aggregated,151.500000,0.000000,850,1800,2500,3100,4600,8500,21000,27000,37000,41000,45000,33681,2,850,2317.4886988777002,34.96729999460513,44584.39409999846,4152.217362904902
1781269314,500,,Aggregated,128.800000,0.000000,870,1800,2500,3100,4700,8400,21000,27000,37000,41000,45000,33855,2,870,2323.455432931616,34.96729999460513,44584.39409999846,4153.971112095703
1781269315,500,,Aggregated,124.800000,0.000000,870,1800,2500,3100,4600,8300,21000,26000,37000,41000,45000,34169,2,870,2310.612422356519,34.96729999460513,44584.39409999846,4153.862360619275
1781269316,500,,Aggregated,124.300000,0.000000,860,1800,2500,3000,4600,8300,21000,26000,37000,41000,45000,34306,2,860,2302.8445088643366,34.96729999460513,44584.39409999846,4153.360228531452
1781269318,500,,Aggregated,135.000000,0.000000,860,1800,2500,3000,4600,8200,21000,26000,37000,41000,45000,34511,2,860,2294.3609238764425,34.96729999460513,44584.39409999846,4153.22085711802
1781269319,500,,Aggregated,131.200000,0.000000,850,1800,2400,3000,4600,8200,21000,26000,37000,41000,45000,34784,2,850,2281.624475534725,34.96729999460513,44584.39409999846,4153.113011729531
1781269320,500,,Aggregated,122.400000,0.000000,850,1800,2400,3000,4600,8100,21000,26000,37000,41000,45000,34972,2,850,2272.2982448215685,34.96729999460513,44584.39409999846,4153.408784170193
1781269321,500,,Aggregated,137.000000,0.000000,830,1700,2400,3000,4600,8100,21000,26000,37000,41000,45000,35160,2,830,2262.3819895164934,34.96729999460513,44584.39409999846,4153.535864618885
1781269322,500,,Aggregated,142.500000,0.000000,830,1700,2400,3000,4600,8000,21000,26000,37000,41000,45000,35396,2,830,2252.669078977845,34.96729999460513,44584.39409999846,4153.968018985196
1781269323,500,,Aggregated,153.900000,0.000000,820,1700,2400,3000,4500,7900,21000,26000,37000,41000,45000,35603,2,820,2243.243188776222,34.96729999460513,44584.39409999846,4151.688706007921
1781269324,500,,Aggregated,170.900000,0.000000,810,1700,2400,3000,4500,7800,21000,26000,37000,41000,45000,35793,2,810,2233.4698907216457,34.96729999460513,44584.39409999846,4153.023971167547
1781269325,500,,Aggregated,181.500000,0.000000,800,1700,2400,2900,4500,7800,21000,26000,37000,41000,45000,35931,2,800,2226.1207258857235,34.96729999460513,44584.39409999846,4150.840249366842
1781269326,500,,Aggregated,184.600000,0.000000,790,1700,2400,2900,4500,7700,20000,26000,37000,41000,45000,36110,2,790,2217.541968659647,34.96729999460513,44584.39409999846,4150.491747438383
1781269327,500,,Aggregated,169.500000,0.000000,780,1700,2400,2900,4500,7700,20000,26000,37000,41000,45000,36281,2,780,2213.2672283784827,34.96729999460513,44584.39409999846,4151.637358396957
1781269329,500,,Aggregated,179.000000,0.000000,780,1700,2400,2900,4500,7600,20000,26000,37000,41000,45000,36439,2,780,2209.0817104530806,34.96729999460513,44584.39409999846,4151.139356184308
1781269330,500,,Aggregated,184.800000,0.000000,770,1700,2400,2900,4500,7500,20000,26000,37000,41000,45000,36657,2,770,2204.2068537768987,34.96729999460513,44584.39409999846,4153.0036009493415
1781269331,500,,Aggregated,165.300000,0.000000,760,1700,2400,2900,4500,7500,20000,26000,37000,41000,45000,36857,2,760,2197.553710974845,34.96729999460513,44584.39409999846,4153.57234717964
1781269332,500,,Aggregated,163.300000,0.000000,760,1700,2400,2900,4500,7400,20000,26000,37000,41000,45000,37038,2,760,2190.3128666666607,34.96729999460513,44584.39409999846,4153.442815486797
1781269333,500,,Aggregated,167.700000,0.000000,750,1700,2300,2900,4500,7400,20000,26000,37000,41000,45000,37217,2,750,2182.602197318423,34.96729999460513,44584.39409999846,4152.311819867265
1781269334,500,,Aggregated,166.700000,0.000000,740,1700,2300,2900,4400,7300,20000,26000,37000,41000,45000,37400,2,740,2175.728910050797,34.96729999460513,44584.39409999846,4151.619144385027
1781269335,500,,Aggregated,166.400000,0.000000,730,1700,2300,2900,4400,7300,20000,26000,37000,41000,45000,37578,2,730,2169.0243962744066,34.96729999460513,44584.39409999846,4152.33367928043
1781269336,500,,Aggregated,165.200000,0.000000,720,1700,2300,2900,4400,7300,20000,26000,37000,41000,45000,37773,2,720,2162.1075755221877,34.96729999460513,44584.39409999846,4152.766526354803
1781269337,500,,Aggregated,165.800000,0.000000,720,1700,2300,2900,4400,7200,20000,26000,37000,41000,45000,37956,2,720,2156.4787509642633,34.96729999460513,44584.39409999846,4154.3481926441145
1781269338,500,,Aggregated,172.700000,0.000000,710,1700,2300,2900,4400,7200,20000,26000,37000,41000,45000,38141,2,710,2149.22411392464,34.96729999460513,44584.39409999846,4155.595946619123
1781269339,500,,Aggregated,170.900000,0.000000,710,1700,2300,2900,4400,7200,20000,26000,37000,41000,45000,38295,2,710,2144.15050936414,34.96729999460513,44584.39409999846,4156.329677503591
1781269340,500,,Aggregated,177.300000,0.000000,700,1700,2300,2900,4400,7200,20000,26000,37000,41000,45000,38453,2,700,2138.97007988453,34.96729999460513,44584.39409999846,4156.477752060958
1781269341,500,,Aggregated,182.700000,0.000000,700,1700,2300,2900,4400,7100,20000,26000,37000,41000,45000,38603,2,700,2134.2456150066027,34.96729999460513,44584.39409999846,4156.823148459965
1781269342,500,,Aggregated,181.300000,0.000000,700,1700,2300,2900,4400,7100,20000,26000,37000,41000,45000,38753,2,700,2127.2955591025157,34.96729999460513,44584.39409999846,4156.216499367791
1781269343,500,,Aggregated,173.400000,0.000000,690,1700,2300,2900,4400,7100,20000,26000,37000,41000,45000,38879,2,690,2120.841483366338,34.96729999460513,44584.39409999846,4155.27251215309
1781269344,500,,Aggregated,173.600000,0.000000,680,1600,2300,2800,4400,7100,20000,26000,37000,41000,45000,39003,2,680,2114.4361118836973,34.96729999460513,44584.39409999846,4156.328667025614
1781269345,500,,Aggregated,167.900000,0.000000,670,1600,2300,2800,4300,7100,20000,26000,37000,41000,45000,39087,2,670,2110.0453441323134,34.96729999460513,44584.39409999846,4156.186455854888
1781269346,500,,Aggregated,160.800000,0.000000,670,1600,2300,2800,4300,7100,20000,26000,37000,41000,45000,39177,2,670,2105.36824000561,34.96729999460513,44584.39409999846,4156.231436812415
1781269347,500,,Aggregated,153.600000,0.000000,660,1600,2300,2800,4300,7000,20000,26000,37000,41000,45000,39253,2,660,2101.944828076829,34.96729999460513,44584.39409999846,4156.229918732326
1781269348,500,,Aggregated,142.100000,0.000000,660,1600,2300,2800,4300,7000,20000,26000,37000,41000,45000,39311,2,660,2099.0260785607024,34.96729999460513,44584.39409999846,4156.2551448703925
1781269349,500,,Aggregated,133.700000,0.000000,660,1600,2300,2800,4300,7000,20000,26000,37000,41000,45000,39382,2,660,2095.361461853124,34.96729999460513,44584.39409999846,4155.487583159819
1781269350,500,,Aggregated,120.900000,0.000000,650,1600,2300,2800,4300,7000,20000,26000,37000,41000,45000,39428,2,650,2092.9941065917537,34.96729999460513,44584.39409999846,4156.659252308004
1781269351,500,,Aggregated,109.700000,0.000000,650,1600,2300,2800,4300,7000,20000,26000,37000,41000,45000,39470,2,650,2090.834578565992,34.96729999460513,44584.39409999846,4156.777071193312
1781269352,500,,Aggregated,101.500000,0.000000,650,1600,2300,2800,4300,7000,20000,26000,37000,41000,45000,39512,2,650,2088.6883479120206,34.96729999460513,44584.39409999846,4157.130441384896
1781269353,500,,Aggregated,90.300000,0.000000,650,1600,2300,2800,4300,7000,20000,26000,37000,41000,45000,39545,2,650,2087.0001004475857,34.96729999460513,44584.39409999846,4157.069439878619
1781269354,500,,Aggregated,78.200000,0.000000,640,1600,2300,2800,4300,7000,20000,26000,37000,41000,45000,39574,2,640,2085.51636931318,34.96729999460513,44584.39409999846,4156.665790670642
1781269355,500,,Aggregated,69.400000,0.000000,640,1600,2300,2800,4300,7000,20000,26000,37000,41000,45000,39600,2,640,2084.1848259267626,34.96729999460513,44584.39409999846,4156.818005050505
1781269356,500,,Aggregated,60.800000,0.000000,640,1600,2300,2800,4300,7000,20000,26000,37000,41000,45000,39622,2,640,2083.174839059103,34.96729999460513,44584.39409999846,4156.629145424259
1781269357,500,,Aggregated,53.500000,0.000000,640,1600,2300,2800,4300,7000,20000,26000,37000,41000,45000,39642,2,640,2082.158557761964,34.96729999460513,44584.39409999846,4156.96728217547
1781269358,500,,Aggregated,46.400000,0.000000,640,1600,2300,2800,4300,7000,20000,26000,37000,41000,45000,39668,2,640,2084.3290147852113,34.96729999460513,44584.39409999846,4157.077266310376
1781269359,500,,Aggregated,40.600000,0.000000,640,1600,2300,2800,4300,7000,20000,26000,37000,41000,45000,39696,2,640,2087.88762636537,34.96729999460513,44584.39409999846,4156.231559854898
1781269360,500,,Aggregated,35.400000,0.000000,640,1600,2300,2800,4300,7100,20000,26000,37000,41000,45000,39725,2,640,2094.632416438005,34.96729999460513,44584.39409999846,4155.653064820642
1781269361,500,,Aggregated,33.200000,0.000000,640,1600,2300,2800,4300,7100,20000,26000,37000,41000,45000,39762,2,640,2098.9586775136995,34.96729999460513,44584.39409999846,4155.1224787485535
1781269362,500,,Aggregated,29.900000,0.000000,640,1600,2300,2800,4300,7100,20000,26000,37000,41000,45000,39795,2,640,2101.4493700238654,34.96729999460513,44584.39409999846,4155.103882397286
1781269363,500,,Aggregated,29.300000,0.000000,640,1600,2300,2800,4300,7200,20000,26000,37000,41000,45000,39839,2,640,2108.4886183639082,34.96729999460513,44584.39409999846,4154.016441175732
1781269364,500,,Aggregated,28.700000,0.000000,640,1600,2300,2800,4400,7200,20000,26000,37000,41000,45000,39868,2,640,2113.3329674726524,34.96729999460513,44584.39409999846,4154.199132136049
1781269365,500,,Aggregated,27.700000,0.000000,640,1600,2300,2800,4400,7200,20000,26000,37000,41000,45000,39909,2,640,2118.947967989668,34.96729999460513,44584.39409999846,4154.927409857426
1781269366,500,,Aggregated,28.500000,0.000000,640,1600,2300,2800,4400,7300,21000,26000,37000,41000,45000,39969,2,640,2132.864081723326,34.96729999460513,44584.39409999846,4156.013760664515
1781269367,500,,Aggregated,30.000000,0.000000,630,1600,2300,2800,4400,7400,21000,26000,37000,40000,45000,40029,2,630,2142.2841641634723,34.96729999460513,44584.39409999846,4156.104649129381
1781269368,500,,Aggregated,33.200000,0.000000,630,1600,2300,2800,4400,7500,21000,26000,37000,40000,45000,40080,2,630,2150.016094505979,34.96729999460513,44584.39409999846,4156.130064870259
1781269369,500,,Aggregated,36.200000,0.000000,630,1600,2300,2800,4400,7500,21000,26000,37000,40000,45000,40141,2,630,2159.1114815300975,34.96729999460513,44584.39409999846,4156.342069206049
1781269370,500,,Aggregated,39.200000,0.000000,630,1600,2300,2800,4400,7700,21000,26000,37000,40000,45000,40200,2,630,2169.660235820887,34.96729999460513,44584.39409999846,4156.236915422885
1781269371,500,,Aggregated,42.200000,0.000000,630,1600,2300,2800,4400,7800,21000,26000,37000,40000,45000,40253,2,630,2174.269276953264,34.96729999460513,44584.39409999846,4155.63262365538
1781269372,500,,Aggregated,44.900000,0.000000,630,1600,2300,2800,4400,7900,21000,26000,37000,40000,45000,40315,3,630,2185.0465845938165,34.96729999460513,44584.39409999846,4155.50370829716
1781269373,500,,Aggregated,47.900000,0.000000,630,1600,2300,2800,4400,7900,22000,26000,37000,40000,45000,40377,3,630,2188.1025539316884,34.96729999460513,44584.39409999846,4155.671570448522
1781269374,500,,Aggregated,49.800000,0.100000,620,1600,2300,2800,4400,8000,22000,27000,37000,40000,45000,40453,3,620,2195.7155852446003,34.96729999460513,44584.39409999846,4155.432353595531
1781269375,500,,Aggregated,53.500000,0.100000,620,1600,2300,2800,4500,8100,22000,27000,37000,40000,45000,40556,3,620,2210.5662211731906,34.96729999460513,44584.39409999846,4153.825229312555
1781269376,500,,Aggregated,55.900000,0.100000,620,1600,2300,2800,4500,8300,22000,27000,37000,40000,45000,40654,3,620,2221.277818256503,34.96729999460513,44584.39409999846,4153.85880848133
1781269377,500,,Aggregated,60.400000,0.100000,610,1600,2300,2800,4500,8400,22000,27000,37000,40000,45000,40780,3,610,2231.362543734672,34.96729999460513,44584.39409999846,4153.878592447278
1781269378,500,,Aggregated,65.500000,0.100000,610,1600,2300,2800,4500,8500,22000,27000,37000,40000,45000,40856,3,610,2239.699678886822,34.96729999460513,44584.39409999846,4153.212086352066
1781269379,500,,Aggregated,71.100000,0.100000,610,1600,2300,2800,4500,8700,22000,27000,37000,40000,45000,41041,3,610,2246.3793680100353,34.96729999460513,44584.39409999846,4152.529348700081
1781269380,500,,Aggregated,77.700000,0.100000,600,1600,2300,2800,4500,8900,23000,28000,37000,40000,45000,41190,3,600,2256.8127866545233,34.96729999460513,44584.39409999846,4151.3541879096865
1781269381,500,,Aggregated,83.600000,0.100000,600,1600,2300,2800,4500,9300,23000,28000,38000,40000,45000,41354,3,600,2277.888715652653,34.96729999460513,44584.39409999846,4150.670696909609
1781269382,500,,Aggregated,90.800000,0.100000,600,1600,2300,2800,4600,9500,23000,28000,38000,40000,45000,41562,3,600,2296.2102036692127,34.96729999460513,44584.39409999846,4150.174775034888
1781269383,500,,Aggregated,102.400000,0.100000,590,1600,2300,2800,4600,10000,24000,28000,38000,41000,45000,41787,4,590,2314.1323391126366,34.96729999460513,44584.39409999846,4149.653337162275
1781269384,500,,Aggregated,112.500000,0.000000,580,1600,2300,2800,4600,10000,24000,28000,38000,41000,45000,42026,4,580,2317.702346466465,34.96729999460513,44584.39409999846,4149.8091419597395
1781269385,500,,Aggregated,127.100000,0.000000,570,1600,2300,2800,4600,10000,24000,28000,38000,41000,45000,42263,4,570,2310.8007595911245,34.96729999460513,44584.39409999846,4149.308496793886
1781269386,500,,Aggregated,143.800000,0.100000,560,1500,2200,2800,4600,10000,24000,28000,38000,41000,45000,42471,4,560,2300.2245383037744,34.96729999460513,44584.39409999846,4148.165030255939
1781269387,500,,Aggregated,159.400000,0.100000,550,1500,2200,2800,4600,10000,23000,28000,38000,41000,45000,42709,4,550,2288.6023074504064,34.96729999460513,44584.39409999846,4150.370062516097
1781269388,500,,Aggregated,171.400000,0.100000,550,1500,2200,2800,4500,10000,23000,28000,38000,41000,45000,42933,4,550,2277.9150243914837,34.96729999460513,44584.39409999846,4150.362518342534
1781269390,500,,Aggregated,193.600000,0.100000,540,1500,2200,2800,4500,10000,23000,28000,38000,41000,45000,43158,4,540,2267.4363626048385,34.96729999460513,44584.39409999846,4151.074447379397
1781269391,500,,Aggregated,205.000000,0.100000,550,1500,2200,2800,4500,9900,23000,28000,38000,41000,45000,43286,4,550,2263.268254955406,34.96729999460513,44584.39409999846,4150.786582266784
1781269392,500,,Aggregated,204.200000,0.100000,550,1500,2200,2800,4500,9700,23000,28000,38000,41000,45000,43587,4,550,2251.4572272191176,34.96729999460513,44584.39409999846,4150.740473076835
1781269393,500,,Aggregated,198.200000,0.100000,540,1500,2200,2800,4500,9600,23000,28000,38000,41000,45000,43704,4,540,2245.6898885319347,34.96729999460513,44584.39409999846,4150.633488925499
1781269394,500,,Aggregated,188.300000,0.100000,540,1500,2200,2700,4500,9500,23000,28000,38000,41000,45000,43852,4,540,2238.4350139104195,34.96729999460513,44584.39409999846,4148.359550305573
1781269395,500,,Aggregated,198.400000,0.100000,530,1500,2200,2700,4500,9500,23000,28000,38000,41000,45000,43986,4,530,2232.354248863267,34.96729999460513,44584.39409999846,4148.236779884509
1781269396,500,,Aggregated,187.500000,0.000000,530,1400,2100,2700,4400,9400,23000,28000,38000,41000,45000,44101,4,530,2227.2880616856696,34.96729999460513,44584.39409999846,4147.641073898551
1781269397,500,,Aggregated,178.000000,0.000000,530,1400,2100,2700,4400,9400,23000,28000,38000,41000,45000,44199,4,530,2222.519208402898,34.96729999460513,44584.39409999846,4147.458766035431
1781269398,500,,Aggregated,169.000000,0.000000,520,1400,2100,2700,4400,9400,23000,28000,38000,41000,45000,44286,4,520,2218.314233773647,34.96729999460513,44584.39409999846,4147.80219482455
1781269399,500,,Aggregated,158.200000,0.000000,520,1400,2100,2700,4400,9400,23000,28000,38000,41000,45000,44363,4,520,2214.662875849238,34.96729999460513,44584.39409999846,4147.844397358159
1781269400,500,,Aggregated,144.800000,0.000000,520,1400,2100,2700,4400,9400,23000,28000,38000,41000,45000,44437,4,520,2211.182824531353,34.96729999460513,44584.39409999846,4148.407003173032
1781269401,500,,Aggregated,130.400000,0.000000,520,1400,2100,2700,4400,9300,23000,28000,38000,41000,45000,44507,4,520,2207.8780780416496,34.96729999460513,44584.39409999846,4148.520749545015
1781269402,500,,Aggregated,126.000000,0.000000,520,1400,2100,2700,4400,9300,23000,28000,38000,41000,45000,44560,4,520,2205.3580935121117,34.96729999460513,44584.39409999846,4148.428119389587
1781269403,500,,Aggregated,121.100000,0.000000,510,1400,2100,2700,4400,9200,23000,28000,38000,41000,45000,44618,4,510,2202.585686209596,34.96729999460513,44584.39409999846,4147.9571921645975
1781269404,500,,Aggregated,122.400000,0.000000,510,1400,2100,2700,4400,9200,23000,28000,38000,41000,45000,44662,4,510,2200.514052767448,34.96729999460513,44584.39409999846,4148.265371008912
1781269405,500,,Aggregated,96.400000,0.000000,510,1400,2100,2700,4400,9200,23000,28000,38000,41000,45000,44707,4,510,2198.382592486629,34.96729999460513,44584.39409999846,4148.246672780549
1781269406,500,,Aggregated,89.800000,0.000000,510,1400,2100,2700,4400,9100,23000,28000,38000,41000,45000,44745,4,510,2196.5933045949214,34.96729999460513,44584.39409999846,4148.6218795396135
1781269407,500,,Aggregated,80.000000,0.000000,510,1400,2100,2700,4400,9100,23000,28000,38000,41000,45000,44780,4,510,2194.9532170165203,34.96729999460513,44584.39409999846,4148.870410897723
1781269409,500,,Aggregated,70.900000,0.000000,510,1400,2100,2700,4400,9100,23000,28000,38000,41000,45000,44806,4,510,2193.763077663701,34.96729999460513,44584.39409999846,4149.010556621881
1781269410,500,,Aggregated,63.600000,0.000000,510,1400,2100,2700,4400,9000,23000,28000,38000,41000,45000,44837,4,510,2192.44517810067,34.96729999460513,44584.39409999846,4149.174877891028
1781269411,500,,Aggregated,57.500000,0.000000,510,1400,2100,2700,4400,9000,23000,28000,38000,41000,45000,44864,4,510,2191.168813496338,34.96729999460513,44584.39409999846,4149.756597717546
1781269412,500,,Aggregated,46.400000,0.000000,510,1400,2100,2700,4400,9000,23000,28000,38000,41000,45000,44884,4,510,2191.125591473569,34.96729999460513,44584.39409999846,4149.644438998307
1781269413,500,,Aggregated,46.400000,0.000000,510,1400,2100,2700,4400,9200,23000,28000,38000,41000,45000,44916,4,510,2194.9132107645314,34.96729999460513,44584.39409999846,4149.7953290586875
1781269414,500,,Aggregated,37.300000,0.000000,510,1400,2100,2700,4400,9400,23000,28000,38000,41000,45000,44956,4,510,2201.6603734629352,34.96729999460513,44584.39409999846,4150.6926995284275
1781269415,500,,Aggregated,35.200000,0.000000,510,1400,2100,2700,4400,9500,23000,28000,38000,41000,45000,45006,4,510,2211.1119576678607,34.96729999460513,44584.39409999846,4152.076189841355
1781269416,500,,Aggregated,33.400000,0.000000,510,1400,2100,2700,4400,9800,23000,28000,38000,41000,45000,45066,4,510,2220.986443496199,34.96729999460513,44584.39409999846,4152.776527759286
1781269417,500,,Aggregated,33.700000,0.000000,510,1400,2100,2700,4400,10000,23000,28000,38000,41000,45000,45121,4,510,2229.0887865472787,34.96729999460513,44584.39409999846,4153.447086722369
1781269418,500,,Aggregated,35.200000,0.000000,510,1400,2100,2700,4500,10000,23000,28000,38000,41000,45000,45197,4,510,2236.2847277606866,34.96729999460513,44584.39409999846,4153.028873597806
1781269419,500,,Aggregated,36.900000,0.000000,510,1400,2100,2700,4500,10000,23000,28000,38000,41000,45000,45268,4,510,2244.8384037664523,34.96729999460513,44584.39409999846,4152.721989043032
1781269420,500,,Aggregated,41.000000,0.000000,510,1400,2100,2700,4500,11000,24000,28000,38000,41000,45000,45347,4,510,2256.582635638514,34.96729999460513,44584.39409999846,4152.841797693342
1781269421,500,,Aggregated,45.300000,0.000000,500,1400,2100,2700,4500,11000,24000,28000,38000,41000,45000,45438,4,500,2264.302077600242,34.96729999460513,44584.39409999846,4151.3390554161715
1781269422,500,,Aggregated,50.500000,0.000000,500,1400,2100,2700,4500,11000,24000,28000,38000,41000,45000,45529,4,500,2275.1845671747647,34.96729999460513,44584.39409999846,4151.553976586351
1781269423,500,,Aggregated,56.700000,0.000000,500,1400,2100,2700,4500,11000,24000,28000,38000,41000,45000,45611,4,500,2278.7347851066597,34.96729999460513,44584.39409999846,4150.399684286685
1781269424,500,,Aggregated,63.200000,0.000000,500,1400,2100,2700,4500,11000,24000,28000,38000,41000,45000,45702,4,500,2282.5713831429694,34.96729999460513,44584.39409999846,4149.191479585139
1781269425,500,,Aggregated,68.700000,0.000000,500,1400,2100,2700,4500,11000,24000,28000,38000,41000,45000,45791,5,500,2287.7132196676203,34.96729999460513,44584.39409999846,4149.611015265008
1781269426,500,,Aggregated,73.500000,0.000000,500,1400,2100,2700,4500,12000,24000,28000,38000,41000,45000,45884,6,500,2299.9476932917796,34.96729999460513,44584.39409999846,4149.831139394996
1781269427,500,,Aggregated,77.600000,0.100000,500,1400,2100,2700,4600,12000,24000,28000,38000,41000,45000,46005,6,500,2308.9050743397456,34.96729999460513,44584.39409999846,4149.874644060428
1781269428,500,,Aggregated,81.700000,0.200000,490,1400,2100,2700,4600,12000,25000,28000,38000,41000,45000,46136,7,490,2317.878893213542,34.96729999460513,44584.39409999846,4150.169607248136
1781269429,500,,Aggregated,87.100000,0.200000,490,1400,2100,2700,4600,12000,25000,29000,38000,41000,45000,46281,8,490,2326.942559998705,34.96729999460513,44584.39409999846,4148.615911497159
1781269430,500,,Aggregated,92.600000,0.200000,490,1400,2100,2700,4600,12000,25000,29000,38000,41000,45000,46436,8,490,2327.642150435007,34.96729999460513,44584.39409999846,4148.059931949349
1781269431,500,,Aggregated,99.500000,0.400000,480,1400,2100,2700,4600,12000,25000,29000,38000,41000,45000,46615,10,480,2338.6526706939826,34.96729999460513,44584.39409999846,4145.917086774643
1781269432,500,,Aggregated,106.400000,0.400000,480,1400,2100,2700,4600,12000,25000,29000,38000,41000,45000,46800,10,480,2340.5212437457258,34.96729999460513,44584.39409999846,4145.8872008547005
1781269433,500,,Aggregated,115.200000,0.600000,480,1400,2100,2700,4600,12000,25000,29000,38000,41000,45000,47011,10,480,2348.7606166705677,34.96729999460513,44584.39409999846,4146.335963923337
1781269434,500,,Aggregated,125.300000,0.600000,470,1400,2100,2700,4700,13000,25000,29000,38000,41000,45000,47270,13,470,2355.75575060292,34.96729999460513,44584.39409999846,4146.09521895494
1781269435,500,,Aggregated,136.500000,0.600000,470,1400,2100,2700,4700,12000,25000,29000,38000,41000,45000,47498,13,470,2350.1782410269916,34.96729999460513,44584.39409999846,4145.968946060887
1781269436,500,,Aggregated,151.400000,0.700000,460,1300,2100,2700,4600,12000,25000,29000,38000,41000,45000,47723,13,460,2339.8349099784177,34.96729999460513,44584.39409999846,4145.758753640802
1781269437,500,,Aggregated,167.300000,0.800000,460,1300,2100,2700,4600,12000,25000,29000,38000,41000,45000,47960,13,460,2328.8489354837384,34.96729999460513,44584.39409999846,4144.390971643036
1781269438,500,,Aggregated,179.700000,0.700000,450,1300,2100,2700,4600,12000,25000,29000,38000,41000,45000,48210,13,450,2317.272320076748,34.96729999460513,44584.39409999846,4142.793735739473
1781269439,500,,Aggregated,191.000000,0.700000,440,1300,2100,2700,4600,12000,25000,29000,38000,41000,45000,48451,13,440,2306.2630842500694,34.96729999460513,44584.39409999846,4141.450062950197
1781269440,500,,Aggregated,203.000000,0.700000,440,1300,2000,2600,4600,12000,25000,29000,38000,41000,45000,48691,13,440,2295.3554620689665,34.96729999460513,44584.39409999846,4141.309728697295
1781269441,500,,Aggregated,214.200000,0.500000,430,1300,2000,2600,4600,12000,25000,29000,38000,41000,45000,48910,13,430,2285.779290421186,34.96729999460513,44584.39409999846,4141.087507667144
1781269442,500,,Aggregated,221.100000,0.500000,420,1300,2000,2600,4500,12000,25000,29000,38000,41000,45000,49140,13,420,2275.7139501567,34.96729999460513,44584.39409999846,4140.661314611315
1781269443,500,,Aggregated,225.700000,0.300000,420,1300,2000,2600,4500,12000,25000,29000,38000,41000,45000,49388,13,420,2265.4133567243116,34.96729999460513,44584.39409999846,4141.789463027456
1781269444,500,,Aggregated,230.900000,0.300000,420,1300,2000,2600,4500,12000,25000,29000,38000,41000,45000,49598,13,420,2256.3233078188728,34.96729999460513,44584.39409999846,4141.04111052865
1781269445,500,,Aggregated,233.800000,0.300000,410,1200,2000,2600,4500,12000,25000,29000,38000,41000,45000,49856,13,410,2245.5748789052577,34.96729999460513,44584.39409999846,4139.600409178433
1781269446,500,,Aggregated,234.300000,0.200000,410,1200,2000,2600,4500,12000,25000,29000,38000,41000,45000,50102,13,410,2235.384647844405,34.96729999460513,44584.39409999846,4141.770388407648
1781269447,500,,Aggregated,231.300000,0.000000,400,1200,2000,2600,4400,12000,24000,29000,38000,41000,45000,50330,13,400,2225.6430898708613,34.96729999460513,44584.39409999846,4142.498668786012
1781269448,500,,Aggregated,235.600000,0.000000,400,1200,2000,2500,4400,11000,24000,29000,38000,41000,45000,50577,13,400,2215.2595954564413,34.96729999460513,44584.39409999846,4142.9313126519955
1781269449,500,,Aggregated,234.200000,0.000000,390,1200,1900,2500,4400,11000,24000,29000,38000,41000,45000,50807,13,390,2205.7075672761707,34.96729999460513,44584.39409999846,4144.829708504733
1781269450,500,,Aggregated,233.700000,0.000000,390,1200,1900,2500,4400,11000,24000,29000,38000,41000,45000,51056,13,390,2195.5355097304996,34.96729999460513,44584.39409999846,4145.573096208085
1781269451,500,,Aggregated,232.200000,0.000000,380,1200,1900,2500,4400,11000,24000,28000,38000,41000,45000,51283,13,380,2186.288697038014,34.96729999460513,44584.39409999846,4144.269446015249
1781269452,500,,Aggregated,233.700000,0.000000,380,1200,1900,2500,4400,11000,24000,28000,38000,41000,45000,51461,13,380,2179.403844863112,34.96729999460513,44584.39409999846,4144.810244651289
1781269453,500,,Aggregated,234.600000,0.000000,370,1200,1900,2500,4300,11000,24000,28000,38000,41000,45000,51680,13,370,2171.2452743750105,34.96729999460513,44584.39409999846,4144.565092879257
1781269454,500,,Aggregated,231.200000,0.000000,370,1200,1900,2500,4300,11000,24000,28000,38000,41000,45000,51883,13,370,2163.688334128725,34.96729999460513,44584.39409999846,4142.890812019351
1781269455,500,,Aggregated,228.800000,0.000000,370,1200,1900,2500,4300,11000,24000,28000,38000,41000,45000,52085,13,370,2156.7141397868986,34.96729999460513,44584.39409999846,4142.990553902275
1781269456,500,,Aggregated,225.800000,0.000000,370,1100,1900,2400,4300,11000,24000,28000,38000,41000,45000,52268,13,370,2150.407654517118,34.96729999460513,44584.39409999846,4143.735995255223
1781269457,500,,Aggregated,223.900000,0.000000,360,1100,1900,2400,4300,11000,24000,28000,38000,41000,45000,52449,13,360,2144.3811179393438,34.96729999460513,44584.39409999846,4144.117237697573
1781269458,500,,Aggregated,215.400000,0.000000,360,1100,1900,2400,4300,11000,24000,28000,38000,41000,45000,52630,13,360,2138.1726944119437,34.96729999460513,44584.39409999846,4144.363537906137
1781269459,500,,Aggregated,212.500000,0.000000,360,1100,1900,2400,4300,11000,24000,28000,38000,41000,45000,52812,13,360,2133.2581265299646,34.96729999460513,44584.39409999846,4143.4037908051205
1781269460,500,,Aggregated,208.100000,0.000000,360,1100,1900,2400,4300,10000,24000,28000,38000,41000,45000,53010,13,360,2128.1330071118737,34.96729999460513,44584.39409999846,4142.955819656669
1781269461,500,,Aggregated,201.700000,0.000000,350,1100,1900,2400,4300,10000,24000,28000,38000,41000,45000,53199,13,350,2123.2689912423234,34.96729999460513,44584.39409999846,4141.466080189477
1781269462,500,,Aggregated,196.300000,0.000000,350,1100,1900,2400,4300,10000,24000,28000,38000,41000,45000,53395,13,350,2118.5265989231257,34.96729999460513,44584.39409999846,4139.4919561756715
1781269463,500,,Aggregated,192.500000,0.000000,350,1100,1900,2400,4300,10000,24000,28000,38000,41000,45000,53599,13,350,2113.7175410194286,34.96729999460513,44584.39409999846,4140.536446575496
1781269464,500,,Aggregated,192.100000,0.000000,350,1100,1900,2400,4200,10000,24000,28000,38000,41000,45000,53749,13,350,2108.9692674859134,34.96729999460513,44584.39409999846,4140.802433533647
1781269465,500,,Aggregated,190.300000,0.000000,340,1100,1900,2400,4200,10000,24000,28000,38000,41000,45000,53926,13,340,2104.2054669973736,34.96729999460513,44584.39409999846,4141.218317694618
1781269466,500,,Aggregated,187.700000,0.000000,340,1100,1900,2400,4200,10000,24000,28000,38000,41000,45000,54109,13,340,2099.0377385074626,34.96729999460513,44584.39409999846,4140.3926149069475
1781269467,500,,Aggregated,184.100000,0.000000,340,1100,1900,2400,4200,10000,24000,28000,38000,41000,45000,54272,13,340,2093.2412323260655,34.96729999460513,44584.39409999846,4139.619030070755
1781269468,500,,Aggregated,185.700000,0.000000,340,1100,1800,2400,4200,9900,24000,28000,38000,41000,45000,54416,13,340,2088.138799029701,34.96729999460513,44584.39409999846,4139.466480446928
1781269469,500,,Aggregated,182.900000,0.000000,330,1100,1800,2400,4200,9800,24000,28000,38000,41000,45000,54545,13,330,2083.50385590797,34.96729999460513,44584.39409999846,4138.858282152351
1781269470,500,,Aggregated,179.300000,0.000000,330,1100,1800,2400,4200,9700,24000,28000,38000,41000,45000,54679,13,330,2078.6688463176047,34.96729999460513,44584.39409999846,4137.39834305675
1781269471,500,,Aggregated,175.300000,0.000000,330,1100,1800,2400,4200,9700,24000,28000,38000,41000,45000,54792,13,330,2074.640531709013,34.96729999460513,44584.39409999846,4137.202620820558
1781269472,500,,Aggregated,169.900000,0.000000,330,1100,1800,2400,4200,9600,24000,28000,38000,41000,45000,54894,13,330,2071.097303404746,34.96729999460513,44584.39409999846,4136.833788756512
1781269473,500,,Aggregated,163.000000,0.000000,330,1000,1800,2400,4200,9600,24000,28000,38000,41000,45000,54980,13,330,2068.048266849767,34.96729999460513,44584.39409999846,4137.402564568934
1781269474,500,,Aggregated,153.200000,0.000000,330,1000,1800,2400,4200,9500,24000,28000,37000,41000,45000,55083,13,330,2064.394980794442,34.96729999460513,44584.39409999846,4137.249605141332
1781269475,500,,Aggregated,143.100000,0.000000,320,1000,1800,2400,4200,9500,24000,28000,37000,41000,45000,55172,13,320,2062.138485287831,34.96729999460513,44584.39409999846,4138.265986369898
1781269476,500,,Aggregated,135.900000,0.000000,320,1000,1800,2300,4200,9600,24000,28000,37000,41000,45000,55257,13,320,2061.926047159639,34.96729999460513,44584.39409999846,4138.190781258483
1781269477,500,,Aggregated,127.100000,0.000000,320,1000,1800,2300,4200,9600,24000,28000,37000,41000,45000,55339,13,320,2061.009982948738,34.96729999460513,44584.39409999846,4139.231247402375
1781269478,500,,Aggregated,116.800000,0.000000,320,1000,1800,2300,4200,9700,24000,28000,37000,41000,45000,55422,13,320,2060.7844369799045,34.96729999460513,44584.39409999846,4139.922467612139
1781269479,500,,Aggregated,110.100000,0.000000,320,1000,1800,2300,4200,9700,24000,28000,37000,41000,45000,55501,13,320,2059.4856124340145,34.96729999460513,44584.39409999846,4140.110502513468
1781269480,500,,Aggregated,101.200000,0.000000,320,1000,1800,2300,4200,9800,24000,28000,37000,41000,45000,55579,13,320,2060.29536484284,34.96729999460513,44584.39409999846,4140.274060346534
1781269481,500,,Aggregated,97.000000,0.000000,320,1000,1800,2300,4200,9800,23000,28000,37000,41000,45000,55669,13,320,2060.0626016328697,34.96729999460513,44584.39409999846,4140.059458585568
1781269482,500,,Aggregated,91.600000,0.000000,320,1000,1800,2300,4200,9900,23000,28000,37000,41000,45000,55739,13,320,2059.7694624733176,34.96729999460513,44584.39409999846,4139.933744774754
1781269483,500,,Aggregated,86.400000,0.000000,320,1000,1800,2300,4200,10000,23000,28000,37000,41000,45000,55824,13,310,2061.768863263118,34.96729999460513,44584.39409999846,4139.463187876182
1781269484,500,,Aggregated,85.000000,0.000000,310,1000,1800,2300,4200,10000,23000,28000,37000,41000,45000,55905,13,310,2063.605747464454,34.96729999460513,44584.39409999846,4139.696753420982
1781269485,500,,Aggregated,83.700000,0.000000,310,1000,1800,2300,4200,10000,23000,28000,37000,41000,45000,55992,13,310,2064.8031629822167,34.96729999460513,44584.39409999846,4140.248892698957
1781269486,500,,Aggregated,81.800000,0.000000,310,1000,1800,2300,4200,10000,23000,28000,37000,41000,45000,56082,13,310,2064.7015470614515,34.96729999460513,44584.39409999846,4140.085945579687
1781269487,500,,Aggregated,81.700000,0.000000,310,1000,1800,2300,4200,10000,23000,28000,37000,41000,45000,56169,13,310,2070.372285443933,34.96729999460513,44584.39409999846,4139.85965568196
1781269488,500,,Aggregated,81.900000,0.000000,310,1000,1800,2300,4200,10000,23000,28000,37000,41000,45000,56260,13,310,2071.5097479843635,34.96729999460513,44584.39409999846,4139.556861002488
1781269489,500,,Aggregated,81.900000,0.000000,310,1000,1800,2300,4200,10000,23000,28000,37000,41000,45000,56334,13,310,2070.8225833546394,34.96729999460513,44584.39409999846,4140.037401924237
1781269490,500,,Aggregated,83.300000,0.000000,310,1000,1800,2300,4200,11000,23000,28000,37000,41000,45000,56419,13,310,2071.570129709854,34.96729999460513,44584.39409999846,4140.281040075152
1781269491,500,,Aggregated,82.300000,0.000000,310,1000,1800,2300,4200,11000,24000,28000,37000,41000,45000,56523,13,310,2081.5084873555943,34.96729999460513,44584.39409999846,4138.938980591972
1781269492,500,,Aggregated,83.300000,0.000000,310,1000,1800,2300,4200,11000,24000,28000,37000,41000,45000,56624,13,310,2083.235730536527,34.96729999460513,44584.39409999846,4137.838566685505
1781269493,500,,Aggregated,84.200000,0.000000,310,1000,1800,2300,4200,11000,24000,28000,37000,41000,45000,56705,13,310,2086.114810863246,34.96729999460513,44584.39409999846,4138.802609999118
1781269494,500,,Aggregated,85.800000,0.000000,300,1000,1800,2300,4200,11000,24000,28000,37000,41000,45000,56818,13,300,2091.8738973071995,34.96729999460513,44584.39409999846,4139.74550318561
1781269495,500,,Aggregated,88.500000,0.000000,300,1000,1800,2300,4300,11000,24000,28000,37000,41000,45000,56940,13,300,2096.741283719713,34.96729999460513,44584.39409999846,4138.773410607657
1781269496,500,,Aggregated,89.300000,0.000000,300,990,1800,2300,4300,11000,24000,28000,37000,41000,45000,57054,13,300,2099.3058616118133,34.96729999460513,44584.39409999846,4139.000946471763
1781269497,500,,Aggregated,91.000000,0.000000,300,990,1800,2300,4300,11000,24000,28000,37000,41000,45000,57182,13,300,2104.4780988143207,34.96729999460513,44584.39409999846,4140.017120772271
1781269498,500,,Aggregated,94.300000,0.000000,300,990,1800,2300,4300,11000,24000,28000,37000,41000,45000,57319,13,300,2105.982489230457,34.96729999460513,44584.39409999846,4139.523090074845
1781269499,500,,Aggregated,96.700000,0.000000,300,990,1800,2300,4300,12000,24000,28000,37000,41000,45000,57484,13,300,2110.880771362475,34.96729999460513,44584.39409999846,4140.271606012107
1781269500,500,,Aggregated,102.400000,0.000000,300,990,1800,2300,4300,12000,24000,28000,37000,41000,45000,57662,13,300,2121.30289711596,34.96729999460513,44584.39409999846,4141.625229787382
1781269501,500,,Aggregated,106.200000,0.000000,290,980,1800,2300,4300,12000,24000,28000,37000,41000,45000,57871,13,290,2123.3925366988724,34.96729999460513,44584.39409999846,4141.882307200498
1781269502,500,,Aggregated,115.600000,0.000000,290,980,1800,2300,4300,12000,24000,28000,37000,41000,45000,58088,13,290,2127.507041037745,34.96729999460513,44584.39409999846,4142.16172014874
1781269503,500,,Aggregated,125.400000,0.000000,290,980,1800,2300,4300,12000,24000,28000,37000,41000,45000,58336,13,290,2128.032808101354,34.96729999460513,44584.39409999846,4142.183163055403
1781269504,500,,Aggregated,134.900000,0.000000,290,960,1800,2300,4300,12000,24000,28000,37000,41000,45000,58572,13,290,2119.857609217725,34.96729999460513,44584.39409999846,4139.6547326367545
1781269505,500,,Aggregated,149.000000,0.000000,280,950,1800,2300,4300,12000,24000,28000,37000,41000,45000,58802,13,280,2112.0346107411424,34.96729999460513,44584.39409999846,4139.01824767865
1781269506,500,,Aggregated,163.300000,0.000000,280,940,1800,2300,4300,12000,24000,28000,37000,41000,45000,59075,13,280,2102.9397616267556,34.96729999460513,44584.39409999846,4138.890105797715
1781269507,500,,Aggregated,177.100000,0.000000,270,930,1700,2300,4300,12000,24000,28000,37000,41000,45000,59301,13,270,2095.222433844295,34.96729999460513,44584.39409999846,4138.329572857118
1781269508,500,,Aggregated,187.800000,0.000000,270,920,1700,2300,4300,12000,24000,28000,37000,41000,45000,59540,13,270,2087.2986630634973,34.96729999460513,44584.39409999846,4137.578031575412
1781269509,500,,Aggregated,202.600000,0.000000,270,910,1700,2300,4300,12000,24000,28000,37000,41000,45000,59774,13,270,2079.512608752984,34.96729999460513,44584.39409999846,4136.54011777696
1781269510,500,,Aggregated,207.800000,0.000000,260,900,1700,2300,4200,11000,24000,28000,37000,40000,45000,60017,13,260,2071.361555490959,34.96729999460513,44584.39409999846,4135.348651215489
1781269511,500,,Aggregated,222.700000,0.000000,260,890,1700,2300,4200,11000,23000,28000,37000,40000,45000,60254,13,260,2063.565397001046,34.96729999460513,44584.39409999846,4135.116788926876
1781269512,500,,Aggregated,227.600000,0.000000,260,870,1700,2300,4200,11000,23000,28000,37000,40000,45000,60526,13,260,2054.6242046393463,34.96729999460513,44584.39409999846,4134.981627730232
1781269513,500,,Aggregated,234.300000,0.000000,250,860,1700,2200,4200,11000,23000,28000,37000,40000,45000,60755,13,250,2047.2203605645814,34.96729999460513,44584.39409999846,4134.5839025594605
1781269514,500,,Aggregated,237.100000,0.000000,250,850,1700,2200,4200,11000,23000,28000,37000,40000,45000,60979,13,250,2040.0314241017586,34.96729999460513,44584.39409999846,4136.504386756096
1781269515,500,,Aggregated,240.600000,0.000000,240,830,1700,2200,4200,11000,23000,28000,37000,40000,45000,61224,13,240,2032.164107531377,34.96729999460513,44584.39409999846,4136.095207761662
1781269516,500,,Aggregated,238.400000,0.000000,240,820,1700,2200,4100,11000,23000,28000,37000,40000,45000,61484,13,240,2023.88303591993,34.96729999460513,44584.39409999846,4136.159260945938
1781269517,500,,Aggregated,238.300000,0.000000,240,810,1700,2200,4100,11000,23000,28000,37000,40000,45000,61716,13,240,2016.5859525682333,34.96729999460513,44584.39409999846,4137.285015231058
1781269518,500,,Aggregated,238.800000,0.000000,230,800,1600,2200,4100,11000,23000,28000,37000,40000,45000,61958,13,230,2008.9774695794113,34.96729999460513,44584.39409999846,4137.811501339617
1781269519,500,,Aggregated,238.300000,0.000000,230,790,1600,2200,4100,11000,23000,28000,37000,40000,45000,62190,13,230,2001.8116495867687,34.96729999460513,44584.39409999846,4137.650956745458
1781269520,500,,Aggregated,241.700000,0.000000,230,780,1600,2200,4100,11000,23000,28000,37000,40000,45000,62434,13,230,1994.2656081766527,34.96729999460513,44584.39409999846,4138.226911618669
1781269521,500,,Aggregated,239.800000,0.000000,230,770,1600,2200,4100,11000,23000,28000,37000,40000,45000,62675,13,230,1986.8813290243504,34.96729999460513,44584.39409999846,4137.162074192262
1781269522,500,,Aggregated,240.100000,0.000000,220,760,1600,2100,4100,10000,23000,28000,37000,40000,45000,62906,13,220,1980.176791822738,34.96729999460513,44584.39409999846,4136.789972339681
1781269524,500,,Aggregated,240.500000,0.000000,220,750,1600,2100,4100,10000,23000,28000,37000,40000,45000,63133,13,220,1973.6970086436752,34.96729999460513,44584.39409999846,4137.9892924461055
1781269525,500,,Aggregated,236.000000,0.000000,220,750,1600,2100,4000,10000,23000,28000,37000,40000,45000,63339,13,220,1968.0251726140461,34.96729999460513,44584.39409999846,4138.766873490266
1781269526,500,,Aggregated,236.500000,0.000000,220,740,1600,2100,4000,10000,23000,28000,37000,40000,45000,63569,13,220,1961.8282368072669,34.96729999460513,44584.39409999846,4137.904403089557
1781269527,500,,Aggregated,233.700000,0.000000,220,730,1600,2100,4000,10000,23000,28000,37000,40000,45000,63795,13,220,1955.7745406850222,34.96729999460513,44584.39409999846,4137.128740496904
1781269528,500,,Aggregated,233.200000,0.000000,220,730,1600,2100,4000,10000,23000,28000,37000,40000,45000,64026,13,220,1949.4808843501226,34.96729999460513,44584.39409999846,4138.139615156343
1781269529,500,,Aggregated,230.000000,0.000000,220,720,1500,2100,4000,9900,23000,28000,37000,40000,45000,64231,13,220,1944.140162114883,34.96729999460513,44584.39409999846,4137.896327318585
1781269530,500,,Aggregated,230.200000,0.000000,220,720,1500,2100,4000,9900,23000,28000,37000,40000,45000,64399,13,220,1940.083609823149,34.96729999460513,44584.39409999846,4139.660538207115
1781269531,500,,Aggregated,225.100000,0.000000,220,710,1500,2100,4000,9700,23000,28000,37000,40000,45000,64661,13,220,1934.04450552885,34.96729999460513,44584.39409999846,4139.668347226303
1781269532,500,,Aggregated,219.700000,0.000000,220,710,1500,2100,4000,9700,23000,28000,37000,40000,45000,64868,13,220,1928.917149987683,34.96729999460513,44584.39409999846,4138.704692606524
1781269533,500,,Aggregated,219.700000,0.000000,220,700,1500,2100,4000,9600,23000,28000,37000,40000,45000,65084,13,220,1923.4046398608114,34.96729999460513,44584.39409999846,4138.500937250323
1781269534,500,,Aggregated,217.200000,0.000000,210,700,1500,2100,3900,9500,23000,28000,37000,40000,45000,65332,13,210,1916.8972060001374,34.96729999460513,44584.39409999846,4137.653186799731
1781269535,500,,Aggregated,217.600000,0.000000,210,690,1500,2000,3900,9400,23000,28000,37000,40000,45000,65564,13,210,1910.9833575956466,34.96729999460513,44584.39409999846,4136.993777072784
1781269536,500,,Aggregated,217.900000,0.000000,210,680,1500,2000,3900,9400,23000,28000,37000,40000,45000,65797,13,210,1904.7290399638425,34.96729999460513,44584.39409999846,4137.903187075399
1781269537,500,,Aggregated,221.100000,0.000000,210,680,1500,2000,3900,9400,22000,28000,37000,40000,45000,66038,13,210,1898.242158969094,34.96729999460513,44584.39409999846,4138.705018322784
1781269538,500,,Aggregated,220.800000,0.000000,210,670,1500,2000,3900,9300,22000,28000,37000,40000,45000,66272,13,210,1892.0784395310402,34.96729999460513,44584.39409999846,4138.928567117335
1781269539,500,,Aggregated,223.000000,0.000000,210,660,1500,2000,3900,9200,22000,28000,37000,40000,45000,66495,13,210,1886.056723248381,34.96729999460513,44584.39409999846,4140.146823069404
1781269540,500,,Aggregated,221.900000,0.000000,200,650,1400,2000,3900,9100,22000,28000,37000,40000,45000,66736,13,200,1879.6800991608889,34.96729999460513,44584.39409999846,4139.836564972428
1781269541,500,,Aggregated,224.900000,0.000000,200,640,1400,2000,3900,9000,22000,28000,37000,40000,45000,66985,13,200,1873.0510941673665,34.96729999460513,44584.39409999846,4139.468492946182
1781269542,500,,Aggregated,229.600000,0.000000,200,640,1400,2000,3900,8900,22000,27000,37000,40000,45000,67227,13,200,1866.6490851666908,34.96729999460513,44584.39409999846,4138.989364392283
1781269543,500,,Aggregated,231.400000,0.000000,200,630,1400,2000,3900,8800,22000,27000,37000,40000,45000,67455,13,200,1860.7088869661418,34.96729999460513,44584.39409999846,4138.054910681195
1781269544,500,,Aggregated,234.100000,0.000000,200,620,1400,2000,3800,8700,22000,27000,37000,40000,45000,67706,13,200,1854.243370001198,34.96729999460513,44584.39409999846,4138.533423921071
1781269545,500,,Aggregated,232.700000,0.000000,200,620,1400,2000,3800,8700,22000,27000,37000,40000,45000,67918,13,200,1848.9034460231612,34.96729999460513,44584.39409999846,4138.567728731706
1781269546,500,,Aggregated,235.500000,0.000000,190,610,1400,1900,3800,8500,22000,27000,37000,40000,45000,68178,13,190,1842.2854466059582,34.96729999460513,44584.39409999846,4137.404558655285
1781269547,500,,Aggregated,233.800000,0.000000,190,600,1400,1900,3800,8500,22000,27000,37000,40000,45000,68398,13,190,1836.7430485716122,34.96729999460513,44584.39409999846,4137.223339863739
1781269548,500,,Aggregated,235.600000,0.000000,190,600,1400,1900,3800,8400,22000,27000,37000,40000,45000,68662,13,190,1830.225709644359,34.96729999460513,44584.39409999846,4137.581748274155
1781269549,500,,Aggregated,233.400000,0.000000,190,590,1400,1900,3800,8300,22000,27000,37000,40000,45000,68869,13,190,1825.069089565711,34.96729999460513,44584.39409999846,4136.0712076551135
1781269550,500,,Aggregated,234.900000,0.000000,190,590,1400,1900,3800,8300,22000,27000,37000,40000,45000,69078,13,190,1820.5164735386218,34.96729999460513,44584.39409999846,4135.354628101566
1781269552,500,,Aggregated,236.500000,0.000000,190,590,1300,1900,3800,8300,22000,27000,37000,40000,45000,69206,13,190,1818.5506823613691,34.96729999460513,44584.39409999846,4134.230283501431
1781269553,500,,Aggregated,212.800000,0.000000,190,600,1400,1900,3800,8200,22000,27000,37000,40000,45000,69402,13,190,1817.7790312383058,34.96729999460513,44584.39409999846,4133.085804443676
1781269554,500,,Aggregated,201.800000,0.000000,200,610,1400,1900,3800,8200,22000,27000,37000,40000,45000,69708,13,200,1815.165369169981,34.96729999460513,44584.39409999846,4131.864936592644
1781269556,500,,Aggregated,179.600000,0.000000,200,610,1400,1900,3800,8100,22000,27000,37000,40000,45000,69929,13,200,1809.9104933918848,34.96729999460513,44584.39409999846,4130.640950106536
1781269557,500,,Aggregated,179.600000,0.000000,190,600,1300,1900,3700,8100,22000,27000,37000,40000,45000,70177,13,190,1803.8954961155528,34.96729999460513,44584.39409999846,4129.784359548
1781269558,500,,Aggregated,179.600000,0.000000,190,600,1300,1900,3700,8000,22000,27000,37000,40000,45000,70411,13,190,1798.1580320177409,34.96729999460513,44584.39409999846,4130.026501540952
1781269559,500,,Aggregated,182.600000,0.000000,190,590,1300,1900,3700,7900,22000,27000,37000,40000,45000,70650,13,190,1792.4422988464453,34.96729999460513,44584.39409999846,4129.595711252654
1781269560,500,,Aggregated,181.900000,0.000000,190,590,1300,1900,3700,7900,22000,27000,37000,40000,45000,70905,13,190,1786.2585244524557,34.96729999460513,44584.39409999846,4130.049361822156
1781269561,500,,Aggregated,180.900000,0.000000,190,580,1300,1900,3700,7800,22000,27000,37000,40000,45000,71144,13,190,1780.6833896913495,34.96729999460513,44584.39409999846,4130.193986843585
1781269562,500,,Aggregated,188.400000,0.000000,190,580,1300,1900,3700,7700,22000,27000,37000,40000,45000,71355,13,190,1775.8943044608134,34.96729999460513,44584.39409999846,4129.1653002592675
1781269563,500,,Aggregated,205.100000,0.000000,190,570,1300,1800,3700,7600,22000,27000,37000,40000,45000,71602,13,190,1770.2092513072441,34.96729999460513,44584.39409999846,4128.518700594956
1781269564,500,,Aggregated,213.300000,0.000000,190,570,1300,1800,3700,7600,22000,27000,37000,40000,45000,71814,13,190,1765.3158395911837,34.96729999460513,44584.39409999846,4127.66428551536
1781269565,500,,Aggregated,227.700000,0.000000,180,560,1300,1800,3700,7500,22000,27000,37000,40000,45000,72076,13,180,1759.1968070966946,34.96729999460513,44584.39409999846,4128.17713247128
1781269566,500,,Aggregated,233.800000,0.000000,180,560,1300,1800,3700,7400,22000,27000,37000,40000,45000,72302,13,180,1754.0219667173974,34.96729999460513,44584.39409999846,4127.528726729551
1781269567,500,,Aggregated,233.800000,0.000000,180,550,1300,1800,3700,7400,22000,27000,37000,40000,45000,72548,13,180,1748.381177697543,34.96729999460513,44584.39409999846,4126.818520152176
1781269568,500,,Aggregated,232.700000,0.000000,180,550,1300,1800,3700,7300,22000,27000,37000,40000,45000,72791,13,180,1742.8440896443424,34.96729999460513,44584.39409999846,4127.487725130854
1781269569,500,,Aggregated,234.000000,0.000000,180,540,1300,1800,3700,7300,22000,27000,37000,40000,45000,73027,13,180,1737.4715679255814,34.96729999460513,44584.39409999846,4128.083161022635
1781269570,500,,Aggregated,233.600000,0.000000,180,540,1300,1800,3600,7300,22000,27000,37000,40000,45000,73236,13,180,1733.1163905128833,34.96729999460513,44584.39409999846,4128.720861325031
1781269571,500,,Aggregated,235.600000,0.000000,180,530,1200,1800,3600,7200,22000,27000,37000,40000,45000,73557,13,180,1726.3695314626964,34.96729999460513,44584.39409999846,4127.164226382261
1781269572,500,,Aggregated,230.300000,0.000000,180,530,1200,1800,3600,7200,22000,27000,37000,40000,45000,73762,13,180,1721.8138747390472,34.96729999460513,44584.39409999846,4126.559746210786
1781269573,500,,Aggregated,228.700000,0.000000,180,530,1200,1800,3600,7200,22000,27000,37000,40000,45000,73984,13,180,1716.9014036697345,34.96729999460513,44584.39409999846,4126.400235185986
1781269574,500,,Aggregated,231.500000,0.000000,170,520,1200,1800,3600,7100,22000,27000,37000,40000,45000,74258,13,170,1711.23454659837,34.96729999460513,44584.39409999846,4125.776508928331
1781269575,500,,Aggregated,231.000000,0.000000,170,520,1200,1800,3600,7100,22000,27000,37000,40000,45000,74504,13,170,1705.9001369564296,34.96729999460513,44584.39409999846,4126.992805755395
1781269576,500,,Aggregated,231.300000,0.000000,170,520,1200,1700,3600,7100,22000,27000,37000,40000,45000,74638,13,170,1703.4261352220296,34.96729999460513,44584.39409999846,4126.461614727083
1781269578,500,,Aggregated,228.300000,0.000000,180,520,1200,1700,3600,7100,21000,27000,37000,40000,45000,74827,13,180,1701.2723395846672,34.96729999460513,44584.39409999846,4126.053630374063
1781269580,500,,Aggregated,202.000000,0.000000,180,530,1200,1800,3600,7000,21000,27000,37000,40000,45000,75022,13,180,1701.8634565021175,34.96729999460513,44584.39409999846,4127.272720002133
1781269581,500,,Aggregated,182.900000,0.000000,180,530,1200,1700,3600,7000,21000,27000,37000,40000,45000,75339,13,180,1697.1937053080323,34.96729999460513,44584.39409999846,4127.676210196578
1781269582,500,,Aggregated,173.400000,0.000000,180,530,1200,1700,3600,7000,21000,27000,37000,40000,45000,75517,13,180,1693.5903310566073,34.96729999460513,44584.39409999846,4127.764397420448
1781269583,500,,Aggregated,191.000000,0.000000,180,520,1200,1700,3600,6900,21000,27000,37000,40000,45000,75859,13,180,1686.6052871432762,34.96729999460513,44584.39409999846,4127.857459233578
1781269584,500,,Aggregated,177.800000,0.000000,180,520,1200,1700,3600,6900,21000,27000,37000,40000,45000,76000,13,180,1683.6141035644976,34.96729999460513,44584.39409999846,4128.5521052631575
1781269585,500,,Aggregated,186.400000,0.000000,180,520,1200,1700,3500,6800,21000,27000,37000,40000,45000,76292,13,180,1677.6775033411338,34.96729999460513,44584.39409999846,4127.663949037907
1781269588,500,,Aggregated,179.000000,0.000000,180,520,1200,1700,3500,6800,21000,27000,37000,40000,45000,76456,13,180,1675.9004048420236,34.96729999460513,44584.39409999846,4126.76106518782
1781269589,500,,Aggregated,173.300000,0.000000,180,530,1200,1700,3500,6800,21000,27000,37000,40000,45000,76676,13,180,1675.500551760679,34.96729999460513,44584.39409999846,4126.464408680682
1781269590,500,,Aggregated,165.400000,0.000000,180,530,1200,1700,3500,6700,21000,27000,37000,40000,45000,76976,13,180,1672.8930068722957,34.96729999460513,44584.39409999846,4127.613372999376
1781269591,500,,Aggregated,162.900000,0.000000,180,530,1200,1700,3500,6700,21000,27000,37000,40000,45000,77186,13,180,1668.5560215129924,34.96729999460513,44584.39409999846,4126.813269245718
1781269593,500,,Aggregated,167.800000,0.000000,180,530,1200,1700,3500,6700,21000,27000,37000,40000,45000,77333,13,180,1665.9391605873525,34.96729999460513,44584.39409999846,4127.09633662214
1781269594,500,,Aggregated,179.200000,0.000000,180,530,1200,1700,3500,6600,21000,27000,37000,40000,45000,77691,13,180,1659.829416902883,34.96729999460513,44584.39409999846,4127.518206742094
1781269595,500,,Aggregated,154.500000,0.000000,180,520,1200,1700,3500,6600,21000,27000,37000,40000,45000,77867,13,180,1656.2983392156095,34.96729999460513,44584.39409999846,4126.8196797102755
1781269596,500,,Aggregated,170.800000,0.000000,180,520,1200,1700,3500,6500,21000,27000,37000,40000,45000,78098,13,180,1651.6503869113412,34.96729999460513,44584.39409999846,4127.811723731722
1781269597,500,,Aggregated,164.100000,0.000000,180,520,1200,1700,3500,6500,21000,27000,37000,40000,45000,78350,13,180,1646.6391082693294,34.96729999460513,44584.39409999846,4127.647045309509
1781269598,500,,Aggregated,175.200000,0.000000,180,510,1200,1700,3500,6500,21000,27000,37000,40000,45000,78583,13,180,1642.2280147513056,34.96729999460513,44584.39409999846,4126.641805479557
1781269599,500,,Aggregated,190.200000,0.000000,170,510,1200,1700,3500,6400,21000,27000,37000,40000,45000,78826,13,170,1637.6556289041914,34.96729999460513,44584.39409999846,4126.623131961535
1781269600,500,,Aggregated,213.700000,0.000000,170,510,1200,1700,3500,6400,21000,27000,37000,40000,45000,79034,13,170,1633.6124487094403,34.96729999460513,44584.39409999846,4126.956803401068
1781269601,500,,Aggregated,232.500000,0.000000,170,500,1200,1700,3400,6400,21000,27000,37000,40000,45000,79317,13,170,1628.447749863231,34.96729999460513,44584.39409999846,4127.542040167934
1781269602,500,,Aggregated,226.200000,0.000000,170,500,1200,1600,3400,6300,21000,26000,37000,40000,45000,79541,13,170,1624.1364748079839,34.96729999460513,44584.39409999846,4127.321004261953
1781269603,500,,Aggregated,221.500000,0.000000,170,490,1100,1600,3400,6300,21000,26000,37000,40000,45000,79791,13,170,1619.2873447807635,34.96729999460513,44584.39409999846,4127.343171535636
1781269604,500,,Aggregated,225.200000,0.000000,170,490,1100,1600,3400,6300,21000,26000,37000,40000,45000,80043,13,170,1614.4249034694094,34.96729999460513,44584.39409999846,4128.204452606724
1781269605,500,,Aggregated,240.200000,0.000000,170,490,1100,1600,3400,6300,21000,26000,37000,40000,45000,80287,13,170,1609.759151583717,34.96729999460513,44584.39409999846,4127.662261636379
1781269606,500,,Aggregated,229.500000,0.000000,170,480,1100,1600,3400,6300,21000,26000,37000,40000,45000,80523,13,170,1605.2402696608647,34.96729999460513,44584.39409999846,4127.351166747389
1781269607,500,,Aggregated,235.400000,0.000000,170,480,1100,1600,3400,6200,21000,26000,37000,40000,45000,80746,13,170,1601.0355811928985,34.96729999460513,44584.39409999846,4127.048931216407
1781269608,500,,Aggregated,234.800000,0.000000,170,470,1100,1600,3400,6200,21000,26000,37000,40000,45000,81021,13,170,1595.8582949939118,34.96729999460513,44584.39409999846,4126.819627010282
1781269609,500,,Aggregated,234.300000,0.000000,160,470,1100,1600,3400,6200,21000,26000,37000,40000,45000,81244,13,160,1591.7342631800707,34.96729999460513,44584.39409999846,4127.177403869824
